tick,node_id,Helmet_ID,Temp_C,Humidity_Percent,CH4_ppm,H2S_ppm,CO_ppm,VOC_ppm,Pressure_hPa,Mud_Level_cm,Mud_Viscosity_Index,Mud_Salinity_uS_cm,Accel_Z_g,Light_lux,Impact_N,Fluid_Level_cm,node_online
0,A,HM-A104,35.001,44.131,2.221,0.0179,3.368,172.783,1012.759,13.028,7.286,1010.904,0.9853,25.483,0.545,12.778,1
0,B,HM-B210,36.823,46.292,2.886,0.0144,3.452,199.464,1013.918,14.571,7.232,937.567,1.001,25.044,1.203,12.361,1
0,C,HM-C305,34.502,38.725,2.479,0.0278,2.565,166.301,1014.13,15.564,7.587,998.629,1.0081,20.718,0.932,11.938,1
0,D,HM-D118,34.5,46.309,2.406,0.0143,4.171,177.745,1011.789,13.245,6.684,880.901,1.0247,10.721,0.808,11.937,1
0,E,HM-E441,34.344,43.015,2.692,0.0144,4.093,154.54,1013.397,16.49,6.778,936.837,0.9932,23.151,0.162,14.659,1
0,F,HM-F087,33.191,46.019,2.494,0.0142,3.366,181.643,1013.664,15.124,6.79,940.29,1.0,24.177,0.743,12.933,1
1,A,HM-A104,35.163,48.626,2.626,0.0117,3.858,170.205,1013.925,14.07,7.064,892.122,0.9998,30.84,1.161,12.028,1
1,B,HM-B210,34.605,48.853,2.64,0.019,3.668,180.926,1013.92,15.582,7.243,960.817,0.9618,28.854,0.679,13.27,1
1,C,HM-C305,35.423,47.998,2.721,0.0159,3.785,164.702,1012.598,16.91,6.44,982.876,1.0204,22.796,0.323,12.298,1
1,D,HM-D118,33.904,52.204,2.43,0.0261,3.471,161.721,1012.421,14.123,7.628,987.866,1.0395,18.917,0.758,11.679,1
1,E,HM-E441,36.559,43.361,2.74,0.0188,3.064,184.568,1012.209,14.966,6.973,981.964,1.0037,18.547,0.82,11.808,1
1,F,HM-F087,36.065,48.712,2.755,0.0214,3.244,186.603,1013.707,13.345,7.357,940.881,1.0079,19.802,1.194,10.372,1
2,A,HM-A104,36.107,41.41,2.243,0.0117,4.215,208.35,1012.224,13.029,6.781,963.134,0.9453,18.82,0.76,11.853,1
2,B,HM-B210,35.385,46.063,2.586,0.0156,3.434,190.505,1012.549,15.397,6.188,965.064,1.0281,21.164,0.602,13.177,1
2,C,HM-C305,34.879,41.902,2.709,0.0146,3.085,164.539,1012.263,15.286,7.426,991.894,0.9753,33.49,0.726,12.577,1
2,D,HM-D118,34.859,41.126,2.381,0.018,3.958,170.227,1012.742,13.461,7.004,922.352,1.0469,18.481,1.481,11.38,1
2,E,HM-E441,35.481,38.148,2.673,0.0245,3.931,204.737,1014.585,14.582,7.574,957.384,0.9677,27.099,0.554,10.897,1
2,F,HM-F087,34.467,47.808,2.545,0.0179,3.795,167.801,1012.718,16.28,6.568,975.389,0.9745,26.777,0.498,12.913,1
3,A,HM-A104,36.469,44.989,2.764,0.0141,3.88,185.488,1012.877,13.733,7.997,1028.854,0.9329,18.968,0.672,13.104,1
3,B,HM-B210,34.876,44.543,2.175,0.0169,3.63,170.683,1014.755,15.194,7.212,955.549,1.0036,22.124,1.201,13.059,1
3,C,HM-C305,34.441,47.264,2.491,0.0187,4.206,191.148,1013.029,14.307,6.672,916.963,0.9883,25.241,1.232,13.424,1
3,D,HM-D118,33.828,45.425,2.328,0.0199,3.622,161.006,1013.164,14.513,7.27,972.528,1.0138,35.306,0.642,12.44,1
3,E,HM-E441,35.052,44.093,2.9,0.0222,3.281,164.444,1014.032,14.303,6.15,902.996,1.0271,25.826,0.682,11.962,1
3,F,HM-F087,35.076,44.384,2.375,0.0192,3.438,154.442,1012.616,15.016,7.767,902.566,1.0089,40.051,0.836,11.478,1
4,A,HM-A104,34.848,46.781,2.152,0.0184,3.508,172.144,1013.048,11.629,7.258,982.614,0.98,32.99,1.089,11.209,1
4,B,HM-B210,35.614,44.195,2.734,0.0118,3.278,178.821,1013.726,13.934,7.166,930.948,0.9494,16.498,1.479,13.403,1
4,C,HM-C305,33.933,45.458,2.239,0.0191,3.914,184.791,1013.357,11.81,7.243,954.825,0.9961,22.477,0.813,12.638,1
4,D,HM-D118,35.53,45.081,2.45,0.0157,3.645,204.109,1011.734,11.697,7.298,929.53,1.0223,29.809,1.173,11.761,1
4,E,HM-E441,34.85,46.274,2.407,0.0089,3.97,175.296,1012.63,13.816,7.313,965.299,0.982,16.172,1.131,12.692,1
4,F,HM-F087,35.15,44.798,2.731,0.0099,3.589,179.179,1013.934,12.316,7.442,903.293,1.0148,23.5,1.235,11.535,1
5,A,HM-A104,35.613,44.443,2.615,0.0202,3.401,193.45,1011.988,12.764,6.92,931.375,0.9437,26.337,1.071,11.321,1
5,B,HM-B210,35.83,46.227,2.094,0.0175,3.253,188.894,1012.695,17.392,6.456,969.975,0.9569,14.106,1.451,11.776,1
5,C,HM-C305,34.589,41.061,2.195,0.0214,3.45,200.991,1014.409,16.905,7.374,965.38,0.9874,27.217,0.752,11.939,1
5,D,HM-D118,37.231,48.145,2.32,0.0235,3.388,180.866,1013.577,17.27,6.577,893.709,0.9719,22.495,1.134,11.487,1
5,E,HM-E441,36.186,41.708,2.985,0.0136,3.648,211.727,1012.978,14.453,6.655,1011.539,1.0302,21.745,1.428,11.601,1
5,F,HM-F087,34.882,44.475,2.346,0.0175,3.385,189.441,1012.76,10.224,7.006,923.369,0.995,18.947,1.213,13.073,1
6,A,HM-A104,34.294,44.813,2.893,0.0212,3.493,173.499,1013.761,13.975,7.605,978.972,0.9147,26.956,0.987,14.762,1
6,B,HM-B210,35.403,46.155,2.609,0.0282,3.631,141.03,1013.704,13.984,6.631,911.009,0.9985,23.159,0.992,12.501,1
6,C,HM-C305,36.522,49.702,2.394,0.0161,3.507,141.022,1013.033,12.035,6.994,956.591,0.9641,19.825,1.366,12.534,1
6,D,HM-D118,34.821,47.265,2.288,0.0173,3.565,169.463,1012.939,14.738,6.511,976.813,1.0164,27.631,0.375,12.006,1
6,E,HM-E441,36.002,38.04,2.242,0.0132,2.992,170.408,1013.103,14.927,6.867,1012.451,1.0467,19.732,1.014,10.789,1
6,F,HM-F087,35.201,50.625,2.409,0.0171,4.023,162.601,1010.483,12.139,6.169,907.386,0.9465,31.042,0.716,10.934,1
7,A,HM-A104,34.224,48.636,2.498,0.0242,3.786,178.59,1012.328,12.206,8.055,929.827,1.021,27.571,1.595,12.534,1
7,B,HM-B210,35.848,49.613,1.847,0.0162,3.465,202.635,1013.703,13.139,7.327,1004.474,0.9786,31.498,0.838,11.048,1
7,C,HM-C305,32.977,46.569,2.456,0.0251,2.929,189.603,1013.918,14.531,7.099,980.661,1.0074,24.5,0.794,11.886,1
7,D,HM-D118,36.522,38.483,2.688,0.0251,3.676,194.698,1011.982,15.084,8.096,914.007,1.0471,24.185,1.409,11.429,1
7,E,HM-E441,34.28,45.405,2.364,0.0134,2.979,197.728,1012.071,11.883,6.87,976.489,1.0581,22.759,1.611,13.68,1
7,F,HM-F087,36.039,45.968,2.273,0.0165,4.081,172.857,1014.076,13.862,7.075,889.451,0.9641,21.329,0.905,10.636,1
8,A,HM-A104,35.162,49.995,2.198,0.0112,3.53,190.708,1013.227,13.794,7.148,913.327,0.9871,19.078,0.832,11.961,1
8,B,HM-B210,35.877,46.608,2.437,0.0194,3.229,177.011,1010.091,16.214,7.268,974.388,0.9569,27.016,0.525,12.313,1
8,C,HM-C305,35.092,43.465,2.625,0.0178,3.396,174.027,1011.662,12.471,7.101,1002.798,0.9985,24.369,0.749,11.76,1
8,D,HM-D118,35.564,47.881,2.865,0.0183,3.938,173.12,1013.698,13.717,7.037,989.514,1.0475,25.507,0.458,10.102,1
8,E,HM-E441,35.984,49.551,2.846,0.0202,3.77,171.521,1011.838,12.804,6.834,959.195,0.9919,24.707,1.166,13.777,1
8,F,HM-F087,34.098,50.593,2.692,0.0172,3.043,192.668,1011.952,15.4,6.791,1016.46,1.0501,17.433,0.605,12.227,1
9,A,HM-A104,33.887,47.92,2.792,0.0229,3.179,183.654,1013.989,16.421,6.209,954.443,1.0163,31.8,1.009,12.882,1
9,B,HM-B210,36.452,42.299,2.604,0.0151,3.716,173.069,1013.098,12.798,6.745,928.77,1.0101,21.955,1.206,11.719,1
9,C,HM-C305,35.386,43.181,2.755,0.0189,3.513,173.583,1013.81,14.932,6.965,925.07,1.0373,22.998,1.13,9.913,1
9,D,HM-D118,35.36,49.489,2.875,0.0145,3.846,183.757,1011.474,15.712,6.678,954.827,0.9616,23.705,0.943,10.97,1
9,E,HM-E441,35.342,45.087,2.812,0.0224,3.618,200.053,1011.601,13.125,6.604,958.609,1.0416,20.67,1.129,13.379,1
9,F,HM-F087,35.484,47.267,2.779,0.0153,3.322,213.613,1011.539,13.299,7.768,900.582,0.9489,18.837,1.646,10.429,1
10,A,HM-A104,35.188,46.948,2.572,0.016,3.683,193.488,1013.057,12.615,7.742,942.44,0.9675,33.614,0.823,10.429,1
10,B,HM-B210,34.31,43.068,2.483,0.0169,3.457,190.044,1012.67,12.448,6.668,940.084,1.0215,25.805,1.062,11.084,1
10,C,HM-C305,33.533,45.24,2.493,0.017,3.886,181.723,1013.061,14.762,7.177,953.466,1.0187,29.017,0.866,12.52,1
10,D,HM-D118,34.429,47.107,2.35,0.0142,3.081,178.115,1014.103,16.118,7.573,929.872,0.9668,16.553,0.858,14.128,1
10,E,HM-E441,35.996,48.122,2.353,0.0195,2.492,182.528,1012.773,16.533,6.595,1022.709,0.959,27.046,1.024,11.05,1
10,F,HM-F087,35.012,49.63,2.688,0.0203,3.69,185.591,1012.804,12.718,7.79,955.056,1.0068,20.745,0.281,10.024,1
11,A,HM-A104,34.823,39.307,2.285,0.0138,3.618,182.383,1011.718,14.251,7.252,990.086,0.9837,37.96,1.071,11.782,1
11,B,HM-B210,35.203,44.293,2.641,0.019,3.83,152.462,1011.784,12.152,6.751,915.545,0.9707,25.133,0.746,12.757,1
11,C,HM-C305,35.705,49.725,2.591,0.0215,3.469,174.179,1012.084,12.949,7.181,941.91,1.0416,30.566,1.282,11.878,1
11,D,HM-D118,34.87,40.378,2.897,0.0124,3.518,179.78,1013.686,13.407,6.763,953.572,0.9641,19.343,0.206,13.683,1
11,E,HM-E441,32.829,40.782,2.744,0.017,3.528,175.23,1013.552,15.272,7.612,901.2,0.9546,24.441,1.218,13.394,1
11,F,HM-F087,34.478,43.359,2.461,0.0178,3.15,188.556,1013.191,14.784,6.537,942.066,1.0041,11.729,0.954,13.596,1
12,A,HM-A104,34.838,48.436,2.536,0.0168,3.84,214.081,1013.457,15.749,7.372,990.132,0.957,28.893,0.995,10.933,1
12,B,HM-B210,35.002,46.06,2.797,0.0104,3.895,182.456,1011.328,12.334,6.638,954.104,0.9621,34.746,1.38,13.972,1
12,C,HM-C305,35.512,44.936,2.332,0.0152,3.722,174.069,1013.3,14.963,7.146,968.29,0.9741,21.62,1.03,11.48,1
12,D,HM-D118,35.596,41.596,2.587,0.0174,2.982,170.703,1012.55,13.62,7.463,922.879,0.9609,23.645,0.906,10.877,1
12,E,HM-E441,34.874,45.593,2.625,0.0231,3.322,180.559,1013.123,16.236,6.91,936.928,0.9781,28.696,0.765,13.046,1
12,F,HM-F087,34.337,43.496,2.138,0.0161,3.201,180.383,1012.966,14.573,7.223,948.6,0.973,18.685,0.41,11.637,1
13,A,HM-A104,35.488,43.715,2.353,0.0215,3.812,181.391,1013.277,12.785,6.991,946.931,1.0016,23.587,1.036,12.037,1
13,B,HM-B210,34.54,42.891,2.459,0.0129,3.583,172.568,1014.008,16.658,6.693,945.521,1.0361,32.116,1.154,12.924,1
13,C,HM-C305,35.82,37.093,2.308,0.0201,3.649,210.367,1013.221,11.347,7.359,976.192,0.9897,23.87,1.159,9.704,1
13,D,HM-D118,33.418,43.294,2.592,0.0233,3.585,195.037,1013.037,16.256,6.432,976.358,1.0158,21.868,0.871,13.247,1
13,E,HM-E441,35.224,47.732,2.464,0.018,3.279,205.473,1013.784,12.955,7.444,952.545,0.9628,19.823,1.581,12.535,1
13,F,HM-F087,36.011,47.434,2.572,0.0182,3.576,153.478,1013.572,16.116,7.673,930.594,0.9986,28.931,0.293,10.516,1
14,A,HM-A104,34.97,42.887,2.304,0.0118,3.689,188.968,1012.765,16.157,6.872,964.123,0.9304,20.096,0.501,11.194,1
14,B,HM-B210,34.791,46.165,2.304,0.0195,2.987,176.402,1011.112,13.405,7.545,959.786,0.9752,39.246,0.422,11.719,1
14,C,HM-C305,34.448,46.001,2.917,0.0127,3.622,178.913,1011.195,16.393,7.505,997.543,0.9588,22.01,0.731,12.582,1
14,D,HM-D118,34.788,45.935,2.421,0.0196,3.848,186.581,1014.397,15.45,6.844,894.164,1.0238,27.135,1.143,13.07,1
14,E,HM-E441,35.225,41.66,2.669,0.0195,3.723,202.886,1014.131,13.969,7.178,1019.135,1.0605,21.597,1.427,11.727,1
14,F,HM-F087,34.884,38.992,2.852,0.0167,3.189,168.09,1012.122,14.459,6.773,923.57,1.0484,28.922,0.575,13.051,1
15,A,HM-A104,34.092,48.622,2.315,0.0191,3.736,179.835,1013.797,13.409,6.99,953.942,0.9911,23.179,0.414,11.431,1
15,B,HM-B210,36.314,44.784,2.54,0.0169,3.262,158.69,1012.528,13.814,7.562,907.45,0.9575,20.105,0.812,12.166,1
15,C,HM-C305,34.574,47.284,2.623,0.0244,4.188,181.023,1011.98,14.202,7.846,864.585,1.0368,22.01,1.367,11.594,1
15,D,HM-D118,35.318,42.636,2.326,0.0199,3.253,177.216,1013.52,14.189,6.744,1014.626,1.0655,23.73,1.249,12.529,1
15,E,HM-E441,33.797,47.481,3.046,0.0191,2.983,184.361,1015.107,16.418,6.864,965.129,0.9562,20.645,1.184,10.776,1
15,F,HM-F087,33.606,42.144,2.479,0.0179,4.137,180.529,1011.632,13.908,7.083,868.334,0.9961,18.049,1.024,13.563,1
16,A,HM-A104,36.087,44.278,2.58,0.0141,3.513,176.889,1013.858,11.64,7.446,1000.278,1.0056,21.368,0.577,10.58,1
16,B,HM-B210,36.249,40.974,2.164,0.0222,3.627,174.457,1012.19,15.157,6.898,942.953,1.0187,22.494,0.955,11.191,1
16,C,HM-C305,35.559,40.69,2.804,0.008,3.686,187.542,1015.185,14.396,7.557,968.778,1.0199,30.015,1.125,11.408,1
16,D,HM-D118,35.445,43.956,2.46,0.019,3.877,198.835,1013.991,14.115,6.842,931.844,1.0652,30.138,0.969,12.455,1
16,E,HM-E441,34.409,48.323,2.234,0.0218,3.754,190.385,1013.35,13.555,6.629,946.115,0.966,19.303,1.053,11.622,1
16,F,HM-F087,33.531,43.296,2.526,0.017,3.753,151.64,1013.302,12.388,6.794,927.138,0.9758,37.173,0.764,10.428,1
17,A,HM-A104,35.637,42.382,2.198,0.0155,3.735,155.656,1014.951,15.993,6.963,946.099,0.9795,20.207,0.335,11.395,1
17,B,HM-B210,35.38,46.657,2.792,0.017,3.8,155.301,1012.408,12.738,6.561,899.292,0.965,20.519,0.0,12.216,1
17,C,HM-C305,35.062,42.145,2.355,0.0215,3.494,231.392,1014.16,15.004,7.129,967.078,0.9679,28.871,0.954,11.931,1
17,D,HM-D118,34.792,42.22,2.675,0.0184,3.611,190.518,1013.343,12.18,6.97,962.697,0.9513,18.673,1.494,12.818,1
17,E,HM-E441,35.025,44.767,2.391,0.0228,3.277,184.199,1013.4,12.602,7.648,883.567,0.9637,29.359,0.901,11.161,1
17,F,HM-F087,34.289,45.783,2.506,0.0193,3.805,147.279,1014.227,9.888,6.385,994.019,0.9776,31.964,0.908,12.385,1
18,A,HM-A104,35.423,44.824,2.143,0.0136,3.333,134.31,1013.862,13.524,6.874,946.912,0.9869,11.495,1.061,11.427,1
18,B,HM-B210,33.523,51.38,2.683,0.0165,3.596,201.46,1012.465,15.65,6.606,946.407,0.9682,18.232,0.477,12.992,1
18,C,HM-C305,35.832,43.084,2.876,0.0133,2.817,156.652,1013.901,13.899,7.275,918.156,0.9697,25.037,0.588,13.093,1
18,D,HM-D118,33.812,46.284,1.807,0.0256,3.384,189.006,1014.822,13.9,6.88,935.427,0.9828,24.448,0.888,11.895,1
18,E,HM-E441,34.073,52.311,2.476,0.0197,3.834,162.513,1013.091,14.034,8.127,935.431,1.0078,34.829,1.088,14.342,1
18,F,HM-F087,33.87,51.212,2.454,0.0218,3.317,184.609,1013.501,15.777,6.715,958.206,0.9614,23.864,1.098,9.706,1
19,A,HM-A104,35.964,43.775,2.642,0.0118,3.446,179.98,1012.895,13.75,6.489,962.95,1.0099,30.691,0.575,11.808,1
19,B,HM-B210,34.919,43.636,2.378,0.0135,3.736,214.348,1012.082,15.267,6.871,987.046,1.0135,24.488,1.264,12.123,1
19,C,HM-C305,34.689,45.566,2.299,0.016,3.155,176.292,1012.428,16.071,6.92,933.643,0.949,18.173,0.782,11.285,1
19,D,HM-D118,34.236,47.609,2.264,0.015,3.922,197.536,1014.093,13.895,6.084,928.025,0.9753,25.762,0.934,12.353,1
19,E,HM-E441,34.392,40.57,2.185,0.0229,3.283,150.637,1011.802,15.318,7.095,958.837,1.0481,18.862,0.798,12.6,1
19,F,HM-F087,33.784,44.824,2.553,0.0187,3.456,194.62,1012.788,14.391,7.355,966.401,0.9436,23.559,1.321,11.913,1
20,A,HM-A104,34.385,43.32,2.736,0.018,3.538,162.954,1015.244,15.74,7.546,1002.261,1.0314,19.56,1.116,10.933,1
20,B,HM-B210,36.445,46.862,2.585,0.0206,3.451,191.387,1012.51,15.103,6.695,962.048,0.9931,25.591,1.077,13.408,1
20,C,HM-C305,35.034,46.787,2.619,0.0186,3.499,166.583,1013.264,15.315,6.877,931.647,0.9481,19.518,0.732,11.259,1
20,D,HM-D118,35.654,44.5,2.325,0.011,3.614,170.554,1014.271,15.949,7.056,968.693,1.0147,19.802,0.805,12.524,1
20,E,HM-E441,33.009,36.727,2.378,0.0241,3.835,159.947,1013.955,14.112,7.522,858.245,0.9982,19.655,0.609,12.048,1
20,F,HM-F087,35.585,45.653,2.705,0.0192,3.774,202.0,1012.088,14.923,7.558,945.177,0.9551,23.272,1.329,12.344,1
21,A,HM-A104,35.866,46.661,2.457,0.0174,3.522,175.356,1014.453,14.539,6.817,961.351,1.0043,27.906,1.051,10.777,1
21,B,HM-B210,32.742,42.299,2.866,0.0224,3.51,185.074,1014.503,12.96,6.976,894.755,0.9145,29.643,1.219,11.787,1
21,C,HM-C305,35.365,47.641,2.827,0.0183,4.09,152.995,1012.169,15.093,6.269,893.322,0.9559,22.1,0.881,11.459,1
21,D,HM-D118,35.852,48.802,2.258,0.0202,3.304,175.762,1013.548,13.198,6.884,960.425,1.0251,14.51,0.971,11.612,1
21,E,HM-E441,35.119,46.179,2.572,0.0202,2.821,166.9,1011.877,16.465,6.615,969.651,1.0071,22.701,1.807,11.175,1
21,F,HM-F087,33.661,44.15,2.418,0.0158,3.012,167.734,1013.267,11.566,7.845,962.975,1.0019,24.631,1.439,12.653,1
22,A,HM-A104,35.12,44.004,2.17,0.0155,3.098,199.419,1013.637,15.232,7.024,941.726,0.9578,25.081,0.811,11.67,1
22,B,HM-B210,35.288,39.908,2.561,0.0165,3.349,172.245,1010.827,15.694,7.317,1000.904,0.9803,19.257,0.765,8.965,1
22,C,HM-C305,35.247,43.284,2.747,0.0249,3.809,173.775,1012.995,12.539,5.934,916.125,0.9921,21.144,0.952,11.531,1
22,D,HM-D118,34.684,41.996,2.099,0.0169,3.355,193.55,1014.228,12.593,7.029,1025.658,1.0471,21.055,0.94,12.281,1
22,E,HM-E441,37.304,45.264,2.718,0.02,4.617,177.837,1014.312,12.82,6.927,958.359,0.973,17.437,1.255,12.585,1
22,F,HM-F087,36.04,41.345,2.36,0.019,3.195,190.546,1012.947,15.086,7.06,943.031,1.0257,11.201,0.669,14.717,1
23,A,HM-A104,35.536,44.31,2.309,0.0182,3.957,187.109,1012.375,13.8,7.613,938.951,0.9844,35.465,1.019,11.628,1
23,B,HM-B210,37.053,40.953,2.305,0.0169,2.783,184.032,1011.635,13.471,5.969,968.076,0.9189,24.53,0.411,10.821,1
23,C,HM-C305,33.826,44.653,2.799,0.0119,3.784,197.64,1013.617,13.499,7.253,901.978,0.9577,23.903,0.361,14.302,1
23,D,HM-D118,35.689,46.104,1.973,0.0182,3.161,179.161,1013.491,10.227,6.888,970.776,0.9939,16.386,1.005,10.737,1
23,E,HM-E441,33.387,45.238,2.539,0.0126,3.638,184.412,1012.088,13.11,7.152,921.917,1.0121,19.632,1.408,11.885,1
23,F,HM-F087,33.996,48.137,2.482,0.0249,3.64,182.051,1013.814,14.463,6.986,1003.708,1.0,24.58,0.948,11.722,1
24,A,HM-A104,34.308,46.428,2.638,0.0171,3.518,166.552,1013.16,15.448,6.331,987.42,1.0064,23.734,0.751,13.419,1
24,B,HM-B210,36.63,44.312,3.031,0.0237,3.646,193.114,1012.627,11.444,6.863,967.438,0.9779,22.151,0.813,13.302,1
24,C,HM-C305,35.009,47.216,2.741,0.0152,3.101,166.824,1012.616,14.435,6.304,943.488,0.9733,24.338,1.734,12.749,1
24,D,HM-D118,33.953,44.648,2.674,0.0257,3.698,184.958,1010.729,15.109,7.143,956.307,1.0387,22.46,1.305,11.143,1
24,E,HM-E441,35.665,46.177,2.27,0.0219,3.515,149.626,1011.215,14.156,6.779,1039.316,1.0491,23.515,1.244,10.457,1
24,F,HM-F087,34.819,45.391,2.09,0.018,3.182,180.781,1013.243,12.948,7.28,947.09,1.0475,29.121,0.845,10.037,1
25,A,HM-A104,36.801,42.784,2.283,0.0165,3.569,161.807,1014.006,13.311,7.394,962.476,0.9946,23.377,0.769,11.184,1
25,B,HM-B210,34.897,45.145,2.807,0.0167,3.373,191.718,1012.749,14.756,7.245,967.753,1.0188,26.911,0.627,11.421,1
25,C,HM-C305,35.567,46.332,2.671,0.0196,3.978,172.611,1014.419,14.151,6.479,940.247,1.0362,25.359,0.714,10.571,1
25,D,HM-D118,33.77,43.522,2.472,0.0192,3.811,175.029,1013.497,14.231,5.924,1011.412,1.0213,16.485,0.965,10.748,1
25,E,HM-E441,36.683,41.739,2.43,0.0204,3.63,169.986,1013.217,14.175,6.528,968.394,0.9821,33.55,1.408,13.509,1
25,F,HM-F087,34.48,46.777,2.39,0.0243,3.931,154.938,1012.52,13.635,6.947,946.049,1.012,27.632,0.366,14.651,1
26,A,HM-A104,34.233,45.911,2.376,0.0152,3.669,153.627,1013.415,13.054,6.436,990.995,1.0042,24.945,1.43,12.544,1
26,B,HM-B210,36.127,45.136,2.509,0.0177,2.895,191.253,1012.382,13.774,7.019,885.388,0.981,22.917,1.277,12.36,1
26,C,HM-C305,34.576,40.899,2.406,0.0185,3.042,140.74,1012.97,13.556,7.057,940.421,0.9963,36.604,1.144,12.105,1
26,D,HM-D118,35.569,43.31,2.289,0.0129,3.78,178.143,1013.419,13.584,7.763,977.121,1.0058,26.148,0.599,9.996,1
26,E,HM-E441,35.242,45.365,2.318,0.0149,3.451,202.929,1012.117,15.06,6.724,977.763,0.9559,26.32,1.137,10.86,1
26,F,HM-F087,33.232,45.855,2.214,0.0175,3.972,179.301,1011.704,14.721,7.148,944.553,1.0273,16.68,0.572,12.065,1
27,A,HM-A104,35.016,44.088,3.134,0.0171,3.221,174.568,1012.445,12.255,6.558,972.87,0.9819,26.947,0.823,12.95,1
27,B,HM-B210,35.515,45.058,2.511,0.0168,2.747,174.617,1013.559,13.287,7.164,952.316,1.0212,31.119,0.734,10.44,1
27,C,HM-C305,33.732,42.702,2.603,0.022,3.193,165.25,1012.512,14.275,6.739,921.19,1.0011,30.126,1.007,11.454,1
27,D,HM-D118,35.46,45.784,2.233,0.0197,3.653,184.146,1013.167,16.288,6.769,891.742,1.0416,22.125,0.794,13.061,1
27,E,HM-E441,35.311,48.581,2.673,0.0153,3.776,175.478,1013.964,15.009,6.511,948.56,1.0533,21.494,1.061,9.605,1
27,F,HM-F087,36.127,42.093,3.113,0.0088,3.641,176.16,1012.522,14.579,6.906,946.401,1.0138,26.554,0.964,13.642,1
28,A,HM-A104,36.562,43.341,2.557,0.0207,3.696,187.215,1012.584,14.207,7.23,908.807,0.9905,30.055,0.706,12.368,1
28,B,HM-B210,33.956,42.477,2.355,0.0212,3.315,171.401,1013.758,14.509,6.697,957.82,0.9895,10.635,0.914,11.773,1
28,C,HM-C305,34.634,40.065,2.01,0.0191,3.291,187.548,1013.211,12.583,6.813,1051.265,1.0193,19.994,1.014,12.595,1
28,D,HM-D118,34.488,46.777,2.55,0.0164,3.995,180.686,1013.42,15.614,6.677,918.799,1.0279,15.322,0.403,13.146,1
28,E,HM-E441,36.371,46.205,3.023,0.0178,3.451,168.616,1012.435,15.181,6.327,977.008,1.0212,17.631,1.561,12.261,1
28,F,HM-F087,35.12,39.564,2.316,0.0198,2.633,171.044,1013.192,15.088,8.061,965.312,1.0553,23.599,1.13,11.494,1
29,A,HM-A104,34.818,45.77,2.757,0.0195,3.634,166.584,1012.647,13.64,7.097,906.717,1.0185,23.288,1.028,13.599,1
29,B,HM-B210,34.764,43.461,2.409,0.0197,3.755,196.94,1012.336,15.402,7.521,934.317,1.0315,28.063,0.988,13.329,1
29,C,HM-C305,35.746,46.321,2.689,0.0147,3.524,167.332,1013.794,15.874,7.627,976.005,0.986,25.191,0.972,13.521,1
29,D,HM-D118,35.043,44.104,2.451,0.0175,3.504,213.705,1014.293,14.168,6.565,936.227,0.9694,26.847,1.009,11.85,1
29,E,HM-E441,33.562,44.642,2.547,0.0149,3.982,183.494,1013.295,15.052,6.939,941.289,1.0546,28.838,1.114,11.997,1
29,F,HM-F087,33.951,45.747,2.132,0.0164,3.546,168.087,1011.35,13.065,7.032,935.149,1.002,27.247,0.568,12.347,1
30,A,HM-A104,36.221,43.51,2.437,0.0235,3.735,160.984,1013.444,13.444,6.763,967.748,0.9823,28.364,0.881,10.116,1
30,B,HM-B210,34.911,49.318,2.565,0.016,3.805,162.801,1015.279,16.587,7.897,923.16,1.0214,17.913,0.945,12.792,1
30,C,HM-C305,33.772,42.824,2.526,0.0184,3.875,151.063,1012.147,14.914,6.567,983.61,1.0378,27.392,0.875,13.087,1
30,D,HM-D118,34.846,46.011,2.199,0.017,4.029,198.961,1012.961,14.004,6.42,927.507,1.0659,28.294,1.534,10.663,1
30,E,HM-E441,35.305,40.765,2.765,0.0152,3.2,187.677,1014.084,13.83,7.529,994.294,1.0047,18.852,1.163,12.969,1
30,F,HM-F087,35.563,47.333,2.572,0.0176,3.051,182.25,1013.551,13.602,7.119,948.95,0.9694,26.63,0.775,12.379,1
31,A,HM-A104,34.713,42.274,2.854,0.0116,3.277,204.973,1011.668,16.381,7.381,921.798,0.9428,23.323,1.038,12.329,1
31,B,HM-B210,34.34,45.829,2.659,0.0159,3.328,171.841,1013.863,14.884,7.317,944.275,0.9604,18.528,1.073,13.336,1
31,C,HM-C305,33.773,45.067,2.59,0.0157,2.746,170.474,1011.158,14.409,7.09,948.931,1.0142,26.831,1.279,11.345,1
31,D,HM-D118,34.223,48.51,2.53,0.0169,3.125,159.253,1013.832,15.714,7.302,953.716,0.9568,24.824,0.919,12.772,1
31,E,HM-E441,33.501,47.349,2.939,0.011,4.054,179.171,1012.236,11.967,6.956,1018.747,1.0001,21.723,0.92,10.613,1
31,F,HM-F087,36.542,49.826,2.374,0.0148,4.113,173.621,1011.556,13.484,5.892,894.195,1.0065,35.217,1.191,10.965,1
32,A,HM-A104,33.794,44.985,2.699,0.0236,3.529,195.032,1013.225,14.389,7.418,917.338,1.0038,21.157,1.516,9.444,1
32,B,HM-B210,35.933,46.869,2.813,0.0265,3.538,153.603,1012.768,16.306,6.133,983.175,1.0549,27.996,1.432,10.999,1
32,C,HM-C305,36.511,42.569,2.362,0.0165,3.406,180.184,1012.388,13.346,6.684,986.565,0.9987,24.403,1.362,11.593,1
32,D,HM-D118,35.901,50.453,2.449,0.0237,3.343,190.746,1011.917,11.645,6.722,925.567,1.0243,27.855,1.077,13.448,1
32,E,HM-E441,33.368,39.569,2.399,0.018,3.531,194.773,1013.209,15.598,6.896,896.496,1.0229,22.445,0.865,11.258,1
32,F,HM-F087,36.065,44.747,2.667,0.0138,3.113,157.914,1010.463,12.518,7.005,901.893,0.9774,23.987,0.877,9.125,1
33,A,HM-A104,34.373,48.031,2.39,0.0171,4.152,168.885,1011.018,14.48,6.853,986.812,1.0055,26.194,0.718,11.897,1
33,B,HM-B210,34.972,46.119,1.91,0.016,3.56,195.095,1014.278,13.718,6.536,952.514,1.0473,25.741,0.801,10.303,1
33,C,HM-C305,35.12,45.766,2.443,0.0266,3.399,179.365,1014.334,13.657,6.779,881.736,0.9668,25.629,1.206,11.369,1
33,D,HM-D118,34.47,49.638,2.064,0.0198,3.395,155.103,1014.757,12.976,7.062,926.518,0.9911,27.162,0.886,12.819,1
33,E,HM-E441,35.007,42.579,2.232,0.0172,2.426,180.774,1013.845,15.245,6.707,913.824,0.9713,29.221,1.3,12.285,1
33,F,HM-F087,34.668,45.119,2.202,0.0198,3.211,191.891,1013.38,14.035,7.844,974.17,0.979,27.354,0.558,12.172,1
34,A,HM-A104,34.972,43.219,2.397,0.016,3.448,146.07,1013.648,13.81,6.855,941.682,1.0163,24.025,0.728,13.12,1
34,B,HM-B210,34.76,51.064,2.214,0.0235,3.474,183.771,1012.943,14.545,7.276,927.911,1.0093,20.244,0.859,11.167,1
34,C,HM-C305,34.264,38.857,2.948,0.0206,3.79,176.094,1013.329,13.156,6.421,953.918,1.0091,22.498,1.394,13.256,1
34,D,HM-D118,34.084,45.388,2.492,0.0169,4.159,165.882,1012.569,13.754,7.381,956.76,1.0192,26.467,1.154,12.722,1
34,E,HM-E441,35.487,44.781,2.469,0.0184,3.635,177.648,1012.713,12.208,7.236,931.465,1.0266,16.295,1.455,11.801,1
34,F,HM-F087,35.417,45.717,1.949,0.0214,3.332,173.484,1013.435,13.548,7.155,919.319,0.9835,16.449,1.186,10.34,1
35,A,HM-A104,36.962,44.621,2.387,0.0141,3.686,163.467,1012.826,10.668,7.085,950.088,0.9834,18.317,0.896,11.898,1
35,B,HM-B210,36.098,44.564,2.325,0.0188,3.597,165.042,1012.793,13.899,6.662,954.372,0.9665,24.987,0.923,10.136,1
35,C,HM-C305,35.869,49.478,1.969,0.0218,3.524,161.917,1012.394,16.374,7.494,1032.594,0.9811,22.467,0.779,12.125,1
35,D,HM-D118,34.267,42.674,2.38,0.0202,4.275,179.606,1011.702,13.329,6.602,954.953,0.9972,25.885,1.385,10.944,1
35,E,HM-E441,35.688,47.515,2.653,0.0208,3.08,180.853,1013.586,16.768,7.098,946.886,1.0325,22.407,1.143,10.761,1
35,F,HM-F087,34.814,53.794,2.884,0.0216,3.593,184.544,1013.029,15.291,6.867,1003.79,0.9993,20.362,1.405,13.102,1
36,A,HM-A104,34.974,46.376,2.547,0.0181,3.877,166.93,1010.523,13.922,6.856,951.996,0.9086,26.071,0.811,11.466,1
36,B,HM-B210,34.766,49.243,2.559,0.0139,3.426,171.07,1012.483,12.952,6.79,983.266,0.9674,23.962,0.997,13.486,1
36,C,HM-C305,35.139,39.351,2.454,0.0175,3.227,162.706,1012.979,15.524,7.361,961.897,0.9923,25.655,1.461,13.004,1
36,D,HM-D118,34.391,44.238,2.468,0.0138,3.032,193.29,1013.368,12.494,7.082,947.831,0.9747,18.186,0.694,12.124,1
36,E,HM-E441,34.752,46.931,2.467,0.0195,3.714,160.274,1013.03,16.683,6.621,983.57,0.9912,27.094,0.638,11.245,1
36,F,HM-F087,35.031,45.889,2.638,0.0151,3.331,183.4,1012.769,13.408,6.872,959.619,0.9994,23.41,0.461,13.294,1
37,A,HM-A104,35.252,40.721,2.468,0.0167,3.262,210.449,1012.518,16.282,6.395,1007.017,0.9806,17.171,0.553,10.909,1
37,B,HM-B210,34.94,47.197,2.649,0.0172,3.933,182.67,1013.589,12.923,7.131,950.2,0.9718,29.404,0.943,13.298,1
37,C,HM-C305,34.226,51.41,2.965,0.0153,3.191,170.503,1011.624,14.713,6.986,947.825,1.047,23.191,0.711,13.577,1
37,D,HM-D118,36.654,45.481,2.541,0.0217,3.457,158.802,1011.958,16.866,7.382,989.055,0.9942,24.036,1.187,12.081,1
37,E,HM-E441,35.23,40.71,2.657,0.0222,3.098,176.4,1011.455,13.823,7.13,953.714,1.047,26.179,1.33,12.631,1
37,F,HM-F087,35.361,45.603,2.376,0.022,3.246,164.249,1010.824,15.905,7.116,940.574,1.0499,20.139,0.937,11.464,1
38,A,HM-A104,37.016,46.325,2.796,0.0186,3.275,181.928,1012.145,11.827,6.888,995.625,0.9986,29.305,1.14,13.766,1
38,B,HM-B210,36.181,45.724,2.511,0.0193,2.545,174.481,1013.377,15.091,6.71,906.679,1.0067,24.825,1.118,11.25,1
38,C,HM-C305,34.554,43.844,2.774,0.0194,3.352,181.056,1012.313,14.942,7.181,1037.327,0.9906,32.452,0.725,10.87,1
38,D,HM-D118,34.887,40.598,3.074,0.0211,4.412,170.864,1014.397,13.601,6.608,948.225,1.0172,17.187,0.687,13.021,1
38,E,HM-E441,33.447,45.497,2.856,0.0155,3.841,202.519,1011.536,11.855,7.089,944.636,0.9832,20.756,1.195,12.737,1
38,F,HM-F087,34.69,45.749,2.51,0.0184,3.962,189.193,1012.302,12.425,6.56,897.028,0.9673,20.46,0.941,11.776,1
39,A,HM-A104,33.308,39.769,2.704,0.0197,3.675,177.496,1014.555,14.505,6.836,922.671,1.0051,19.218,1.162,12.719,1
39,B,HM-B210,35.243,47.101,2.556,0.0201,3.547,177.895,1014.008,13.929,6.954,943.928,1.0512,17.406,1.115,14.543,1
39,C,HM-C305,34.216,50.063,2.573,0.0189,3.371,191.921,1011.371,13.531,7.515,975.052,1.0221,28.586,0.753,11.999,1
39,D,HM-D118,34.315,48.554,2.681,0.0244,3.963,176.125,1014.375,16.757,7.512,937.868,1.0022,19.312,0.752,13.295,1
39,E,HM-E441,35.27,46.88,2.465,0.0141,3.666,197.066,1012.876,15.047,6.523,923.554,0.9953,27.905,1.103,12.474,1
39,F,HM-F087,34.463,46.219,3.043,0.0176,3.831,179.1,1012.723,15.134,6.263,919.361,0.9615,19.795,0.923,10.645,1
40,A,HM-A104,33.988,49.373,2.911,0.0214,3.359,184.512,1013.011,14.066,7.245,958.972,0.9439,20.938,1.468,14.009,1
40,B,HM-B210,36.373,43.451,2.236,0.0222,3.606,177.605,1011.011,16.064,7.467,996.18,0.9649,14.151,1.132,12.556,1
40,C,HM-C305,34.763,43.806,2.602,0.0191,3.618,209.808,1010.691,13.88,7.083,905.188,1.0281,28.399,1.049,10.547,1
40,D,HM-D118,35.693,42.24,2.739,0.0131,3.724,174.069,1012.424,12.91,7.496,936.869,0.9865,26.373,0.74,11.391,1
40,E,HM-E441,34.741,43.079,2.348,0.0254,3.301,140.896,1013.786,11.727,6.875,968.267,0.9851,25.401,0.853,12.199,1
40,F,HM-F087,36.042,43.684,2.129,0.023,4.087,169.965,1010.612,12.163,7.373,978.109,0.9806,29.17,0.592,11.469,1
41,A,HM-A104,33.929,48.703,2.123,0.0243,3.905,143.731,1013.536,17.164,6.804,950.393,1.023,34.037,1.423,13.729,1
41,B,HM-B210,33.31,47.055,2.234,0.0267,3.133,161.713,1010.347,13.483,6.993,907.846,1.0128,15.993,0.934,10.9,1
41,C,HM-C305,34.587,41.315,2.55,0.0233,3.374,178.061,1013.584,12.103,6.946,944.102,0.9985,31.106,1.157,11.761,1
41,D,HM-D118,33.184,47.466,2.283,0.0138,3.544,172.073,1012.539,15.836,7.331,937.504,0.9785,23.736,1.359,8.896,1
41,E,HM-E441,37.197,45.111,2.266,0.0214,3.296,166.335,1013.603,13.265,8.057,927.972,0.9934,25.239,0.568,11.252,1
41,F,HM-F087,34.206,42.923,2.091,0.0231,2.832,175.76,1013.982,16.316,6.563,953.037,0.9465,25.931,1.546,11.298,1
42,A,HM-A104,35.983,43.102,2.755,0.017,3.652,177.643,1013.593,14.81,6.352,932.293,1.0162,27.89,1.127,11.749,1
42,B,HM-B210,32.794,42.147,2.284,0.019,4.468,174.57,1013.412,11.667,7.102,974.118,0.9794,34.441,1.378,11.45,1
42,C,HM-C305,35.888,50.009,2.419,0.0149,3.379,178.182,1013.766,14.974,6.287,943.773,0.9727,23.128,0.969,14.319,1
42,D,HM-D118,31.604,46.187,2.43,0.0167,3.604,186.347,1012.383,14.534,6.456,985.668,1.0257,25.419,1.109,12.176,1
42,E,HM-E441,35.028,40.44,2.658,0.0172,3.418,185.678,1013.315,13.179,6.177,953.708,0.9909,19.637,1.2,12.983,1
42,F,HM-F087,33.912,41.114,2.184,0.0164,3.585,150.081,1011.548,13.3,6.222,990.98,1.0276,10.172,0.815,10.784,1
43,A,HM-A104,34.862,42.546,2.424,0.0146,3.047,146.589,1012.008,15.758,6.915,892.657,1.0289,20.79,0.495,12.388,1
43,B,HM-B210,35.995,44.446,2.455,0.0175,3.161,208.672,1012.892,13.718,7.541,986.043,1.0168,23.907,0.436,13.275,1
43,C,HM-C305,35.19,42.962,2.11,0.0251,3.622,186.858,1011.691,13.07,6.555,958.969,1.0037,25.759,1.338,12.968,1
43,D,HM-D118,35.58,45.04,2.651,0.0167,3.564,174.989,1010.79,16.331,6.918,949.931,0.9835,27.667,0.945,13.697,1
43,E,HM-E441,34.979,45.541,2.485,0.0178,3.23,178.731,1011.938,11.14,6.532,939.843,0.9727,16.864,0.632,10.856,1
43,F,HM-F087,35.455,46.554,2.659,0.0183,3.393,175.3,1014.671,14.236,7.209,986.321,0.991,25.357,0.965,10.962,1
44,A,HM-A104,32.918,45.725,2.399,0.0158,3.61,178.671,1013.785,15.169,7.634,1039.189,0.982,22.771,0.636,12.928,1
44,B,HM-B210,33.006,43.914,2.862,0.0159,3.064,170.885,1012.204,11.998,6.81,973.628,1.0494,26.297,0.989,11.5,1
44,C,HM-C305,34.878,47.871,2.311,0.0139,3.666,174.221,1012.787,10.624,7.315,894.452,0.9513,20.778,0.88,11.233,1
44,D,HM-D118,33.822,48.777,2.663,0.0175,3.217,159.473,1012.105,14.0,7.371,936.682,1.0501,24.939,0.82,11.326,1
44,E,HM-E441,36.045,47.912,2.777,0.0162,3.578,182.852,1012.166,14.467,6.62,970.87,0.9789,26.875,1.276,12.882,1
44,F,HM-F087,34.408,46.139,2.615,0.014,3.807,157.794,1011.648,13.621,6.6,969.365,0.964,25.215,0.957,10.908,1
45,A,HM-A104,32.404,39.807,2.671,0.0183,3.836,194.504,1012.363,12.748,7.551,946.366,0.9901,22.076,1.224,13.209,1
45,B,HM-B210,34.938,40.137,2.795,0.0145,3.455,166.306,1014.262,15.856,7.686,995.313,0.9922,28.475,1.125,12.561,1
45,C,HM-C305,36.406,45.131,2.411,0.0253,4.094,162.492,1012.842,13.759,6.959,921.549,1.0259,23.042,1.02,11.77,1
45,D,HM-D118,36.682,45.136,2.985,0.0206,3.13,149.771,1011.953,15.596,7.067,887.945,0.9668,10.64,1.696,11.189,1
45,E,HM-E441,36.044,44.151,2.53,0.0161,4.357,183.592,1011.819,13.535,7.14,1016.872,0.9515,31.128,1.437,12.174,1
45,F,HM-F087,37.968,42.142,2.615,0.0195,3.417,176.494,1013.858,15.419,6.259,931.623,0.9843,19.035,0.693,9.39,1
46,A,HM-A104,33.746,43.97,2.723,0.0198,3.878,194.141,1012.482,13.438,7.473,925.717,0.9675,15.626,1.199,11.676,1
46,B,HM-B210,33.921,44.632,2.124,0.025,3.633,169.493,1011.537,13.555,6.856,911.967,1.0002,28.618,1.474,12.205,1
46,C,HM-C305,35.024,45.495,2.768,0.0184,3.667,166.053,1013.414,13.918,7.383,996.829,0.9847,16.677,1.045,11.197,1
46,D,HM-D118,35.054,42.434,2.187,0.0169,2.995,194.009,1012.447,14.344,6.919,909.591,0.994,21.397,0.82,13.858,1
46,E,HM-E441,33.893,43.888,2.429,0.0153,3.435,184.877,1013.025,14.662,7.107,950.571,1.0147,30.934,1.204,11.049,1
46,F,HM-F087,34.329,41.402,2.606,0.0293,3.257,191.772,1013.218,14.084,7.223,956.84,0.989,30.573,1.183,12.226,1
47,A,HM-A104,36.064,41.136,2.796,0.0122,3.156,192.575,1013.405,15.728,7.281,964.202,1.0018,21.798,0.694,12.116,1
47,B,HM-B210,34.335,47.688,2.191,0.0182,4.191,174.372,1013.86,13.568,6.982,850.627,0.9776,24.868,0.996,12.391,1
47,C,HM-C305,35.962,46.848,2.049,0.0189,3.04,187.132,1014.499,14.534,6.162,957.0,0.9877,25.211,1.218,12.146,1
47,D,HM-D118,34.396,41.979,2.829,0.0171,2.901,195.745,1015.662,12.545,6.931,1015.636,0.9701,16.376,1.364,11.627,1
47,E,HM-E441,35.054,44.434,2.386,0.0165,3.857,185.437,1013.129,14.885,6.922,945.333,0.9409,31.6,1.578,12.281,1
47,F,HM-F087,36.75,45.538,2.606,0.0137,3.148,174.728,1012.612,14.604,6.921,972.732,0.9642,24.659,0.885,11.931,1
48,A,HM-A104,38.388,44.318,2.353,0.0147,3.693,157.874,1012.416,15.437,8.002,930.565,0.9966,22.293,1.005,12.303,1
48,B,HM-B210,35.201,47.128,2.594,0.0162,3.878,194.849,1013.152,13.077,6.544,926.263,1.0221,16.376,0.67,10.607,1
48,C,HM-C305,34.751,46.022,2.532,0.0224,3.962,193.342,1013.641,16.679,7.626,968.379,0.9718,23.049,1.574,13.17,1
48,D,HM-D118,34.175,47.421,2.301,0.0236,3.41,165.12,1014.123,15.708,7.171,905.535,0.9764,29.417,1.232,12.308,1
48,E,HM-E441,34.291,46.283,2.819,0.0171,3.739,178.097,1012.045,15.791,7.261,936.882,0.998,24.094,0.789,10.323,1
48,F,HM-F087,37.975,43.976,2.689,0.0217,3.339,170.979,1012.035,11.625,6.316,1021.106,1.0064,18.416,1.234,13.203,1
49,A,HM-A104,35.556,41.93,2.507,0.0151,3.278,194.771,1014.999,15.623,7.486,961.6,0.9686,29.139,1.079,10.7,1
49,B,HM-B210,34.856,42.782,2.22,0.0128,3.607,148.451,1012.249,12.081,6.625,891.404,1.005,25.263,1.691,10.128,1
49,C,HM-C305,35.613,46.965,2.27,0.0197,3.68,185.344,1012.96,16.157,7.166,930.418,0.961,24.744,1.709,10.584,1
49,D,HM-D118,35.69,43.731,2.63,0.0254,2.728,189.776,1012.937,14.205,6.317,923.659,1.0111,24.836,1.303,10.586,1
49,E,HM-E441,33.912,43.092,2.668,0.0191,2.935,182.535,1013.125,13.411,7.49,996.979,1.0269,24.595,0.617,11.727,1
49,F,HM-F087,34.3,45.299,2.09,0.02,3.663,171.282,1012.636,11.731,6.888,951.529,1.0301,20.923,0.851,12.496,1
50,A,HM-A104,34.908,48.285,2.27,0.0251,3.517,218.313,1013.554,13.934,7.119,943.058,1.0109,22.875,0.653,9.024,1
50,B,HM-B210,36.516,47.822,2.835,0.0221,3.546,174.689,1012.995,13.374,7.522,944.398,0.9898,23.634,1.434,11.517,1
50,C,HM-C305,34.605,37.018,3.03,0.0226,4.017,174.282,1011.984,13.29,6.857,936.104,0.9879,33.961,0.973,12.486,1
50,D,HM-D118,36.396,42.985,2.702,0.0145,3.561,187.441,1011.94,14.587,7.126,948.317,0.9348,25.784,1.012,11.815,1
50,E,HM-E441,35.098,40.351,2.941,0.0227,3.69,168.86,1013.32,15.782,7.272,916.397,1.0627,27.41,0.88,11.9,1
50,F,HM-F087,36.375,47.525,2.78,0.0212,2.744,179.604,1014.761,14.207,7.67,920.763,1.0347,22.281,0.917,14.114,1
51,A,HM-A104,36.339,40.787,2.274,0.0177,3.763,199.798,1012.137,13.943,6.999,960.192,1.0297,20.967,1.145,10.936,1
51,B,HM-B210,35.116,44.473,2.463,0.019,3.64,170.095,1013.533,16.591,7.411,957.542,1.032,25.804,0.609,12.356,1
51,C,HM-C305,35.435,42.954,2.82,0.0246,3.855,193.124,1013.034,12.695,7.084,923.972,0.9592,23.17,1.282,11.268,1
51,D,HM-D118,35.411,44.137,2.5,0.0167,3.753,182.517,1012.838,12.351,6.905,937.723,0.9766,31.058,1.328,12.781,1
51,E,HM-E441,34.316,43.62,2.611,0.0165,3.266,201.222,1013.698,15.454,6.785,975.335,0.9746,28.906,0.847,12.98,1
51,F,HM-F087,35.118,43.287,2.361,0.0151,4.057,209.804,1011.674,16.07,6.64,938.334,0.9973,32.922,0.913,12.499,1
52,A,HM-A104,34.177,44.304,2.816,0.0157,3.346,166.903,1014.774,16.041,6.526,912.34,0.9949,27.465,0.793,11.79,1
52,B,HM-B210,34.807,48.05,2.634,0.0199,3.866,184.882,1013.794,14.015,7.719,949.525,1.0071,27.472,1.526,11.174,1
52,C,HM-C305,32.719,44.531,2.476,0.0213,3.166,194.167,1012.874,15.067,6.568,943.652,1.0119,21.934,0.743,12.026,1
52,D,HM-D118,34.96,47.701,2.103,0.0182,3.027,188.604,1014.1,15.042,7.003,920.331,1.0091,30.262,0.918,12.233,1
52,E,HM-E441,36.958,40.799,2.355,0.0206,3.277,160.644,1012.938,13.893,6.711,964.283,1.031,13.58,1.025,8.357,1
52,F,HM-F087,34.844,43.202,2.793,0.0182,3.249,189.317,1011.691,16.594,7.287,980.794,1.0294,23.066,1.279,12.298,1
53,A,HM-A104,32.846,48.708,2.482,0.0181,3.679,175.719,1013.06,13.364,8.444,935.872,0.9509,21.333,1.136,9.495,1
53,B,HM-B210,35.831,49.837,2.424,0.0106,3.476,160.464,1012.292,14.031,7.534,955.084,0.9815,21.836,0.86,12.652,1
53,C,HM-C305,36.448,41.76,3.044,0.0234,4.805,189.289,1012.69,15.824,6.683,954.972,1.0363,8.576,1.466,12.069,1
53,D,HM-D118,36.049,48.091,2.368,0.0237,3.466,195.756,1012.158,13.804,7.62,973.112,1.0745,16.091,1.091,11.548,1
53,E,HM-E441,34.793,41.189,2.297,0.0225,2.857,149.49,1011.961,14.69,7.041,1022.98,0.9966,27.737,0.78,12.362,1
53,F,HM-F087,33.602,45.099,2.519,0.0209,2.744,169.313,1013.781,13.022,6.465,928.146,1.0236,32.601,0.905,12.927,1
54,A,HM-A104,35.172,43.899,2.456,0.0217,3.341,174.81,1012.697,14.594,7.799,997.153,1.0188,32.478,0.886,11.71,1
54,B,HM-B210,35.815,48.013,2.669,0.0251,3.464,170.679,1014.482,13.608,6.737,960.87,0.9957,22.575,1.121,10.541,1
54,C,HM-C305,35.428,51.034,2.514,0.0196,3.704,165.631,1013.927,15.808,7.162,1016.425,1.0109,31.084,1.297,10.81,1
54,D,HM-D118,35.146,45.692,2.401,0.0185,3.315,182.836,1013.695,15.379,7.68,980.274,0.97,30.378,0.472,11.336,1
54,E,HM-E441,33.485,49.136,2.771,0.0162,3.679,178.507,1014.254,15.788,7.421,998.876,1.0639,33.706,0.856,12.215,1
54,F,HM-F087,34.793,46.462,2.54,0.0134,4.11,169.059,1011.751,14.289,6.344,931.163,1.0169,18.212,1.017,12.248,1
55,A,HM-A104,34.623,43.993,2.529,0.021,4.267,195.641,1012.967,13.032,7.044,964.486,1.0335,18.504,0.937,11.454,1
55,B,HM-B210,34.423,43.237,2.556,0.0071,3.295,194.178,1012.106,14.585,7.179,913.93,0.9883,27.878,1.528,11.618,1
55,C,HM-C305,35.588,46.449,3.076,0.0208,3.979,185.066,1013.304,14.442,7.35,949.519,0.9875,30.848,1.541,12.42,1
55,D,HM-D118,34.227,52.633,2.099,0.0186,4.064,198.492,1013.971,8.687,6.703,986.237,0.9914,33.444,1.006,11.872,1
55,E,HM-E441,35.276,41.109,2.147,0.0202,3.338,164.528,1011.656,15.456,6.477,935.986,0.9743,29.058,0.502,11.536,1
55,F,HM-F087,36.997,50.417,2.515,0.0136,3.958,162.775,1013.571,15.213,6.928,1034.118,1.0261,31.199,0.8,11.935,1
56,A,HM-A104,34.51,47.185,1.904,0.0221,3.515,167.885,1014.064,15.541,6.858,973.309,0.9624,28.29,0.097,12.586,1
56,B,HM-B210,34.51,43.958,2.431,0.0204,3.811,183.843,1012.898,14.905,7.02,991.168,0.9871,16.097,0.982,12.643,1
56,C,HM-C305,35.193,44.288,2.676,0.0185,3.519,180.215,1014.372,13.215,7.377,996.801,0.9574,22.824,1.046,11.192,1
56,D,HM-D118,33.259,43.768,2.591,0.0281,3.545,163.414,1012.357,15.713,6.366,987.375,1.0246,26.46,1.417,16.302,1
56,E,HM-E441,34.689,45.351,2.825,0.0222,3.254,178.401,1011.98,14.482,7.3,1020.257,1.0263,31.335,1.057,13.963,1
56,F,HM-F087,34.213,42.565,2.677,0.0099,3.23,183.478,1013.348,12.375,7.472,933.308,0.9445,19.139,0.81,12.223,1
57,A,HM-A104,33.745,44.631,2.215,0.0167,3.418,186.051,1011.575,14.186,7.113,867.229,1.0116,19.447,0.465,11.828,1
57,B,HM-B210,35.7,44.306,2.783,0.0258,2.795,169.062,1012.741,15.985,7.498,955.542,0.9955,17.891,0.962,10.967,1
57,C,HM-C305,34.921,42.276,3.415,0.0256,3.934,170.237,1011.966,16.33,6.826,920.313,0.9422,22.025,1.259,11.549,1
57,D,HM-D118,34.757,44.918,3.124,0.0132,3.436,212.099,1013.52,11.467,7.425,898.629,1.003,25.842,0.678,10.1,1
57,E,HM-E441,34.769,45.264,2.29,0.0271,3.572,199.387,1011.619,13.172,7.083,965.915,0.9956,27.676,0.946,12.142,1
57,F,HM-F087,33.981,46.966,2.694,0.0157,3.378,163.034,1014.594,13.619,6.59,942.861,0.9998,22.393,1.04,11.061,1
58,A,HM-A104,35.301,48.312,2.515,0.0193,3.783,179.701,1013.375,13.999,6.587,956.337,0.9812,24.307,1.387,11.852,1
58,B,HM-B210,35.573,47.146,2.609,0.0177,3.346,175.129,1011.247,10.939,6.452,913.642,0.9836,30.558,0.88,10.571,1
58,C,HM-C305,33.76,44.798,3.268,0.0263,4.072,183.146,1012.773,12.821,7.334,928.002,0.9767,22.613,1.415,12.279,1
58,D,HM-D118,34.346,38.192,2.671,0.0185,3.692,165.999,1013.526,15.561,6.685,899.654,1.0009,21.614,0.767,12.869,1
58,E,HM-E441,33.6,48.614,2.395,0.0176,3.523,188.968,1012.655,14.77,7.069,886.499,0.9972,30.866,1.166,13.245,1
58,F,HM-F087,34.736,51.601,2.414,0.0176,3.288,182.353,1013.75,11.137,6.708,920.88,0.9751,23.273,0.7,10.845,1
59,A,HM-A104,35.605,43.822,2.21,0.0197,4.464,194.346,1014.195,11.122,7.424,922.51,1.037,34.998,1.023,11.202,1
59,B,HM-B210,34.384,47.769,2.446,0.0234,3.138,187.247,1013.321,13.736,6.499,952.617,0.9974,36.157,1.207,12.411,1
59,C,HM-C305,35.997,43.605,2.797,0.0252,3.313,169.969,1014.509,15.376,6.664,892.616,1.0333,26.335,0.864,10.721,1
59,D,HM-D118,34.983,42.708,2.469,0.0184,2.775,173.675,1013.509,14.077,6.9,910.009,1.0166,35.938,1.05,12.448,1
59,E,HM-E441,34.748,44.171,2.409,0.0157,4.051,167.491,1013.057,10.63,7.074,978.964,1.0189,25.168,1.348,9.957,1
59,F,HM-F087,36.067,42.667,2.315,0.0209,3.395,173.375,1013.033,13.718,7.288,973.534,1.0066,34.85,1.315,13.277,1
60,A,HM-A104,35.686,39.634,2.656,0.018,2.933,178.084,1013.003,13.903,7.284,1024.996,0.9709,14.175,1.325,12.712,1
60,B,HM-B210,34.434,43.119,2.778,0.0213,4.261,135.642,1011.923,12.212,7.427,903.399,0.9989,29.092,1.054,11.988,1
60,C,HM-C305,35.731,42.446,3.145,0.0203,3.604,175.649,1011.668,12.339,6.803,1002.814,1.0161,24.242,1.077,13.496,1
60,D,HM-D118,34.764,45.362,2.414,0.0282,2.996,182.887,1014.031,14.228,7.51,924.588,1.0479,31.441,1.074,12.043,1
60,E,HM-E441,34.669,47.91,2.625,0.0187,3.259,195.993,1014.979,14.318,6.678,962.271,1.0049,24.253,1.267,9.621,1
60,F,HM-F087,35.157,42.074,2.485,0.0177,3.521,161.75,1011.413,10.861,7.389,954.674,0.9419,24.761,1.335,10.917,1
61,A,HM-A104,35.095,43.842,2.668,0.0226,3.277,192.131,1012.081,14.207,6.96,945.525,0.9988,16.988,1.227,10.994,1
61,B,HM-B210,35.944,49.757,2.4,0.0247,3.674,171.53,1012.078,15.537,6.724,966.021,1.0027,30.06,1.279,11.848,1
61,C,HM-C305,34.103,43.085,3.032,0.0191,4.174,183.728,1012.776,16.379,6.175,961.344,0.9678,30.09,1.087,11.728,1
61,D,HM-D118,36.048,43.842,2.781,0.0134,3.55,219.042,1011.023,12.899,7.405,988.538,1.0342,20.083,1.013,13.253,1
61,E,HM-E441,35.888,43.183,2.436,0.0169,3.625,175.259,1013.16,14.971,6.647,903.337,0.9559,22.215,0.579,12.615,1
61,F,HM-F087,34.041,45.176,2.493,0.0177,3.275,188.362,1010.741,14.275,6.932,1000.773,1.0475,22.591,1.096,11.901,1
62,A,HM-A104,34.823,43.665,2.42,0.0155,3.394,163.973,1010.207,15.388,6.608,907.889,1.0506,26.868,0.839,13.215,1
62,B,HM-B210,35.496,48.408,2.297,0.0159,3.701,194.26,1012.967,15.706,6.568,956.314,0.9982,22.96,0.953,11.311,1
62,C,HM-C305,34.653,38.132,3.121,0.0189,4.291,174.31,1013.495,15.552,7.05,998.908,1.0028,13.406,0.807,12.621,1
62,D,HM-D118,34.593,44.268,2.577,0.0152,3.606,167.204,1013.107,15.055,6.368,922.385,0.9709,20.992,0.737,11.302,1
62,E,HM-E441,33.615,47.688,2.508,0.0187,3.749,184.896,1012.097,12.413,6.656,910.916,0.9428,25.814,0.997,12.207,1
62,F,HM-F087,35.874,44.712,2.597,0.0205,3.395,170.79,1013.493,13.612,7.208,967.657,1.0427,19.707,1.43,11.795,1
63,A,HM-A104,34.974,51.534,2.983,0.0233,3.615,203.972,1012.322,16.301,5.639,920.299,0.9804,20.686,1.207,11.665,1
63,B,HM-B210,33.781,42.774,2.288,0.016,3.82,195.591,1011.886,13.923,6.456,920.176,0.9819,20.934,0.947,12.873,1
63,C,HM-C305,34.504,44.329,3.448,0.0191,4.141,159.283,1012.849,15.371,7.697,919.506,1.0412,27.836,0.798,12.29,1
63,D,HM-D118,36.425,43.591,2.418,0.0213,3.783,177.851,1013.007,14.777,6.698,954.056,0.9727,20.723,0.683,12.067,1
63,E,HM-E441,34.296,46.762,2.67,0.018,3.67,206.288,1013.162,12.629,6.851,914.285,1.0169,37.782,0.897,11.563,1
63,F,HM-F087,35.425,44.881,2.972,0.0243,2.801,176.74,1013.585,13.094,6.628,987.678,1.0258,23.695,0.854,12.686,1
64,A,HM-A104,35.287,43.406,2.654,0.0156,3.466,167.56,1013.49,13.355,6.688,994.788,1.0329,19.636,1.176,11.23,1
64,B,HM-B210,36.772,41.719,2.289,0.0177,3.289,184.472,1016.145,10.822,6.743,952.262,1.0132,23.82,1.373,10.681,1
64,C,HM-C305,35.833,49.367,3.15,0.0201,3.668,184.982,1014.805,14.471,6.851,960.945,1.0234,13.138,1.297,12.275,1
64,D,HM-D118,34.487,42.924,2.905,0.0158,3.816,173.508,1011.572,14.096,6.649,922.321,0.9889,28.448,0.816,11.732,1
64,E,HM-E441,34.348,45.29,2.373,0.0133,4.046,178.995,1012.046,13.108,6.957,932.875,1.0026,13.475,0.837,11.776,1
64,F,HM-F087,35.943,45.867,2.272,0.005,3.794,171.727,1012.424,16.514,6.558,989.064,1.0033,26.668,1.072,12.122,1
65,A,HM-A104,35.849,44.151,2.339,0.0203,3.98,194.022,1014.041,11.744,6.903,869.879,1.0286,23.031,1.264,12.882,1
65,B,HM-B210,33.958,45.194,2.164,0.0168,3.955,182.324,1011.833,15.442,7.056,960.596,0.9792,19.313,1.129,10.948,1
65,C,HM-C305,36.006,48.392,3.569,0.0296,4.17,161.901,1012.34,15.977,7.118,985.221,1.0279,33.617,0.937,10.925,1
65,D,HM-D118,36.521,48.116,2.258,0.0209,3.453,192.572,1013.247,14.333,6.395,957.881,1.0336,35.479,1.264,9.002,1
65,E,HM-E441,34.247,44.32,2.277,0.0182,3.499,171.527,1013.767,14.72,7.065,966.039,0.9295,26.24,0.894,13.57,1
65,F,HM-F087,34.827,43.585,2.695,0.0123,4.15,198.145,1013.279,17.028,7.294,912.43,1.0046,21.633,0.858,10.238,1
66,A,HM-A104,35.838,48.154,2.344,0.0181,3.747,183.592,1012.907,12.511,7.115,954.367,0.9899,23.106,1.117,11.628,1
66,B,HM-B210,37.108,44.226,2.417,0.021,3.265,186.485,1012.691,16.939,8.09,983.603,0.9887,24.658,1.093,10.563,1
66,C,HM-C305,36.183,42.251,3.032,0.0255,3.903,152.765,1014.122,10.903,6.721,903.891,1.0088,18.437,1.049,12.909,1
66,D,HM-D118,37.529,47.085,2.781,0.0214,4.112,189.514,1012.816,14.883,6.887,968.378,0.9901,16.116,1.127,12.876,1
66,E,HM-E441,34.609,43.939,2.58,0.0176,3.416,194.508,1011.34,14.248,6.796,953.829,1.0194,27.189,0.682,10.688,1
66,F,HM-F087,33.471,44.648,2.463,0.0105,3.475,174.426,1013.741,12.303,7.351,929.555,1.0328,19.337,1.353,12.129,1
67,A,HM-A104,35.149,41.959,2.558,0.0221,3.925,178.904,1012.643,14.377,6.287,945.398,0.9928,23.695,0.651,11.09,1
67,B,HM-B210,34.501,47.858,2.642,0.0153,3.7,185.818,1013.382,14.173,6.846,886.847,0.9883,21.886,0.796,12.824,1
67,C,HM-C305,35.681,43.629,3.103,0.0303,4.677,194.692,1014.034,13.866,6.706,902.457,0.9932,18.826,1.111,12.26,1
67,D,HM-D118,35.206,41.423,2.596,0.012,3.627,178.748,1013.017,15.794,7.335,949.689,1.0218,12.685,0.493,12.874,1
67,E,HM-E441,36.259,45.004,1.933,0.0242,3.243,182.376,1012.477,10.37,6.918,935.962,1.0491,27.587,1.264,12.199,1
67,F,HM-F087,34.487,47.505,2.493,0.0106,3.638,217.702,1013.408,17.181,7.148,927.126,0.9935,16.104,0.45,11.077,1
68,A,HM-A104,35.173,40.295,2.48,0.024,4.015,170.649,1013.231,12.256,7.467,951.366,1.0394,25.556,1.244,12.197,1
68,B,HM-B210,35.225,46.188,2.705,0.0158,4.003,196.855,1014.209,15.464,7.503,994.673,0.9597,30.123,1.325,9.884,1
68,C,HM-C305,36.567,47.096,3.712,0.0343,4.243,193.943,1012.891,12.941,7.008,894.41,0.962,22.897,0.995,10.89,1
68,D,HM-D118,36.388,42.821,2.705,0.0195,3.685,207.071,1013.656,14.19,6.75,931.094,0.9968,25.845,0.864,12.887,1
68,E,HM-E441,35.418,44.556,2.47,0.0276,3.24,167.129,1012.418,14.48,6.79,945.275,0.9787,28.613,0.636,11.956,1
68,F,HM-F087,35.6,43.648,2.908,0.0185,3.482,176.864,1013.786,14.273,6.395,947.388,0.9656,29.429,1.069,11.921,1
69,A,HM-A104,35.482,49.076,2.548,0.0181,3.485,162.204,1012.409,10.405,6.762,965.201,1.0002,23.991,0.824,11.336,1
69,B,HM-B210,34.078,41.784,2.824,0.0125,3.932,168.909,1015.703,15.151,7.337,961.023,0.9359,21.4,1.051,12.856,1
69,C,HM-C305,35.394,37.741,3.343,0.0292,4.183,186.819,1013.633,14.211,7.241,970.178,1.0067,23.179,1.067,11.529,1
69,D,HM-D118,36.143,43.698,2.191,0.0254,3.32,169.168,1012.234,14.761,7.273,903.102,1.0181,27.662,1.105,10.621,1
69,E,HM-E441,36.59,41.649,2.64,0.0177,4.082,188.429,1013.081,15.146,6.944,947.029,1.0053,25.925,1.355,11.868,1
69,F,HM-F087,34.31,41.076,2.784,0.0192,3.768,184.506,1012.43,14.376,7.449,922.341,1.0172,26.973,1.326,13.533,1
70,A,HM-A104,36.343,47.938,2.959,0.0193,3.437,200.18,1012.202,14.266,6.874,966.413,1.0207,31.093,0.994,9.691,1
70,B,HM-B210,35.234,47.716,2.076,0.0189,3.917,167.252,1011.75,12.8,6.898,1035.593,1.0097,20.949,0.801,12.644,1
70,C,HM-C305,36.646,44.906,3.856,0.0383,4.957,174.809,1013.46,13.767,6.977,991.477,0.9785,27.224,0.76,10.718,1
70,D,HM-D118,34.116,48.286,2.575,0.018,3.383,203.831,1012.701,14.462,7.354,970.7,0.9869,25.668,1.109,11.112,1
70,E,HM-E441,34.014,45.138,2.335,0.0156,3.616,177.838,1013.37,14.969,7.447,929.948,0.9864,24.929,2.03,13.369,1
70,F,HM-F087,33.505,44.367,2.628,0.0149,3.402,197.135,1014.073,15.427,7.145,941.493,0.9756,24.43,1.143,12.441,1
71,A,HM-A104,32.458,47.061,2.739,0.0156,3.382,193.275,1013.552,11.875,7.242,1006.792,1.0233,26.005,0.938,12.302,1
71,B,HM-B210,34.197,42.574,2.279,0.0134,3.601,184.085,1010.996,12.437,6.323,929.217,1.0058,27.63,1.527,10.905,1
71,C,HM-C305,35.275,42.377,3.59,0.0269,4.265,198.953,1011.727,13.811,6.295,961.349,0.9165,27.095,0.972,11.074,1
71,D,HM-D118,35.057,48.44,2.316,0.0211,3.852,202.049,1013.696,14.476,6.214,881.208,0.981,24.263,0.938,11.904,1
71,E,HM-E441,35.894,42.115,2.451,0.0145,4.066,163.597,1013.122,13.334,6.611,1023.203,1.0599,20.759,1.108,12.005,1
71,F,HM-F087,36.564,45.129,2.261,0.0229,3.573,194.114,1012.287,15.274,7.399,977.688,0.9794,20.65,0.649,13.063,1
72,A,HM-A104,34.7,46.971,2.165,0.0145,3.425,177.711,1011.742,11.802,7.016,980.215,0.9268,22.589,1.027,15.381,1
72,B,HM-B210,34.188,49.114,2.228,0.0268,3.421,174.572,1014.493,13.788,7.196,973.668,1.0344,23.713,1.548,12.121,1
72,C,HM-C305,36.433,40.783,3.583,0.0129,4.362,180.787,1012.973,12.432,6.896,933.378,1.0203,21.351,1.04,13.109,1
72,D,HM-D118,33.54,46.333,2.719,0.0173,3.525,182.161,1014.62,12.571,6.079,925.732,1.0111,19.742,1.417,12.975,1
72,E,HM-E441,36.706,47.012,2.321,0.0224,2.942,179.248,1013.288,14.512,7.397,897.241,1.0404,24.625,0.686,12.994,1
72,F,HM-F087,35.046,45.723,2.347,0.0095,3.476,171.241,1013.075,15.425,7.015,992.442,0.9893,28.335,1.035,11.345,1
73,A,HM-A104,34.703,46.486,2.495,0.0206,3.581,172.376,1012.256,13.054,6.713,983.401,1.0313,34.73,1.232,9.589,1
73,B,HM-B210,34.282,46.908,2.56,0.0205,3.417,202.235,1013.756,15.459,6.539,948.288,1.0157,23.808,1.237,11.181,1
73,C,HM-C305,38.289,39.968,4.255,0.0242,5.179,181.443,1012.925,13.344,7.213,912.47,0.9691,20.926,0.968,8.959,1
73,D,HM-D118,34.776,47.283,2.314,0.022,4.069,176.419,1011.642,15.039,7.008,934.589,1.046,13.789,1.048,12.932,1
73,E,HM-E441,35.167,45.6,2.493,0.0182,3.092,169.072,1012.846,13.784,7.329,988.624,0.9899,23.498,1.185,14.625,1
73,F,HM-F087,36.278,44.576,2.631,0.0169,3.478,200.323,1014.343,12.906,7.049,1019.343,1.005,21.868,1.166,10.536,1
74,A,HM-A104,36.323,41.79,2.676,0.0139,3.469,168.982,1012.803,13.567,6.932,967.786,1.0712,33.212,1.096,12.378,1
74,B,HM-B210,34.092,48.696,2.061,0.0146,3.325,194.483,1013.656,14.765,6.577,988.287,0.9932,20.208,0.836,10.367,1
74,C,HM-C305,35.972,48.769,4.214,0.0367,4.646,177.3,1012.39,11.62,7.464,973.706,0.9847,25.576,1.046,11.147,1
74,D,HM-D118,35.029,44.285,2.708,0.019,4.198,168.808,1012.415,15.829,7.427,962.188,1.0224,25.426,1.142,11.575,1
74,E,HM-E441,35.028,51.277,2.548,0.0184,3.662,196.625,1013.74,11.941,6.582,992.248,0.9899,24.915,1.047,12.591,1
74,F,HM-F087,35.352,45.882,1.993,0.0149,3.204,158.701,1012.852,12.758,5.963,917.2,1.0038,15.083,1.365,12.153,1
75,A,HM-A104,33.745,50.961,2.502,0.0175,3.134,155.643,1011.334,11.439,7.649,968.719,0.9575,17.135,1.158,12.637,1
75,B,HM-B210,34.899,49.288,2.116,0.0176,3.157,169.833,1012.786,11.948,6.969,938.631,1.0615,15.412,1.408,9.907,1
75,C,HM-C305,34.882,50.629,3.556,0.0252,4.8,156.346,1014.798,18.344,6.914,950.726,0.9967,29.271,0.969,11.375,1
75,D,HM-D118,35.4,43.377,2.524,0.0133,3.005,166.658,1013.209,14.182,7.456,890.331,1.0017,26.163,0.055,14.476,1
75,E,HM-E441,35.874,47.985,2.23,0.0228,3.936,186.641,1012.25,14.957,6.91,965.79,0.9857,20.88,0.559,10.446,1
75,F,HM-F087,36.293,40.092,2.911,0.0202,4.122,189.193,1013.542,11.855,6.739,914.187,1.0428,16.368,1.234,13.022,1
76,A,HM-A104,35.357,43.704,2.691,0.0115,3.897,182.169,1012.896,12.177,6.634,926.226,1.0614,24.344,0.691,13.265,1
76,B,HM-B210,36.239,42.454,2.525,0.0155,3.174,183.071,1014.003,15.613,7.011,966.715,1.0121,31.455,1.132,13.4,1
76,C,HM-C305,36.85,47.122,3.997,0.0331,4.848,187.39,1013.192,13.767,7.413,976.231,0.9685,28.17,0.679,11.891,1
76,D,HM-D118,32.457,48.119,2.856,0.0239,3.849,177.76,1014.946,12.999,7.604,995.587,1.0357,22.935,0.57,12.681,1
76,E,HM-E441,35.606,45.824,2.455,0.0137,3.375,159.028,1011.537,13.58,5.778,943.324,0.9494,28.696,0.419,12.205,1
76,F,HM-F087,35.919,42.55,2.334,0.0105,3.943,194.632,1013.228,14.742,6.412,962.123,0.9439,24.254,1.299,11.728,1
77,A,HM-A104,35.026,50.427,2.675,0.0162,3.71,180.783,1012.905,15.845,6.828,984.839,1.0009,30.005,1.222,12.054,1
77,B,HM-B210,35.028,45.121,2.452,0.0239,3.546,175.331,1013.415,14.835,7.189,968.269,0.9933,20.843,1.143,11.716,1
77,C,HM-C305,37.25,45.043,3.958,0.029,4.927,163.794,1014.164,15.463,7.333,895.326,0.9788,18.478,0.923,12.29,1
77,D,HM-D118,35.948,44.099,2.943,0.0159,4.023,179.277,1013.236,14.952,8.122,966.421,1.0222,24.834,1.212,12.715,1
77,E,HM-E441,34.313,43.269,2.599,0.0165,3.759,191.777,1013.345,12.121,6.606,962.652,0.9771,21.927,0.893,12.352,1
77,F,HM-F087,33.376,44.502,2.558,0.0149,3.185,172.361,1014.052,15.049,7.212,966.401,0.9857,27.876,1.136,11.705,1
78,A,HM-A104,35.54,43.101,2.552,0.0173,3.573,198.617,1013.962,11.977,7.146,937.611,1.007,17.66,0.986,13.138,1
78,B,HM-B210,35.526,48.171,2.573,0.0196,3.843,175.858,1011.972,14.478,6.371,991.166,1.0037,24.102,0.758,11.662,1
78,C,HM-C305,36.469,45.5,4.469,0.0352,4.733,177.517,1013.178,11.634,6.736,938.383,1.0081,20.759,0.248,12.259,1
78,D,HM-D118,37.442,45.699,2.688,0.0239,3.189,189.646,1012.916,16.426,6.945,875.144,1.0182,21.123,1.414,13.564,1
78,E,HM-E441,36.003,45.589,2.895,0.0146,3.934,201.968,1012.79,11.676,7.317,998.965,0.9879,25.16,1.363,12.695,1
78,F,HM-F087,35.818,43.017,1.916,0.018,3.794,184.788,1011.779,15.164,7.115,945.788,0.98,19.711,0.531,10.796,1
79,A,HM-A104,34.849,44.938,2.618,0.0149,3.099,188.092,1012.363,12.671,7.776,924.343,1.0439,25.396,0.668,11.151,1
79,B,HM-B210,34.809,42.646,2.143,0.0125,3.51,163.291,1012.269,14.917,7.238,921.417,1.0255,29.184,1.063,11.501,1
79,C,HM-C305,35.684,42.231,4.191,0.0305,4.34,191.946,1012.412,15.543,7.227,903.786,1.0056,20.17,0.723,12.242,1
79,D,HM-D118,35.969,43.304,2.681,0.0244,4.217,178.034,1012.098,15.034,6.563,934.948,0.9993,18.949,0.519,11.737,1
79,E,HM-E441,36.969,43.014,2.485,0.0129,3.455,196.516,1014.142,15.134,7.268,916.381,1.0229,24.68,1.423,12.714,1
79,F,HM-F087,34.697,41.184,2.411,0.0123,3.766,186.419,1012.524,15.428,6.285,900.66,1.0203,22.376,1.626,11.789,1
80,A,HM-A104,35.149,48.903,2.304,0.0225,3.623,222.683,1012.845,14.281,6.38,949.905,0.9552,9.199,1.155,13.863,1
80,B,HM-B210,34.294,42.301,2.348,0.0188,2.974,190.566,1012.545,14.133,6.978,952.108,0.953,16.521,0.772,12.243,1
80,C,HM-C305,35.758,46.596,4.477,0.0284,4.827,174.096,1011.918,17.817,6.919,973.489,0.9895,24.661,0.469,10.606,1
80,D,HM-D118,35.334,43.283,2.778,0.0175,3.838,174.526,1012.711,14.964,7.107,914.728,1.0044,15.398,0.783,12.306,1
80,E,HM-E441,33.116,45.454,2.168,0.013,4.38,176.201,1012.598,13.869,6.659,1000.727,0.9805,21.211,1.286,11.94,1
80,F,HM-F087,36.109,42.28,2.715,0.0143,3.737,161.018,1012.819,15.124,6.918,963.342,0.9589,28.36,0.931,12.36,1
81,A,HM-A104,34.46,44.83,2.278,0.0191,3.203,200.787,1013.358,13.141,7.406,979.825,0.9394,20.596,0.769,10.965,1
81,B,HM-B210,35.587,49.759,2.481,0.0179,3.248,201.583,1013.222,16.123,6.882,974.015,1.0047,26.957,0.889,13.765,1
81,C,HM-C305,36.72,50.047,4.332,0.0289,5.086,186.385,1013.447,13.599,6.794,932.045,1.0505,23.141,0.876,9.408,1
81,D,HM-D118,33.947,44.866,2.079,0.0247,3.548,185.223,1013.34,13.498,7.061,948.18,1.013,24.876,0.993,12.443,1
81,E,HM-E441,35.327,49.902,2.708,0.0157,3.397,161.511,1013.69,13.292,7.425,943.668,0.9981,13.495,0.719,9.117,1
81,F,HM-F087,35.221,48.653,2.928,0.0175,3.491,173.501,1011.796,15.026,7.416,889.501,0.9937,29.348,0.763,11.989,1
82,A,HM-A104,35.112,44.972,2.689,0.0196,3.069,179.368,1012.525,11.645,6.752,974.25,0.9526,26.12,1.047,10.583,1
82,B,HM-B210,34.45,40.161,2.691,0.0112,3.196,190.451,1010.445,14.875,7.605,996.024,1.0376,21.067,0.725,11.83,1
82,C,HM-C305,37.2,46.371,3.884,0.033,5.427,211.887,1014.271,16.526,7.331,913.42,0.9737,26.104,1.315,12.29,1
82,D,HM-D118,36.27,37.787,3.029,0.0129,3.849,180.696,1013.771,15.0,7.838,976.968,1.0043,21.45,1.15,12.707,1
82,E,HM-E441,36.606,45.175,2.559,0.0206,3.7,155.766,1012.5,14.392,7.396,900.193,0.9272,26.406,0.734,11.736,1
82,F,HM-F087,35.301,42.391,2.612,0.0133,3.656,157.619,1012.963,14.407,6.781,936.298,1.0157,24.453,1.116,13.284,1
83,A,HM-A104,35.495,43.737,2.217,0.0234,3.219,178.844,1011.675,13.216,7.421,921.771,1.0244,23.036,0.973,13.153,1
83,B,HM-B210,35.262,47.354,2.175,0.0166,3.349,140.255,1012.851,14.535,7.453,1007.939,1.0048,18.498,0.496,12.893,1
83,C,HM-C305,35.523,50.391,4.473,0.0309,4.689,168.373,1013.937,15.877,7.449,922.588,1.0319,23.03,1.349,12.261,1
83,D,HM-D118,34.959,44.377,2.642,0.0145,4.212,153.797,1012.129,13.691,6.758,986.605,1.0124,20.866,1.212,13.204,1
83,E,HM-E441,34.884,46.265,2.219,0.0304,3.527,214.597,1012.324,15.329,7.409,975.717,1.0149,24.106,0.908,12.39,1
83,F,HM-F087,31.61,38.67,2.729,0.0245,3.402,160.625,1012.319,13.733,6.162,935.783,1.0144,27.8,0.91,13.082,1
84,A,HM-A104,35.928,44.671,2.249,0.0187,3.756,209.247,1012.774,12.596,6.179,913.059,0.9905,19.762,1.407,11.894,1
84,B,HM-B210,34.045,46.122,2.287,0.0232,3.682,165.585,1013.951,13.836,6.386,900.343,0.9715,25.702,1.195,12.771,1
84,C,HM-C305,36.428,42.544,5.034,0.0322,4.727,181.795,1015.054,14.713,7.017,946.466,0.9997,16.648,0.659,11.862,1
84,D,HM-D118,34.695,51.249,2.414,0.0172,4.364,181.258,1013.153,13.989,7.815,958.405,1.0247,23.936,1.326,11.246,1
84,E,HM-E441,36.054,46.417,2.862,0.0219,3.205,201.74,1011.409,13.949,7.282,966.023,0.9467,20.592,0.71,11.565,1
84,F,HM-F087,35.227,43.435,2.625,0.0208,3.787,177.303,1013.035,13.375,6.725,999.332,0.918,23.54,1.48,11.472,1
85,A,HM-A104,35.84,50.273,2.501,0.0174,3.585,195.259,1012.348,14.511,7.4,1053.485,0.9815,30.793,0.408,12.388,1
85,B,HM-B210,33.921,44.054,2.682,0.012,3.477,177.299,1011.646,11.239,6.713,906.15,1.0259,23.703,1.228,11.845,1
85,C,HM-C305,35.989,45.003,4.736,0.0346,4.59,144.969,1012.119,12.512,6.907,930.729,0.9905,24.795,0.269,12.891,1
85,D,HM-D118,34.866,52.316,3.113,0.0194,4.169,200.481,1012.462,16.24,6.538,977.556,0.943,26.485,0.979,12.063,1
85,E,HM-E441,36.235,40.672,2.631,0.0152,3.285,173.108,1013.107,12.552,6.591,982.69,0.9892,23.582,1.615,11.744,1
85,F,HM-F087,35.63,47.627,2.668,0.0152,4.096,196.738,1012.564,14.981,7.556,919.155,1.0143,26.596,0.78,12.763,1
86,A,HM-A104,35.181,43.716,2.492,0.0181,3.65,166.105,1012.404,12.781,6.749,937.971,1.0091,22.297,0.866,10.37,1
86,B,HM-B210,34.635,41.158,2.666,0.0206,3.106,176.557,1012.439,13.804,7.077,946.614,0.9904,25.906,1.108,12.64,1
86,C,HM-C305,35.905,47.481,4.434,0.0311,5.548,191.712,1012.16,14.542,7.492,939.704,0.9986,34.827,1.058,10.885,1
86,D,HM-D118,34.399,43.344,2.799,0.0256,3.995,175.498,1013.261,13.287,6.649,928.33,1.0017,28.945,1.362,11.398,1
86,E,HM-E441,36.745,49.23,2.346,0.0193,3.003,147.49,1012.393,11.088,7.021,962.62,0.9857,25.784,1.092,13.533,1
86,F,HM-F087,35.545,48.6,2.799,0.0237,3.806,145.554,1013.171,12.674,6.28,936.802,1.0221,17.022,1.068,11.972,1
87,A,HM-A104,35.537,45.304,2.465,0.0172,4.1,173.162,1012.23,15.599,6.556,903.921,1.0164,23.374,0.482,13.85,1
87,B,HM-B210,35.576,46.573,2.765,0.0162,2.829,213.635,1010.498,12.838,6.717,977.366,0.997,18.18,0.876,12.867,1
87,C,HM-C305,37.565,44.014,4.449,0.0397,4.509,160.095,1012.542,14.563,6.906,983.001,0.9623,25.063,0.868,12.166,1
87,D,HM-D118,34.082,43.569,3.325,0.0165,3.479,161.279,1012.696,11.862,6.496,959.795,0.9998,28.191,0.799,11.91,1
87,E,HM-E441,34.321,47.633,3.011,0.0197,3.574,157.001,1012.462,15.62,7.234,1045.245,0.933,24.275,0.541,11.428,1
87,F,HM-F087,37.929,42.838,2.482,0.0175,3.379,179.515,1014.564,13.72,6.675,950.069,1.0151,21.873,1.188,10.21,1
88,A,HM-A104,35.414,43.429,2.215,0.0151,3.442,164.025,1013.311,13.522,7.691,981.488,1.0245,29.724,1.018,11.743,1
88,B,HM-B210,35.459,48.88,2.02,0.01,3.714,193.534,1014.619,13.677,6.646,932.588,0.9406,6.241,1.335,10.885,1
88,C,HM-C305,37.585,43.935,4.596,0.0339,5.553,154.781,1011.94,11.342,6.15,1010.882,1.0489,21.905,0.891,12.125,1
88,D,HM-D118,33.937,46.288,3.133,0.0167,3.876,172.941,1012.257,18.758,6.253,934.436,0.9721,33.376,0.782,10.282,1
88,E,HM-E441,36.164,46.765,2.591,0.0188,3.553,200.52,1015.664,11.787,7.311,901.996,1.0521,28.648,0.567,11.356,1
88,F,HM-F087,34.481,38.913,2.467,0.014,3.488,187.576,1012.864,12.733,6.774,1016.298,1.0424,30.022,0.74,11.837,1
89,A,HM-A104,35.014,45.43,2.845,0.0194,3.49,173.094,1013.783,13.062,7.215,919.468,1.0158,16.846,0.756,10.897,1
89,B,HM-B210,34.667,45.079,2.559,0.0222,3.536,205.029,1012.115,12.312,6.773,940.873,0.9536,21.98,1.255,12.261,1
89,C,HM-C305,37.018,41.431,4.473,0.0331,4.739,191.293,1012.194,16.435,6.339,918.955,0.9876,28.966,0.462,11.783,1
89,D,HM-D118,35.758,43.472,3.062,0.0145,3.611,172.756,1013.917,14.306,6.937,1038.715,0.9802,28.549,0.954,11.744,1
89,E,HM-E441,33.601,43.549,1.809,0.0209,3.554,211.465,1012.345,13.622,7.204,961.131,1.0099,18.023,1.14,13.93,1
89,F,HM-F087,35.993,40.487,2.348,0.0155,3.182,174.76,1013.591,15.126,6.457,965.177,0.9701,25.533,0.966,10.736,1
90,A,HM-A104,33.587,44.858,2.364,0.0099,3.353,173.417,1013.681,14.994,7.925,994.381,0.9862,23.265,1.175,11.598,1
90,B,HM-B210,34.027,41.232,2.303,0.024,3.905,167.071,1012.095,12.969,7.147,953.21,0.982,29.012,0.627,11.275,1
90,C,HM-C305,37.228,45.644,4.663,0.036,4.699,183.219,1013.612,15.955,6.32,1000.382,0.996,28.116,0.774,12.652,1
90,D,HM-D118,35.283,46.809,3.053,0.0175,3.833,181.147,1013.334,11.92,6.816,977.545,0.9939,23.596,0.564,10.799,1
90,E,HM-E441,35.441,36.375,2.344,0.0273,4.123,153.367,1011.79,11.828,7.109,915.914,1.047,29.36,1.161,11.857,1
90,F,HM-F087,34.453,40.385,2.539,0.0141,3.111,194.787,1013.099,14.451,7.245,962.164,1.0227,20.165,0.931,12.641,1
91,A,HM-A104,35.076,43.677,1.919,0.0188,3.298,149.336,1013.321,14.237,6.492,932.62,0.9796,21.7,0.518,11.331,1
91,B,HM-B210,34.441,47.62,2.867,0.0194,3.43,176.782,1013.347,11.752,6.992,904.986,0.9654,23.54,1.237,12.226,1
91,C,HM-C305,36.627,42.138,4.346,0.0367,5.278,189.271,1013.994,14.804,7.173,916.641,0.9871,33.366,1.424,11.368,1
91,D,HM-D118,34.535,42.019,3.039,0.0173,3.942,200.731,1012.757,13.991,7.285,990.523,0.9922,23.941,0.709,10.321,1
91,E,HM-E441,34.636,45.095,2.514,0.022,3.651,164.711,1011.983,14.486,6.917,915.756,0.9487,26.299,1.381,11.381,1
91,F,HM-F087,35.737,44.642,2.325,0.0225,3.135,164.09,1013.636,13.698,6.932,917.897,0.9938,23.047,1.225,11.773,1
92,A,HM-A104,35.532,47.985,2.579,0.0166,3.435,183.31,1013.502,14.579,7.637,958.91,0.9648,21.519,0.875,11.966,1
92,B,HM-B210,33.777,44.729,2.265,0.0173,4.443,189.167,1012.704,11.831,6.776,947.729,1.0629,24.991,1.171,12.139,1
92,C,HM-C305,37.217,40.305,4.788,0.0312,4.884,173.395,1011.092,13.85,6.964,982.491,0.9847,27.892,1.479,11.581,1
92,D,HM-D118,35.448,45.891,2.561,0.0231,4.229,149.445,1013.189,11.405,7.088,980.038,0.9629,28.068,1.302,12.954,1
92,E,HM-E441,35.505,45.032,2.538,0.0214,3.778,183.403,1013.023,11.82,7.2,973.885,1.0042,32.826,0.851,13.31,1
92,F,HM-F087,35.319,40.906,2.594,0.0164,3.155,191.344,1012.383,13.835,7.465,912.746,0.9533,28.674,1.186,11.793,1
93,A,HM-A104,35.799,45.34,2.574,0.022,2.936,183.513,1011.568,14.774,7.239,943.418,1.0246,17.465,1.319,10.544,1
93,B,HM-B210,35.495,45.926,2.682,0.0125,3.376,218.223,1013.292,14.315,6.256,918.963,0.9766,17.619,1.318,13.848,1
93,C,HM-C305,36.075,41.487,4.641,0.0312,5.267,188.488,1011.857,13.036,7.682,932.43,0.9911,27.407,0.855,13.319,1
93,D,HM-D118,34.298,41.451,2.825,0.0179,3.805,169.643,1013.204,13.14,6.775,936.64,0.9892,26.868,1.038,10.87,1
93,E,HM-E441,36.34,45.507,2.958,0.0232,3.529,160.116,1012.31,11.537,7.059,1012.15,0.9639,12.95,1.264,10.746,1
93,F,HM-F087,35.409,44.006,2.549,0.0199,3.135,157.753,1013.395,13.553,6.926,960.247,0.9772,26.933,0.369,12.423,1
94,A,HM-A104,35.375,51.185,2.533,0.0164,3.771,195.608,1012.163,14.801,6.691,954.47,0.9725,19.96,1.094,11.136,1
94,B,HM-B210,36.319,48.416,2.414,0.018,3.777,175.469,1012.158,12.194,6.712,923.616,0.9693,34.924,1.144,11.034,1
94,C,HM-C305,35.326,48.566,4.179,0.0334,5.44,181.066,1012.869,15.064,7.1,999.172,1.0021,22.289,0.882,12.43,1
94,D,HM-D118,34.704,43.656,3.089,0.02,4.387,183.359,1012.629,15.026,7.325,947.93,1.012,26.024,1.49,13.497,1
94,E,HM-E441,34.446,44.642,2.594,0.0142,3.168,156.555,1012.194,15.106,6.839,948.76,1.0188,20.143,0.576,12.296,1
94,F,HM-F087,37.759,42.714,2.809,0.017,3.226,189.222,1012.16,12.685,7.138,957.202,1.0219,22.374,1.05,9.537,1
95,A,HM-A104,35.937,52.909,2.86,0.0155,3.51,180.91,1013.066,15.64,6.886,923.721,1.0342,20.33,0.657,11.848,1
95,B,HM-B210,33.203,39.749,2.727,0.0159,3.396,190.787,1013.112,13.317,7.069,980.243,0.976,29.294,0.844,12.222,1
95,C,HM-C305,36.179,40.55,4.927,0.0379,5.168,155.376,1012.883,14.905,7.224,927.11,1.0002,23.621,0.636,11.487,0
95,D,HM-D118,36.196,46.445,2.715,0.015,4.001,202.577,1012.692,11.725,6.878,973.832,0.9583,24.235,1.506,11.681,1
95,E,HM-E441,35.314,47.547,2.479,0.0166,3.081,194.708,1013.567,14.44,6.844,888.099,0.9942,31.305,0.601,11.283,1
95,F,HM-F087,35.963,40.88,2.583,0.0159,3.408,187.403,1013.403,13.446,6.967,930.988,1.0061,30.105,1.274,11.4,1
96,A,HM-A104,34.641,44.695,2.222,0.0126,3.847,195.74,1012.851,15.633,7.495,966.787,0.9493,23.808,0.72,12.814,1
96,B,HM-B210,34.922,43.203,2.596,0.0236,3.681,205.92,1014.182,13.97,7.247,950.223,1.0166,22.445,1.412,12.565,1
96,C,HM-C305,37.14,45.053,4.938,0.0378,4.988,181.107,1012.179,14.711,8.084,1001.759,0.9706,29.853,0.912,10.746,0
96,D,HM-D118,35.153,40.032,3.11,0.0227,4.021,188.65,1011.083,13.39,7.215,1033.151,1.0075,22.578,0.425,13.129,1
96,E,HM-E441,35.736,46.814,2.514,0.0257,3.015,203.295,1013.169,14.376,7.213,869.152,1.021,21.217,0.683,12.493,1
96,F,HM-F087,35.745,44.586,2.401,0.0177,3.645,171.728,1013.005,14.459,6.736,947.134,1.0321,18.038,0.946,9.421,1
97,A,HM-A104,34.721,45.652,2.684,0.015,3.626,166.43,1015.115,14.541,6.722,978.956,0.9724,23.522,1.084,12.724,1
97,B,HM-B210,35.369,46.96,2.213,0.0164,3.607,173.585,1011.899,13.939,7.318,995.805,0.998,23.203,1.012,12.76,1
97,C,HM-C305,35.417,47.882,4.79,0.0383,5.705,192.183,1012.556,12.597,7.989,874.206,0.9537,20.472,0.704,12.019,0
97,D,HM-D118,36.751,44.928,3.178,0.0202,4.641,185.977,1012.454,14.186,7.075,962.607,1.0421,25.425,1.104,11.344,1
97,E,HM-E441,33.325,44.917,2.675,0.0207,3.812,186.404,1012.882,13.491,7.093,905.629,1.0173,20.979,0.79,11.061,1
97,F,HM-F087,34.287,47.402,2.35,0.0217,3.309,186.116,1014.283,12.906,6.305,971.543,0.9598,16.952,0.826,11.143,1
98,A,HM-A104,34.681,44.661,2.73,0.0169,4.175,184.644,1013.793,11.746,6.64,912.868,0.9801,23.185,1.037,11.01,1
98,B,HM-B210,33.875,42.611,2.143,0.0159,3.309,167.948,1013.083,12.597,7.04,944.693,1.0064,22.529,0.92,11.966,1
98,C,HM-C305,35.885,43.865,5.261,0.0346,5.782,170.147,1011.579,12.195,7.409,903.498,0.9737,29.813,1.469,11.899,0
98,D,HM-D118,35.156,43.279,3.118,0.0116,3.866,215.247,1012.11,13.066,5.986,929.419,0.9844,21.781,1.058,12.216,1
98,E,HM-E441,35.571,43.098,2.247,0.0214,2.477,162.714,1013.173,15.916,7.022,998.749,0.9934,30.728,0.728,11.518,1
98,F,HM-F087,34.967,48.208,2.54,0.0191,3.142,181.618,1013.09,15.957,7.12,950.811,0.9612,24.036,1.531,12.142,1
99,A,HM-A104,35.287,43.742,2.111,0.016,3.396,166.297,1012.847,12.009,6.916,951.611,1.0399,20.408,1.285,10.196,1
99,B,HM-B210,34.214,45.577,2.705,0.0154,3.384,181.585,1013.164,13.489,5.983,923.116,0.9947,21.854,1.236,13.989,1
99,C,HM-C305,36.06,46.483,4.78,0.0325,5.673,181.503,1013.339,14.065,7.294,980.927,0.94,17.288,1.18,11.762,0
99,D,HM-D118,34.005,44.799,3.445,0.021,3.802,170.005,1012.518,13.308,7.93,908.816,1.0183,23.248,1.067,11.097,1
99,E,HM-E441,35.833,44.501,2.234,0.0171,4.149,173.091,1012.88,12.905,7.005,1006.242,1.0549,23.931,0.657,11.055,1
99,F,HM-F087,35.388,43.845,2.403,0.0215,3.509,175.449,1011.775,13.213,7.606,987.933,1.0237,27.723,0.959,11.519,1
100,A,HM-A104,34.169,44.036,2.515,0.0162,3.802,167.513,1013.277,12.974,6.867,985.315,0.9794,30.618,1.22,11.724,1
100,B,HM-B210,35.527,41.716,2.437,0.0121,3.543,177.516,1011.228,12.338,6.482,931.324,1.0212,26.123,1.163,11.899,1
100,C,HM-C305,38.066,46.164,5.129,0.0382,5.316,194.887,1010.248,13.63,6.539,922.589,0.9908,25.115,1.309,13.044,0
100,D,HM-D118,34.936,39.523,3.168,0.0117,4.184,173.461,1012.542,12.303,6.837,943.847,0.9872,20.416,1.02,13.121,1
100,E,HM-E441,35.122,41.721,2.756,0.0199,3.929,171.675,1012.916,13.912,7.48,874.418,1.043,27.211,0.802,10.787,1
100,F,HM-F087,34.993,41.361,2.366,0.0125,4.032,169.035,1011.587,13.443,6.466,1023.437,0.9968,25.512,1.208,11.825,1
101,A,HM-A104,36.032,45.717,2.454,0.0191,3.581,164.022,1013.48,11.611,7.152,1003.2,0.9835,32.37,0.841,14.163,1
101,B,HM-B210,33.555,42.441,2.646,0.0158,3.269,160.009,1011.353,14.65,7.275,949.437,0.9646,23.098,0.842,12.742,1
101,C,HM-C305,34.926,44.338,5.035,0.0348,5.152,156.463,1012.798,11.065,6.816,978.555,1.0336,18.889,1.296,12.578,0
101,D,HM-D118,36.204,48.913,3.344,0.0189,4.049,186.608,1011.488,17.074,7.031,922.178,1.0008,19.78,0.844,11.199,1
101,E,HM-E441,36.598,43.356,2.373,0.017,3.56,196.752,1014.248,12.002,7.082,978.631,0.9963,26.264,1.343,12.691,1
101,F,HM-F087,35.341,46.366,2.36,0.0227,3.072,171.708,1011.545,13.58,6.9,950.033,1.0001,24.389,1.227,12.065,1
102,A,HM-A104,34.028,50.333,2.613,0.0209,3.177,171.495,1013.482,11.449,7.373,980.94,0.9899,27.626,1.342,12.183,1
102,B,HM-B210,34.238,42.927,2.794,0.0174,3.761,147.864,1013.145,14.546,7.268,943.168,1.0279,21.725,0.747,11.499,1
102,C,HM-C305,37.447,45.346,5.323,0.0365,5.656,185.626,1011.757,15.215,7.013,1020.963,1.0181,23.119,1.242,10.877,0
102,D,HM-D118,35.631,46.15,3.449,0.007,4.812,187.389,1011.518,12.855,6.93,973.183,0.9766,24.07,1.577,12.175,1
102,E,HM-E441,35.771,49.753,2.308,0.017,3.282,202.969,1013.225,12.763,7.118,907.087,0.9721,19.353,1.213,11.359,1
102,F,HM-F087,36.352,45.118,2.162,0.0174,2.512,167.913,1012.407,12.934,7.22,948.455,0.9982,21.38,1.741,11.835,1
103,A,HM-A104,35.002,41.829,2.25,0.0142,3.846,184.604,1012.836,14.942,6.515,969.901,1.0628,18.514,1.01,13.367,1
103,B,HM-B210,36.295,44.098,2.416,0.0194,3.604,176.264,1012.776,11.694,7.132,1004.573,0.9644,20.835,1.224,11.654,1
103,C,HM-C305,38.231,46.222,4.855,0.0392,5.591,155.142,1013.376,14.407,7.283,947.028,0.9922,22.538,1.163,9.917,0
103,D,HM-D118,35.013,45.825,3.485,0.0166,4.686,192.183,1012.428,12.69,6.474,919.094,0.9557,19.993,1.082,11.649,1
103,E,HM-E441,34.958,48.309,2.815,0.016,3.998,179.283,1012.123,13.277,7.59,913.949,1.0343,36.991,0.925,12.678,1
103,F,HM-F087,34.212,44.589,2.915,0.0171,3.917,174.278,1010.545,15.135,6.228,1010.616,0.9809,22.134,0.679,10.437,1
104,A,HM-A104,35.632,42.619,2.673,0.0199,4.067,173.573,1013.136,13.5,6.693,949.669,1.0083,13.934,1.126,12.305,1
104,B,HM-B210,33.727,40.557,2.705,0.013,3.51,163.007,1015.003,12.464,7.356,923.223,1.0272,23.223,1.354,11.226,1
104,C,HM-C305,38.51,42.032,5.343,0.036,5.617,203.908,1013.294,14.792,7.08,1017.462,1.0473,15.753,1.245,11.09,0
104,D,HM-D118,34.78,44.719,3.26,0.0248,4.402,183.219,1014.011,14.785,7.462,958.954,0.9971,22.915,0.449,10.767,1
104,E,HM-E441,32.646,45.063,2.156,0.0198,3.503,187.492,1013.009,14.315,7.06,893.48,1.0714,32.117,0.849,11.954,1
104,F,HM-F087,33.804,44.953,2.736,0.0224,3.022,199.742,1012.881,13.256,6.938,946.115,1.0302,32.518,0.988,12.346,1
105,A,HM-A104,35.522,43.819,2.729,0.0198,3.554,191.19,1011.968,16.461,6.745,985.34,0.9753,28.869,1.273,11.328,1
105,B,HM-B210,35.876,44.99,2.806,0.0136,3.743,168.143,1014.302,12.84,7.94,966.355,0.9431,28.789,0.985,11.16,1
105,C,HM-C305,37.591,39.012,5.331,0.0361,6.304,192.975,1013.582,13.925,7.221,953.919,1.0153,33.767,1.026,12.884,0
105,D,HM-D118,35.042,45.008,3.441,0.0224,4.222,198.745,1012.708,14.456,6.955,983.362,0.9861,26.652,2.035,11.829,1
105,E,HM-E441,35.157,44.558,2.716,0.025,3.622,205.495,1014.18,14.607,6.74,924.457,0.9833,22.611,0.814,10.523,1
105,F,HM-F087,32.88,42.489,2.196,0.0151,3.84,178.268,1014.054,15.079,6.749,945.865,1.0034,9.738,0.816,11.609,1
106,A,HM-A104,33.957,45.164,2.505,0.026,3.279,194.014,1013.396,13.301,6.518,954.475,0.9995,21.484,0.394,12.262,1
106,B,HM-B210,35.869,44.922,2.39,0.0226,3.528,194.605,1012.346,14.144,6.88,910.414,1.0031,16.559,0.894,11.419,1
106,C,HM-C305,35.785,49.756,5.2,0.0402,6.054,168.989,1013.986,12.095,6.824,961.714,0.9669,24.575,1.275,13.237,0
106,D,HM-D118,36.017,48.391,3.386,0.0194,4.081,187.665,1013.414,16.059,6.974,1013.64,0.9672,30.164,0.981,13.334,1
106,E,HM-E441,34.941,49.852,2.897,0.0161,3.298,179.042,1012.104,15.244,7.073,1010.024,0.9351,20.052,0.783,12.655,1
106,F,HM-F087,34.637,48.997,2.496,0.0171,2.881,173.533,1012.693,12.937,7.334,901.973,1.0194,31.181,1.022,12.711,1
107,A,HM-A104,34.467,48.376,2.625,0.0166,4.06,165.481,1012.347,11.669,5.857,1011.872,0.9916,14.073,0.665,11.788,1
107,B,HM-B210,34.997,50.735,2.574,0.019,3.915,188.882,1013.89,15.879,6.505,992.773,1.0114,23.753,0.949,13.64,1
107,C,HM-C305,37.932,41.006,5.372,0.0435,6.083,189.206,1011.727,12.693,6.797,916.856,0.9916,20.711,0.98,12.749,0
107,D,HM-D118,35.937,41.873,3.602,0.0134,4.004,166.58,1012.535,13.588,7.031,994.091,0.9559,22.192,0.835,10.936,1
107,E,HM-E441,34.062,43.092,2.742,0.0199,3.387,162.161,1013.479,13.622,7.183,1001.571,1.0246,21.928,0.524,12.897,1
107,F,HM-F087,33.714,50.572,2.504,0.0208,3.43,183.409,1013.636,17.035,6.726,928.773,0.9899,22.326,1.204,12.16,1
108,A,HM-A104,34.3,51.246,2.883,0.0242,3.128,176.117,1012.072,11.655,7.127,962.564,0.9525,14.426,1.153,11.787,1
108,B,HM-B210,33.82,41.38,2.724,0.0179,3.655,183.522,1013.936,13.118,6.933,981.92,0.9953,20.016,0.745,13.019,1
108,C,HM-C305,38.175,42.914,5.346,0.0385,6.56,153.7,1012.876,15.083,6.609,891.433,0.9389,23.701,1.045,13.591,0
108,D,HM-D118,35.269,45.738,3.404,0.0139,4.938,210.743,1011.357,14.17,7.263,944.519,0.9914,26.643,0.539,10.521,1
108,E,HM-E441,34.004,41.346,2.246,0.0175,3.337,160.645,1012.432,12.798,6.538,946.108,1.0311,19.616,1.112,13.693,1
108,F,HM-F087,34.025,44.13,2.671,0.0158,2.964,184.322,1012.323,14.327,7.269,898.629,0.9437,26.389,1.369,12.64,1
109,A,HM-A104,34.071,46.971,3.263,0.0213,3.492,193.093,1012.221,16.731,7.125,965.481,1.0072,26.957,1.044,11.39,1
109,B,HM-B210,36.4,41.064,2.579,0.0143,3.613,170.011,1013.385,15.933,6.666,968.335,1.0227,31.297,0.769,9.609,1
109,C,HM-C305,38.161,50.232,5.171,0.0406,5.796,178.852,1012.415,13.178,6.478,925.418,0.9978,22.099,0.019,12.697,0
109,D,HM-D118,33.994,42.998,3.214,0.0118,4.022,188.966,1013.477,12.824,6.581,928.272,0.9709,26.33,0.906,13.896,1
109,E,HM-E441,34.757,42.933,2.691,0.0165,3.789,204.63,1012.502,14.889,7.681,941.241,1.0032,21.692,1.24,12.522,1
109,F,HM-F087,33.285,41.1,2.837,0.0195,3.542,186.715,1014.65,15.848,8.073,1009.682,0.9691,19.832,1.231,9.953,1
110,A,HM-A104,36.747,47.896,2.282,0.0223,3.707,173.701,1012.878,13.04,7.279,967.332,1.0049,28.708,0.682,11.309,1
110,B,HM-B210,34.781,42.515,2.352,0.0202,3.974,166.143,1012.567,12.978,6.705,968.092,0.9786,23.339,1.175,14.523,1
110,C,HM-C305,36.269,46.457,5.55,0.038,5.965,196.842,1012.835,14.264,6.621,927.413,0.9979,19.931,1.806,12.103,0
110,D,HM-D118,35.134,40.89,3.227,0.024,4.3,182.813,1013.723,13.803,6.951,928.221,1.0236,15.882,0.596,10.213,1
110,E,HM-E441,35.121,42.036,2.632,0.0141,3.596,202.97,1013.519,12.045,7.448,938.125,0.9776,26.938,1.228,9.312,1
110,F,HM-F087,33.948,48.025,2.312,0.0175,3.443,195.536,1012.98,14.581,7.012,938.235,0.9452,23.596,0.362,13.718,1
111,A,HM-A104,35.129,43.07,2.79,0.0153,3.413,173.179,1011.731,15.947,6.547,883.571,1.021,20.831,0.764,11.043,1
111,B,HM-B210,34.641,46.106,2.532,0.0186,3.676,174.491,1013.244,15.548,6.714,952.564,0.9898,22.518,0.957,11.129,1
111,C,HM-C305,37.758,43.48,5.711,0.0348,5.912,206.337,1011.73,17.014,7.157,943.436,0.9394,23.497,0.615,13.228,0
111,D,HM-D118,33.263,49.406,3.733,0.0114,4.147,184.929,1014.502,15.08,6.488,912.147,0.9945,22.949,0.855,10.838,1
111,E,HM-E441,36.811,49.253,2.414,0.0188,3.484,163.817,1013.176,15.747,7.021,993.583,0.9599,29.163,0.938,12.019,1
111,F,HM-F087,33.866,45.358,2.461,0.0168,3.552,163.243,1012.651,13.423,7.345,996.017,0.9937,8.909,0.965,12.586,1
112,A,HM-A104,34.687,46.012,2.135,0.011,3.519,175.46,1013.524,14.649,6.999,969.298,1.0038,23.431,0.884,10.923,1
112,B,HM-B210,33.614,41.963,2.352,0.0172,2.844,161.59,1012.644,12.455,7.02,956.736,1.0549,15.86,0.58,11.051,1
112,C,HM-C305,37.292,42.217,5.407,0.0411,5.927,193.503,1012.257,14.171,6.882,999.409,0.9775,24.227,1.344,13.327,0
112,D,HM-D118,35.77,46.095,3.491,0.0157,4.628,194.45,1013.683,16.766,7.667,902.822,1.0307,16.741,0.748,11.684,1
112,E,HM-E441,35.754,48.229,2.586,0.0195,3.047,172.551,1012.559,13.571,8.274,944.071,1.0268,28.142,0.953,11.875,1
112,F,HM-F087,37.22,42.375,2.478,0.0212,3.591,186.919,1012.493,16.076,7.392,927.521,1.0343,28.333,0.757,12.75,1
113,A,HM-A104,35.635,42.856,2.206,0.0253,3.741,173.688,1012.128,13.111,6.063,912.736,1.0295,30.692,1.181,12.566,1
113,B,HM-B210,35.057,43.121,2.339,0.0162,3.179,167.753,1013.239,15.915,5.873,911.699,1.0224,19.633,1.161,13.323,1
113,C,HM-C305,37.552,45.766,5.537,0.0462,5.926,174.98,1012.967,12.634,6.355,914.446,1.0078,25.872,0.688,9.023,0
113,D,HM-D118,34.539,44.042,3.068,0.0162,4.683,192.484,1011.915,13.095,6.446,898.692,0.9749,20.867,1.428,11.278,1
113,E,HM-E441,35.051,41.27,2.473,0.0156,3.851,186.909,1013.214,14.921,7.69,934.527,0.9772,30.237,1.415,14.187,1
113,F,HM-F087,35.48,50.047,2.718,0.0179,4.585,157.245,1013.463,13.518,7.279,946.183,0.9881,30.092,0.907,11.533,1
114,A,HM-A104,34.857,44.393,2.774,0.0179,3.787,165.709,1011.469,16.841,6.785,991.982,1.0106,25.354,1.006,14.911,1
114,B,HM-B210,33.688,46.193,2.112,0.0236,3.392,171.714,1014.0,12.788,6.509,1028.808,0.9978,28.902,0.728,10.098,1
114,C,HM-C305,37.336,44.065,5.824,0.0391,6.802,166.34,1012.703,15.79,7.135,938.508,1.0137,22.701,0.806,10.436,0
114,D,HM-D118,37.547,46.771,3.797,0.0173,4.094,178.276,1012.225,13.242,6.942,922.145,0.9335,14.349,1.179,11.02,1
114,E,HM-E441,35.652,44.093,2.439,0.0167,3.41,176.917,1013.038,13.497,6.712,958.177,1.0003,22.386,1.261,12.019,1
114,F,HM-F087,34.302,48.76,2.802,0.0182,3.459,205.237,1014.042,13.905,7.046,863.93,1.0484,20.258,1.032,11.894,1
115,A,HM-A104,34.145,43.138,2.092,0.0161,3.671,158.066,1014.447,13.005,6.713,940.572,1.0307,27.925,0.759,12.896,1
115,B,HM-B210,35.343,38.953,2.406,0.0078,3.755,195.97,1013.004,13.544,6.843,970.586,1.0244,20.821,0.985,10.741,1
115,C,HM-C305,36.485,43.19,5.661,0.0435,6.244,173.518,1013.817,13.376,6.941,926.574,1.0104,32.622,0.983,11.289,0
115,D,HM-D118,35.562,43.343,3.565,0.021,4.151,181.381,1013.476,11.083,6.6,935.521,0.9957,27.282,1.298,13.972,1
115,E,HM-E441,35.525,45.814,2.743,0.0176,4.026,153.416,1012.358,15.553,6.827,994.482,0.9936,23.687,1.111,12.149,1
115,F,HM-F087,35.516,43.094,2.529,0.0178,4.319,182.385,1014.635,15.884,6.768,982.479,0.9855,24.516,1.356,13.18,1
116,A,HM-A104,35.373,43.093,2.667,0.0207,2.824,181.119,1011.745,15.947,7.046,967.029,1.0112,19.649,1.365,12.427,1
116,B,HM-B210,35.158,44.687,2.212,0.0247,3.66,190.073,1015.697,13.558,7.392,902.757,0.9842,21.962,1.094,11.229,1
116,C,HM-C305,38.021,40.568,5.466,0.0388,6.449,170.447,1012.865,16.853,7.233,925.196,0.9895,34.403,0.626,13.692,0
116,D,HM-D118,34.736,41.521,3.796,0.0077,4.726,189.312,1013.789,14.917,6.491,908.623,0.9346,21.156,0.48,11.341,1
116,E,HM-E441,34.167,46.722,2.787,0.0161,3.045,193.064,1012.94,13.52,7.508,962.659,0.9768,23.634,0.867,11.467,1
116,F,HM-F087,34.714,41.067,2.458,0.0113,3.254,176.026,1015.599,11.754,6.777,949.162,1.0531,17.184,0.811,11.792,1
117,A,HM-A104,36.911,45.458,2.605,0.0216,3.649,174.078,1011.73,12.712,6.492,869.741,1.0209,17.367,0.62,13.358,1
117,B,HM-B210,33.82,46.145,2.456,0.0137,3.524,168.32,1013.016,14.146,6.741,917.757,1.0184,32.817,1.171,12.095,1
117,C,HM-C305,38.654,43.141,5.454,0.0428,6.043,180.991,1013.212,14.041,6.861,946.82,1.054,17.222,1.437,13.905,0
117,D,HM-D118,35.151,44.152,3.665,0.0166,4.592,185.872,1011.184,17.439,6.971,990.773,0.9273,24.246,1.16,9.91,1
117,E,HM-E441,35.536,43.521,2.461,0.0194,3.396,170.784,1013.543,15.633,6.78,882.946,1.004,27.181,0.334,12.011,1
117,F,HM-F087,34.076,42.139,2.511,0.0242,3.873,185.542,1011.284,12.524,7.688,947.721,0.9783,30.299,1.351,10.148,1
118,A,HM-A104,35.505,43.418,2.588,0.0149,3.122,181.836,1013.128,14.595,6.705,933.651,0.9847,32.825,0.933,11.768,1
118,B,HM-B210,35.418,42.438,2.33,0.0196,3.292,163.354,1013.981,14.774,7.328,933.011,0.9978,21.597,1.3,12.866,1
118,C,HM-C305,36.921,50.702,5.955,0.0403,6.273,167.561,1012.298,14.085,7.832,954.385,0.9964,18.205,1.262,13.198,0
118,D,HM-D118,34.348,48.538,3.455,0.0145,5.016,194.591,1012.091,15.51,6.476,950.451,0.9877,20.513,1.22,11.015,1
118,E,HM-E441,35.857,42.529,2.736,0.0228,3.165,168.825,1014.014,13.223,7.183,911.794,0.9783,26.103,0.694,10.717,1
118,F,HM-F087,34.692,45.023,2.492,0.0234,3.376,162.437,1012.478,13.139,5.933,950.323,1.0155,23.104,0.87,12.776,1
119,A,HM-A104,33.48,44.717,2.985,0.0191,2.941,206.813,1014.991,15.662,6.568,967.92,0.9785,28.067,1.636,9.346,1
119,B,HM-B210,35.431,48.028,2.494,0.015,3.39,177.459,1013.082,14.092,6.771,899.907,1.0363,20.297,1.118,11.532,1
119,C,HM-C305,37.518,45.764,6.199,0.0417,5.575,154.486,1013.595,13.855,6.945,1002.97,1.0403,28.284,0.944,12.611,0
119,D,HM-D118,34.708,43.444,3.74,0.0176,4.598,164.161,1013.74,12.705,7.326,938.423,0.9915,22.053,0.624,11.389,1
119,E,HM-E441,36.666,42.747,2.412,0.0228,3.065,167.844,1013.459,12.924,6.38,939.586,0.9346,27.122,0.956,9.266,1
119,F,HM-F087,34.353,50.312,2.409,0.0224,3.472,185.208,1012.741,16.52,5.993,894.734,0.9845,31.582,0.768,12.941,1
120,A,HM-A104,34.949,47.696,1.98,0.0197,3.264,195.193,1012.788,13.348,7.038,965.941,0.9962,27.354,0.761,12.039,1
120,B,HM-B210,34.606,44.559,2.625,0.0213,3.723,166.313,1012.465,13.978,7.287,938.464,1.0081,27.222,1.176,12.981,1
120,C,HM-C305,36.971,41.596,5.85,0.0435,6.36,189.191,1013.721,12.146,7.213,930.471,0.9822,25.37,1.272,12.805,0
120,D,HM-D118,35.465,44.053,3.718,0.0146,4.782,196.795,1013.537,13.024,6.773,935.512,0.9701,10.495,0.843,12.901,1
120,E,HM-E441,35.109,45.672,2.262,0.0214,3.519,179.446,1012.077,13.092,7.7,970.57,1.0219,27.286,0.854,12.462,1
120,F,HM-F087,33.545,48.945,2.701,0.0105,3.412,149.716,1012.842,11.214,7.422,854.617,0.9933,25.187,1.017,12.691,1
121,A,HM-A104,34.036,43.715,2.22,0.0141,3.23,173.423,1013.197,12.168,7.459,965.274,0.93,22.49,0.757,13.707,1
121,B,HM-B210,35.801,44.11,2.656,0.0267,3.9,177.095,1013.342,13.727,6.633,920.043,1.013,27.951,1.507,11.452,1
121,C,HM-C305,38.486,43.898,5.801,0.0414,6.753,188.915,1012.721,11.456,6.757,983.729,1.0314,20.461,0.786,12.955,0
121,D,HM-D118,34.6,43.914,3.486,0.0144,4.753,190.429,1014.095,11.613,7.247,910.618,1.0086,28.19,0.786,11.08,1
121,E,HM-E441,34.198,40.027,2.749,0.0161,3.405,178.904,1014.039,14.249,6.446,1009.756,1.0039,18.138,0.89,11.486,1
121,F,HM-F087,36.851,41.772,3.088,0.0154,4.038,178.446,1013.711,12.167,6.649,992.36,0.9821,19.309,1.088,11.679,1
122,A,HM-A104,35.371,43.041,2.585,0.0178,3.595,171.808,1013.122,16.614,6.658,989.491,1.0237,36.04,0.62,10.617,1
122,B,HM-B210,37.093,42.066,3.149,0.0163,3.966,171.91,1014.586,14.753,7.891,982.722,1.034,19.257,0.966,11.265,1
122,C,HM-C305,37.752,42.149,6.172,0.0469,6.536,206.592,1012.07,14.395,6.845,936.641,1.0285,27.608,1.176,9.097,0
122,D,HM-D118,34.979,45.473,3.907,0.0168,4.95,186.658,1013.099,14.383,6.346,930.215,1.0182,25.969,0.59,12.449,1
122,E,HM-E441,35.589,44.601,2.47,0.0145,3.081,188.82,1011.91,17.041,6.817,1031.668,0.9578,30.83,1.144,12.66,1
122,F,HM-F087,35.458,43.028,2.532,0.0148,3.823,140.559,1011.636,15.418,7.123,977.075,1.0153,23.634,1.253,13.064,1
123,A,HM-A104,35.704,41.016,2.541,0.017,3.797,158.724,1012.586,14.568,7.561,921.693,1.0136,23.819,0.464,10.888,1
123,B,HM-B210,34.795,43.863,2.446,0.025,3.724,175.425,1012.367,15.398,6.961,965.351,0.9611,18.74,0.972,11.824,1
123,C,HM-C305,39.272,40.879,6.094,0.0467,6.88,183.204,1012.059,15.99,7.729,972.107,1.0492,17.163,1.064,12.004,0
123,D,HM-D118,34.74,44.538,3.867,0.0254,4.949,191.927,1013.303,13.723,7.389,974.212,1.0401,27.601,1.767,12.812,1
123,E,HM-E441,34.918,45.026,2.477,0.0171,3.421,203.762,1012.334,16.637,6.831,1027.727,0.9779,15.952,1.476,14.077,1
123,F,HM-F087,33.691,44.278,1.992,0.022,3.297,152.989,1012.384,15.974,6.845,1032.728,1.0,25.302,0.65,12.066,1
124,A,HM-A104,35.361,45.186,2.231,0.0181,3.339,173.113,1013.416,15.272,7.116,952.83,1.0148,16.459,0.944,11.871,1
124,B,HM-B210,33.286,40.888,2.608,0.0182,3.811,141.356,1012.79,13.321,7.116,960.935,1.0132,20.945,1.394,11.745,1
124,C,HM-C305,37.434,45.433,5.907,0.0498,6.597,200.795,1011.324,14.736,6.817,956.846,0.9759,27.551,0.439,13.044,0
124,D,HM-D118,34.83,49.097,3.885,0.0154,5.363,160.711,1013.651,12.903,7.188,968.468,1.0302,16.852,1.318,13.848,1
124,E,HM-E441,35.553,44.82,2.557,0.0185,3.863,205.246,1012.454,13.369,6.959,945.596,1.0285,38.336,1.179,12.417,1
124,F,HM-F087,36.743,44.966,2.55,0.0123,3.534,182.115,1011.87,14.073,6.082,986.638,1.0179,17.436,0.823,13.013,1
125,A,HM-A104,34.928,46.975,2.674,0.0196,3.933,182.417,1013.773,12.552,6.962,987.254,1.0331,23.045,1.117,11.062,1
125,B,HM-B210,34.331,46.33,2.378,0.0159,3.494,183.924,1012.872,16.336,6.611,947.467,1.0341,28.654,1.071,10.72,1
125,C,HM-C305,38.514,46.91,6.396,0.0439,7.167,185.743,1013.21,13.94,8.17,943.084,1.0019,21.66,1.309,11.343,0
125,D,HM-D118,35.279,43.392,3.961,0.0216,5.059,188.391,1014.483,13.233,6.872,971.241,1.0242,19.52,1.106,11.252,1
125,E,HM-E441,35.186,45.589,2.767,0.0216,3.915,167.402,1012.402,12.073,7.114,934.869,1.0176,28.299,0.823,11.121,1
125,F,HM-F087,35.109,41.498,2.356,0.0172,3.397,187.704,1013.854,12.434,7.227,922.316,1.0005,20.483,1.098,9.55,1
126,A,HM-A104,34.219,44.416,2.699,0.0199,3.427,175.992,1012.618,14.18,7.108,854.074,1.0407,21.421,1.137,10.673,1
126,B,HM-B210,34.432,44.308,3.355,0.0166,3.545,163.772,1013.685,14.254,8.253,959.686,1.0044,28.027,1.56,11.531,1
126,C,HM-C305,37.366,42.4,6.115,0.0512,6.65,178.093,1012.456,12.963,7.123,966.136,0.9834,35.73,1.015,12.717,1
126,D,HM-D118,34.971,40.164,3.857,0.0183,4.895,159.975,1013.324,13.076,7.523,931.201,0.9894,20.002,1.001,12.076,1
126,E,HM-E441,34.563,43.308,2.575,0.0179,3.541,172.677,1012.051,12.557,6.352,959.821,1.0381,30.825,1.195,11.168,1
126,F,HM-F087,34.687,39.974,2.364,0.0216,3.203,175.293,1014.562,10.865,6.186,930.593,0.9562,17.705,0.872,11.818,1
127,A,HM-A104,33.445,41.714,2.227,0.0065,3.66,183.466,1013.852,15.302,7.065,939.842,0.9995,30.04,0.635,13.309,1
127,B,HM-B210,36.863,43.415,2.541,0.0187,3.37,187.956,1012.086,13.243,6.603,967.732,1.0073,25.206,0.62,11.949,1
127,C,HM-C305,40.129,47.287,6.585,0.0469,6.317,178.211,1012.735,13.752,6.968,950.638,1.0096,20.526,1.129,12.955,1
127,D,HM-D118,35.971,50.902,3.866,0.0171,4.999,171.762,1012.003,12.759,7.349,942.316,1.0163,16.316,0.699,10.413,1
127,E,HM-E441,34.776,45.447,2.645,0.0181,3.184,185.303,1013.767,15.838,7.44,906.602,1.0177,22.392,1.387,11.638,1
127,F,HM-F087,35.806,41.547,2.548,0.0109,3.419,173.063,1012.385,10.886,6.489,935.809,1.0103,25.09,0.851,11.216,1
128,A,HM-A104,33.917,47.905,2.585,0.0169,3.029,205.344,1013.626,14.793,7.191,934.829,1.0073,37.231,1.299,13.453,1
128,B,HM-B210,35.524,40.602,2.767,0.0178,3.201,165.436,1012.517,13.586,6.665,932.616,0.9999,22.46,0.458,12.904,1
128,C,HM-C305,39.019,42.694,6.094,0.0517,6.845,186.983,1012.975,15.4,6.834,989.199,1.0231,26.715,0.81,12.443,1
128,D,HM-D118,35.196,49.093,3.8,0.0158,4.326,185.299,1012.986,14.383,7.503,909.158,0.9729,24.058,0.797,10.98,1
128,E,HM-E441,36.738,44.64,2.436,0.0201,3.465,178.308,1013.103,15.256,6.798,943.692,1.0627,18.006,1.387,12.342,1
128,F,HM-F087,32.22,51.595,2.144,0.0171,3.172,179.796,1013.028,13.125,6.753,979.005,1.013,28.051,0.463,11.014,1
129,A,HM-A104,35.005,45.948,2.212,0.0198,3.006,182.279,1013.068,16.005,6.923,963.885,0.9939,26.299,0.984,12.207,1
129,B,HM-B210,33.8,48.139,2.475,0.01,3.667,170.637,1014.227,13.162,6.911,991.327,1.015,31.853,1.007,11.15,1
129,C,HM-C305,37.349,39.775,6.176,0.0447,7.039,161.489,1012.556,15.664,6.987,1001.812,1.0483,25.559,1.038,10.663,1
129,D,HM-D118,35.845,45.184,4.111,0.0176,5.153,178.449,1012.04,14.38,6.502,892.357,1.04,19.582,1.308,11.76,1
129,E,HM-E441,33.861,44.596,2.462,0.0211,3.59,191.132,1012.575,15.759,6.649,963.512,1.0119,29.079,0.776,12.487,1
129,F,HM-F087,34.952,39.927,2.598,0.0147,3.455,191.858,1013.996,13.517,6.458,931.568,1.0259,18.18,1.154,13.145,1
130,A,HM-A104,35.396,41.632,2.408,0.013,3.517,165.561,1011.534,16.226,6.81,948.545,0.9599,22.943,1.201,12.631,1
130,B,HM-B210,34.449,45.647,2.636,0.0188,3.145,218.552,1014.352,14.633,7.064,955.14,0.9971,27.221,1.409,12.613,1
130,C,HM-C305,38.313,38.024,6.903,0.0483,7.304,176.253,1013.121,13.203,7.222,951.267,0.9923,26.948,1.39,10.932,1
130,D,HM-D118,33.821,42.221,3.808,0.0223,5.021,189.676,1012.589,13.657,7.68,933.609,1.0034,27.997,1.327,11.702,1
130,E,HM-E441,34.196,47.346,2.757,0.0186,3.558,169.653,1011.936,12.813,6.225,948.824,1.0304,25.056,1.043,11.924,1
130,F,HM-F087,34.405,38.804,2.387,0.0173,3.505,166.317,1013.77,13.732,7.446,986.227,1.0376,26.502,1.544,13.196,1
131,A,HM-A104,35.208,39.601,2.676,0.0174,3.614,209.372,1013.511,15.358,6.409,939.057,0.9734,24.11,1.233,12.446,1
131,B,HM-B210,33.882,45.985,2.472,0.0225,3.386,170.732,1013.184,16.598,7.667,955.185,1.0329,24.587,1.544,12.867,1
131,C,HM-C305,38.558,45.658,6.995,0.0404,6.761,200.999,1013.63,9.825,6.633,876.427,0.9831,19.673,1.549,12.641,1
131,D,HM-D118,35.424,44.851,4.071,0.0248,4.685,193.468,1012.317,11.364,7.053,907.67,1.0,16.553,0.9,13.01,1
131,E,HM-E441,33.381,47.176,2.659,0.0163,3.762,191.676,1013.0,12.815,7.217,941.598,1.007,18.042,1.165,11.441,1
131,F,HM-F087,33.881,44.733,2.537,0.016,3.814,195.999,1011.98,11.921,7.255,943.057,0.9803,23.702,0.133,12.026,1
132,A,HM-A104,34.793,41.388,2.492,0.0118,3.383,169.799,1013.389,16.341,7.364,943.422,0.9688,22.051,1.431,12.873,1
132,B,HM-B210,33.709,43.918,2.526,0.0182,3.77,200.12,1012.843,14.153,6.433,886.93,1.0114,20.389,0.792,10.191,1
132,C,HM-C305,39.242,44.712,6.501,0.0455,7.257,193.382,1013.351,12.828,7.469,1016.109,1.0304,21.065,1.289,10.687,1
132,D,HM-D118,34.153,52.282,4.215,0.0211,4.963,173.906,1012.744,14.164,7.09,971.618,0.9739,25.186,1.569,12.141,1
132,E,HM-E441,35.731,40.446,2.768,0.018,3.667,169.706,1011.291,12.893,7.139,859.131,0.9946,23.094,0.286,11.589,1
132,F,HM-F087,33.963,46.192,2.469,0.0114,3.587,166.185,1014.324,13.069,7.805,894.907,1.028,25.357,1.247,13.008,1
133,A,HM-A104,34.91,45.532,2.516,0.0178,3.679,194.708,1013.595,15.234,6.695,937.538,0.9669,27.804,1.454,13.518,1
133,B,HM-B210,34.441,44.884,2.334,0.0189,3.287,185.173,1013.127,14.521,6.839,945.223,1.029,14.104,0.834,13.285,1
133,C,HM-C305,38.154,46.543,6.762,0.0462,7.744,165.699,1015.319,15.641,6.875,972.67,1.0027,34.04,1.441,12.316,1
133,D,HM-D118,35.994,40.71,4.513,0.0204,4.639,183.26,1013.42,15.93,7.091,917.925,0.9889,23.863,0.848,10.967,1
133,E,HM-E441,35.809,45.347,2.479,0.0231,2.973,191.486,1011.54,14.458,6.353,896.334,1.0091,29.739,1.59,11.268,1
133,F,HM-F087,35.918,47.531,2.317,0.0208,3.385,188.167,1012.674,15.207,6.356,951.83,1.065,29.614,0.929,12.823,1
134,A,HM-A104,35.051,45.316,1.95,0.0091,3.072,179.263,1014.13,14.785,6.603,874.563,1.0003,37.42,0.94,11.679,1
134,B,HM-B210,34.312,41.378,2.282,0.0083,3.621,193.997,1014.426,13.284,6.122,976.318,1.0334,31.472,0.768,13.968,1
134,C,HM-C305,41.351,42.159,6.208,0.0497,7.21,181.371,1012.006,14.807,7.132,978.703,1.0086,22.495,1.324,12.941,1
134,D,HM-D118,34.858,44.672,3.469,0.0229,5.347,182.411,1012.486,14.73,6.755,943.492,1.0224,24.086,1.313,13.356,1
134,E,HM-E441,34.659,44.25,2.22,0.0234,2.978,167.864,1010.697,15.789,6.62,940.207,1.0136,21.858,1.415,12.831,1
134,F,HM-F087,34.201,42.375,2.379,0.02,4.081,183.735,1013.111,13.299,6.329,998.312,1.0458,28.473,0.704,12.145,1
135,A,HM-A104,35.517,48.12,2.423,0.0234,4.017,206.018,1013.44,13.089,7.365,883.134,0.9536,30.018,1.57,9.831,1
135,B,HM-B210,35.704,43.802,2.371,0.0171,3.038,179.381,1014.921,14.398,6.826,951.051,0.943,22.84,0.627,12.363,1
135,C,HM-C305,39.034,43.385,6.824,0.0485,6.518,206.623,1015.68,13.133,6.858,941.337,0.996,25.039,1.54,12.323,1
135,D,HM-D118,35.917,42.102,4.228,0.0117,5.372,169.34,1013.597,12.567,7.079,968.302,1.0027,12.295,1.034,12.15,1
135,E,HM-E441,35.081,47.191,2.717,0.0156,3.186,194.102,1013.588,12.908,7.158,964.877,0.9407,35.175,1.061,11.848,1
135,F,HM-F087,36.045,48.667,2.374,0.0189,4.157,186.908,1011.904,14.127,6.919,947.315,1.0842,31.029,0.917,11.835,1
136,A,HM-A104,36.374,46.878,2.493,0.0191,4.002,158.5,1012.822,11.144,6.477,981.916,1.0401,18.934,1.014,11.019,1
136,B,HM-B210,36.281,45.459,2.805,0.0171,3.822,186.761,1014.335,13.944,7.263,975.672,0.9669,24.503,0.996,12.949,1
136,C,HM-C305,39.044,46.18,6.265,0.0514,7.739,170.288,1013.767,12.776,7.507,973.856,0.9573,21.565,0.687,11.061,1
136,D,HM-D118,33.816,44.591,4.2,0.0147,4.898,175.652,1012.343,14.916,7.206,944.542,0.9826,26.286,1.27,10.299,1
136,E,HM-E441,33.783,41.22,2.592,0.0219,3.175,180.686,1011.532,9.77,7.808,946.304,0.9766,24.346,0.181,10.819,1
136,F,HM-F087,35.768,41.933,2.559,0.0171,3.341,170.187,1013.949,13.194,6.313,995.021,0.9874,18.738,0.789,11.145,1
137,A,HM-A104,33.543,49.149,2.407,0.0226,3.181,167.577,1014.032,13.847,7.072,926.336,0.9394,30.934,1.458,12.509,1
137,B,HM-B210,33.435,39.926,2.595,0.0153,3.396,201.623,1013.395,12.762,6.72,993.77,1.0317,18.928,1.598,13.14,1
137,C,HM-C305,38.155,42.182,6.45,0.0522,6.71,190.825,1011.346,11.466,7.234,1023.023,1.0156,21.745,0.774,10.619,1
137,D,HM-D118,34.736,44.419,3.971,0.0179,5.051,187.176,1013.232,13.694,6.377,971.665,1.0366,16.835,1.163,12.025,1
137,E,HM-E441,35.326,46.237,2.656,0.0163,2.821,194.785,1013.796,11.55,6.761,996.791,1.0285,26.491,1.198,12.671,1
137,F,HM-F087,34.797,43.213,2.511,0.0202,3.452,174.053,1014.216,11.79,7.016,996.597,1.0174,17.675,0.655,11.894,1
138,A,HM-A104,34.151,44.347,2.762,0.0216,4.023,172.583,1011.811,12.834,7.075,929.425,1.0075,24.676,0.926,11.394,1
138,B,HM-B210,36.111,47.683,2.559,0.0198,3.576,173.085,1011.518,13.027,6.949,999.789,0.9603,23.77,1.448,12.436,1
138,C,HM-C305,37.868,43.51,6.401,0.0472,7.829,183.084,1012.453,13.699,6.387,966.069,0.935,26.92,0.819,10.439,1
138,D,HM-D118,33.651,43.174,4.081,0.0129,5.719,168.866,1012.938,13.134,6.882,915.524,0.9948,40.668,1.111,13.894,1
138,E,HM-E441,36.707,42.898,2.583,0.0181,2.794,163.84,1013.509,13.676,7.789,959.239,1.0251,27.603,1.269,12.831,1
138,F,HM-F087,33.996,45.398,2.529,0.0168,3.099,149.033,1012.146,14.26,6.726,958.883,1.0489,23.053,0.689,12.661,1
139,A,HM-A104,35.223,42.552,2.458,0.0161,3.558,161.206,1012.91,10.911,7.329,943.792,1.0137,23.962,1.371,10.778,1
139,B,HM-B210,35.361,48.989,2.099,0.0109,3.358,179.633,1012.879,15.967,7.246,998.484,1.0385,23.913,1.47,9.989,1
139,C,HM-C305,37.713,44.67,6.663,0.0502,7.283,186.36,1013.134,15.825,6.711,964.347,0.988,23.892,0.782,10.526,1
139,D,HM-D118,35.584,41.525,4.314,0.0137,4.884,208.746,1014.442,12.685,7.71,970.792,0.9271,24.802,0.135,11.947,1
139,E,HM-E441,34.356,45.479,2.801,0.0162,4.151,169.163,1012.939,10.086,6.585,907.496,1.0224,17.116,1.107,11.337,1
139,F,HM-F087,34.215,44.021,2.509,0.0169,3.714,152.163,1012.884,16.463,7.047,988.478,1.0281,17.812,0.731,14.061,1
140,A,HM-A104,35.214,45.419,2.293,0.0169,3.404,188.127,1012.547,14.842,6.92,927.476,1.0234,24.342,0.911,12.635,1
140,B,HM-B210,35.078,43.073,2.269,0.0173,3.885,167.684,1012.844,15.714,7.004,998.117,0.9497,32.288,0.827,12.479,1
140,C,HM-C305,38.174,47.419,6.839,0.0464,7.774,195.212,1013.115,14.815,6.976,929.888,0.9957,25.442,1.134,11.114,1
140,D,HM-D118,35.683,42.604,4.278,0.0183,4.614,176.578,1012.194,13.79,7.393,898.093,0.977,16.011,1.159,11.566,1
140,E,HM-E441,35.59,48.174,2.531,0.02,3.734,201.656,1012.212,14.011,7.513,969.593,1.0175,31.413,1.344,12.934,1
140,F,HM-F087,34.077,47.183,2.73,0.0163,3.478,156.611,1013.84,9.706,7.132,929.854,1.0074,20.985,1.797,12.153,1
141,A,HM-A104,35.337,45.79,2.498,0.0204,2.997,195.051,1013.674,14.379,7.063,937.249,0.991,22.75,1.263,12.222,1
141,B,HM-B210,34.35,42.281,2.835,0.0142,3.09,167.701,1012.653,16.289,7.733,975.912,0.9913,14.711,1.082,12.031,1
141,C,HM-C305,37.852,47.002,6.961,0.0484,7.285,175.263,1013.646,14.207,6.965,943.819,1.0367,23.06,1.06,12.356,1
141,D,HM-D118,34.965,42.718,5.219,0.0151,5.378,171.024,1013.759,14.3,6.75,955.947,0.9639,17.275,1.15,12.185,1
141,E,HM-E441,35.588,42.335,2.672,0.0212,3.616,178.186,1011.852,15.618,7.688,944.126,0.9836,22.505,0.47,11.103,1
141,F,HM-F087,34.456,41.356,2.802,0.0225,3.605,180.683,1014.083,14.864,6.353,997.222,1.069,25.632,1.122,11.476,1
142,A,HM-A104,34.951,45.818,2.556,0.0168,3.648,184.854,1014.654,13.763,7.099,986.609,0.9829,19.749,1.38,12.539,1
142,B,HM-B210,35.854,44.939,2.227,0.0104,4.019,175.192,1012.249,15.412,6.597,905.657,0.9918,16.539,1.029,9.195,1
142,C,HM-C305,38.383,43.655,7.213,0.0563,7.468,169.896,1013.492,11.033,7.34,959.313,0.9974,25.558,1.506,12.082,1
142,D,HM-D118,35.417,36.785,3.942,0.018,5.105,188.065,1013.431,15.64,6.888,994.699,1.0426,22.429,1.186,10.488,1
142,E,HM-E441,34.023,43.665,2.269,0.0216,3.545,166.029,1013.04,12.044,7.437,926.807,1.0501,18.821,0.712,12.635,1
142,F,HM-F087,36.21,42.468,2.395,0.0207,3.413,141.121,1012.282,14.492,6.59,829.953,1.0486,27.106,0.91,11.973,1
143,A,HM-A104,35.021,46.661,2.317,0.0192,3.476,166.186,1013.566,15.886,6.326,998.865,0.9908,25.036,0.765,11.08,1
143,B,HM-B210,34.483,45.015,2.585,0.0259,3.093,147.669,1012.861,15.4,6.816,912.491,0.9895,21.357,1.753,12.717,1
143,C,HM-C305,38.779,43.339,7.095,0.0573,7.341,176.004,1013.257,16.323,6.757,825.45,1.0494,11.727,0.415,11.825,1
143,D,HM-D118,35.234,43.264,4.469,0.0245,4.962,178.619,1012.564,12.468,5.926,1018.76,0.9965,26.018,0.553,12.3,1
143,E,HM-E441,34.341,46.964,2.651,0.0174,3.728,181.116,1012.857,13.414,7.504,985.367,1.0292,21.787,0.839,10.193,1
143,F,HM-F087,33.232,43.473,2.675,0.0153,3.864,181.293,1012.847,12.745,6.287,921.857,1.0087,34.527,0.85,11.897,1
144,A,HM-A104,34.479,42.25,2.746,0.0194,2.793,200.427,1014.408,14.441,6.818,936.955,0.9938,35.414,1.282,11.462,1
144,B,HM-B210,35.187,45.272,2.933,0.0173,3.42,195.763,1013.108,12.198,7.524,936.161,1.0077,25.52,0.438,12.516,1
144,C,HM-C305,37.835,45.665,6.739,0.0551,7.213,186.028,1012.428,12.95,7.289,955.3,1.0245,25.598,0.611,12.278,1
144,D,HM-D118,33.616,49.31,4.586,0.0112,5.022,168.733,1011.48,14.849,6.501,1011.406,0.9836,21.078,0.907,12.455,1
144,E,HM-E441,34.017,48.017,2.014,0.021,4.122,175.298,1013.32,11.993,7.128,878.337,1.01,23.895,1.007,12.458,1
144,F,HM-F087,35.198,42.411,2.167,0.0208,3.32,187.961,1012.541,15.256,7.514,970.091,1.0377,22.168,0.865,11.442,1
145,A,HM-A104,34.496,45.853,3.148,0.0235,3.433,169.207,1014.253,15.222,7.114,987.139,1.0199,13.016,1.772,13.539,1
145,B,HM-B210,35.31,44.703,2.25,0.0166,3.845,156.759,1012.046,11.795,7.375,960.421,1.0169,25.693,1.293,12.649,1
145,C,HM-C305,39.011,39.43,6.881,0.0545,7.414,189.487,1013.697,14.834,7.22,946.64,0.9835,31.521,0.541,13.257,1
145,D,HM-D118,35.542,40.518,4.282,0.0147,5.073,158.17,1011.944,13.711,7.126,987.302,1.0076,23.92,0.607,11.024,1
145,E,HM-E441,34.548,39.601,1.817,0.0128,4.069,213.672,1013.301,13.519,7.054,970.006,1.0219,24.006,0.506,12.532,1
145,F,HM-F087,34.348,44.218,2.324,0.0067,3.188,161.232,1012.105,16.727,6.799,979.047,0.9744,26.238,0.316,11.257,1
146,A,HM-A104,35.484,41.276,2.682,0.0205,3.256,209.21,1012.447,16.236,7.272,1017.534,1.0022,35.198,1.134,11.01,1
146,B,HM-B210,34.834,50.318,2.665,0.0261,3.463,209.603,1014.233,12.966,7.554,1009.785,0.9568,28.294,1.108,11.233,1
146,C,HM-C305,39.248,47.084,7.098,0.0524,7.708,155.346,1011.959,13.253,7.17,917.688,0.9794,22.434,0.693,11.827,1
146,D,HM-D118,35.717,42.421,4.447,0.0175,5.034,159.256,1013.082,11.813,6.222,965.173,1.0058,23.836,1.357,12.643,1
146,E,HM-E441,37.66,46.49,2.344,0.024,3.344,175.888,1013.101,13.143,6.771,974.791,0.9954,24.939,0.87,11.832,1
146,F,HM-F087,34.706,44.07,2.732,0.0177,3.318,161.352,1015.062,14.355,7.574,965.427,1.0049,22.507,0.779,10.812,1
147,A,HM-A104,34.07,39.938,2.419,0.0165,3.784,180.74,1013.187,13.593,6.524,989.45,0.9798,27.151,0.869,10.111,1
147,B,HM-B210,35.431,47.464,2.227,0.0215,2.587,174.604,1013.408,15.689,6.806,1007.006,0.9551,30.314,1.076,9.995,1
147,C,HM-C305,38.6,47.925,6.665,0.0575,7.589,188.463,1013.541,15.978,7.255,982.676,0.9786,20.317,1.394,11.847,1
147,D,HM-D118,33.74,42.238,3.777,0.017,5.661,193.698,1013.682,15.221,7.459,1022.536,1.0201,28.323,0.735,11.422,1
147,E,HM-E441,35.96,42.865,2.294,0.0208,3.964,209.24,1012.762,16.201,5.639,971.388,0.9895,25.761,1.123,11.535,1
147,F,HM-F087,35.27,47.216,2.393,0.0147,3.285,166.646,1011.962,15.566,6.946,995.027,0.992,15.501,1.284,10.307,1
148,A,HM-A104,33.724,47.017,2.51,0.0224,3.043,160.844,1013.246,13.922,7.33,905.802,0.9998,21.829,0.507,11.347,1
148,B,HM-B210,33.88,42.773,2.76,0.0137,3.856,179.386,1012.868,15.354,6.353,958.122,1.01,22.122,0.505,12.393,1
148,C,HM-C305,41.384,44.204,7.541,0.0575,7.917,171.61,1013.715,12.572,7.061,935.051,1.0274,30.461,1.333,13.217,1
148,D,HM-D118,35.014,47.243,4.493,0.0272,5.34,197.991,1012.299,14.067,6.954,977.511,0.9772,9.928,1.252,12.111,1
148,E,HM-E441,36.18,44.222,2.675,0.0179,3.892,194.034,1014.916,15.078,6.73,907.912,0.9215,26.025,0.776,11.053,1
148,F,HM-F087,34.636,45.859,2.67,0.0098,3.434,192.25,1012.342,13.802,6.837,909.666,0.9656,32.914,1.001,13.944,1
149,A,HM-A104,35.171,45.116,2.424,0.0126,2.491,182.809,1013.742,12.977,7.22,955.276,1.0028,20.603,1.23,12.253,1
149,B,HM-B210,34.62,44.252,2.779,0.0149,3.32,176.42,1014.936,15.248,6.979,950.895,0.9949,27.08,1.082,14.242,1
149,C,HM-C305,40.82,54.383,6.96,0.0538,7.301,177.168,1012.136,14.499,7.865,990.97,1.0464,32.446,1.203,12.938,1
149,D,HM-D118,34.745,45.506,4.655,0.0197,5.685,202.206,1014.162,15.729,7.796,975.128,1.0489,33.921,1.285,12.445,1
149,E,HM-E441,35.522,49.301,2.065,0.0258,3.667,196.92,1013.029,14.603,7.493,914.908,0.9807,27.418,0.727,12.042,1
149,F,HM-F087,36.187,47.246,2.369,0.0176,3.791,161.59,1013.172,16.831,7.086,927.361,0.9382,28.524,1.208,13.208,1
150,A,HM-A104,35.96,39.26,2.527,0.0177,3.346,189.146,1012.105,12.191,6.196,956.804,0.983,27.718,0.869,13.232,1
150,B,HM-B210,36.235,47.239,2.329,0.023,3.391,158.385,1012.286,12.256,7.322,916.651,0.9558,25.894,1.442,10.791,1
150,C,HM-C305,38.062,45.613,7.354,0.0552,7.852,167.708,1013.022,14.011,6.419,956.745,1.0207,20.23,1.01,10.822,1
150,D,HM-D118,36.504,47.515,4.792,0.0174,5.8,186.845,1014.108,16.347,6.095,1029.984,1.0089,28.152,1.122,12.318,1
150,E,HM-E441,38.398,48.257,2.466,0.0174,3.332,207.322,1012.694,12.178,7.29,926.917,1.0248,23.192,1.3,12.083,1
150,F,HM-F087,35.01,42.938,2.314,0.0217,3.991,207.473,1012.718,11.739,5.941,1015.538,1.0267,20.986,1.571,12.09,1
151,A,HM-A104,36.814,41.592,2.47,0.0211,3.423,186.076,1013.795,15.244,6.528,971.407,1.0084,24.2,0.78,11.793,1
151,B,HM-B210,34.094,48.684,2.411,0.0253,3.137,195.303,1013.508,15.576,7.016,960.27,0.9962,32.691,1.087,12.491,1
151,C,HM-C305,40.299,49.104,7.094,0.0581,7.498,179.977,1012.114,14.142,7.61,914.873,1.0518,32.339,0.838,11.978,1
151,D,HM-D118,35.731,47.632,4.197,0.011,5.952,164.608,1013.034,12.545,6.284,980.164,0.9453,21.054,1.03,10.924,1
151,E,HM-E441,35.022,37.672,2.562,0.0153,3.668,174.842,1013.859,14.203,7.415,904.718,0.9899,24.362,1.485,10.946,1
151,F,HM-F087,34.973,48.71,2.955,0.0172,3.303,194.638,1014.137,14.447,7.208,1004.897,0.9968,22.716,1.152,12.127,1
152,A,HM-A104,34.78,44.37,2.371,0.0127,3.559,178.979,1011.689,14.478,7.451,940.922,0.962,30.643,0.947,10.623,1
152,B,HM-B210,33.811,49.569,2.671,0.0134,3.564,155.583,1013.505,15.164,7.132,1021.998,0.9973,19.385,0.979,11.023,1
152,C,HM-C305,39.175,42.977,7.29,0.0557,7.125,208.838,1013.569,14.575,6.336,989.908,1.0276,28.801,1.299,12.782,1
152,D,HM-D118,36.201,41.765,4.805,0.0146,5.368,187.343,1011.889,14.52,6.723,988.83,0.9369,22.297,1.194,10.281,1
152,E,HM-E441,35.266,45.268,2.447,0.0198,3.175,197.441,1013.464,13.96,7.103,953.75,1.0002,24.578,0.706,13.246,1
152,F,HM-F087,34.382,50.276,2.521,0.0157,3.535,175.966,1011.245,13.674,8.146,954.682,0.9994,24.148,0.6,10.892,1
153,A,HM-A104,33.729,43.801,2.121,0.0198,3.792,180.575,1012.637,12.288,7.0,925.752,0.9427,27.212,1.494,12.212,1
153,B,HM-B210,36.955,43.33,2.639,0.0166,3.37,139.421,1014.158,15.441,7.054,963.927,1.0068,15.26,1.11,11.993,1
153,C,HM-C305,37.607,42.152,7.433,0.0521,7.634,168.988,1013.165,14.046,7.572,876.033,1.005,24.017,0.921,12.036,1
153,D,HM-D118,33.781,42.533,4.484,0.0171,6.5,199.493,1013.377,16.576,6.601,980.13,0.9898,20.689,0.562,11.209,1
153,E,HM-E441,34.911,44.852,2.451,0.0104,3.392,199.489,1014.935,11.993,7.871,922.26,1.0041,28.147,1.44,13.601,1
153,F,HM-F087,33.869,41.791,2.096,0.0138,3.373,181.616,1012.439,14.205,7.121,920.477,0.9591,28.704,1.299,12.355,1
154,A,HM-A104,34.763,45.443,2.511,0.0201,3.286,167.908,1012.793,14.459,7.162,972.039,0.9514,25.964,0.515,14.141,1
154,B,HM-B210,35.272,45.645,2.414,0.0196,2.95,205.071,1014.458,15.758,6.833,928.626,0.9985,24.945,1.375,11.894,1
154,C,HM-C305,38.682,49.905,7.455,0.0564,7.062,162.058,1012.109,14.965,7.199,889.285,1.0355,23.083,0.794,12.809,1
154,D,HM-D118,34.566,39.046,4.127,0.0164,5.287,177.672,1013.019,15.943,7.514,940.884,1.0353,29.522,0.916,13.161,1
154,E,HM-E441,34.205,49.512,2.612,0.0151,2.993,190.375,1013.378,11.291,7.013,930.241,1.0192,30.839,0.655,11.824,1
154,F,HM-F087,33.902,41.952,2.689,0.0117,3.754,209.066,1013.676,12.69,6.685,928.113,1.051,20.779,1.15,11.489,1
155,A,HM-A104,34.345,42.978,2.411,0.0144,3.263,170.303,1013.107,11.03,7.201,959.019,1.0586,20.941,0.882,11.738,1
155,B,HM-B210,33.958,46.002,2.674,0.0146,3.178,196.38,1013.732,15.368,6.926,951.801,0.9887,16.895,1.379,11.317,1
155,C,HM-C305,38.784,44.338,7.309,0.0535,8.17,171.804,1011.98,14.988,7.066,936.763,1.0364,29.787,0.947,10.531,1
155,D,HM-D118,34.056,43.0,4.592,0.0221,5.247,181.297,1014.477,14.818,6.973,1000.906,0.95,22.119,0.949,11.935,1
155,E,HM-E441,35.457,53.113,2.299,0.0232,3.181,165.182,1015.048,15.276,7.385,898.08,0.9953,16.876,1.379,12.178,1
155,F,HM-F087,35.322,43.523,2.49,0.0245,3.572,184.361,1013.2,14.689,7.015,911.385,0.9976,26.096,0.938,12.366,1
156,A,HM-A104,34.292,45.768,2.268,0.0212,3.656,196.586,1010.777,17.074,7.412,981.531,0.9802,22.771,0.905,11.297,1
156,B,HM-B210,36.085,45.404,2.305,0.0143,3.943,203.308,1013.323,15.1,7.128,895.94,1.0123,10.752,1.228,13.902,1
156,C,HM-C305,38.688,49.274,7.695,0.0549,7.951,156.65,1014.498,13.729,8.088,967.193,0.979,19.093,0.961,12.382,1
156,D,HM-D118,35.164,45.968,5.029,0.0156,6.048,181.002,1011.236,15.097,7.753,978.199,1.0057,16.081,1.13,12.941,1
156,E,HM-E441,34.925,48.101,2.342,0.0134,3.295,176.652,1014.071,14.18,7.488,944.374,0.9824,25.229,1.288,12.403,1
156,F,HM-F087,34.533,42.441,2.254,0.0142,3.186,188.653,1010.91,15.665,7.188,991.611,0.9575,18.706,1.223,12.064,1
157,A,HM-A104,36.015,49.152,2.659,0.0159,4.129,155.509,1014.039,15.608,6.743,884.83,0.975,27.763,0.785,11.621,1
157,B,HM-B210,36.314,44.989,2.216,0.0162,3.745,176.243,1012.229,14.199,6.518,904.717,1.0027,18.29,1.229,12.678,1
157,C,HM-C305,39.663,43.006,7.169,0.0561,8.302,201.325,1011.863,13.739,7.924,970.799,0.9926,20.044,0.966,13.556,1
157,D,HM-D118,33.09,42.407,4.689,0.0189,5.707,172.038,1016.195,18.17,6.378,996.508,0.9247,35.086,1.163,12.896,1
157,E,HM-E441,36.748,44.343,2.338,0.0196,3.457,199.845,1013.016,15.049,7.203,931.864,1.0056,22.114,0.956,13.149,1
157,F,HM-F087,34.392,46.605,2.552,0.0198,3.344,199.27,1015.718,12.818,6.975,918.02,0.9775,36.516,1.07,9.363,1
158,A,HM-A104,34.59,48.452,2.795,0.0225,3.473,172.286,1013.006,12.953,6.67,934.546,1.0416,10.712,1.068,12.083,1
158,B,HM-B210,35.14,43.908,2.119,0.0149,3.735,165.656,1012.021,12.318,6.818,909.541,1.0022,22.958,1.541,9.767,1
158,C,HM-C305,38.381,48.277,7.781,0.055,7.41,206.545,1014.054,11.959,6.351,947.908,0.9694,21.543,1.236,11.707,1
158,D,HM-D118,34.222,41.311,4.679,0.0253,5.859,187.32,1013.558,12.761,7.208,961.271,0.9783,24.61,1.204,12.42,1
158,E,HM-E441,36.074,44.525,2.302,0.0121,3.626,179.432,1012.932,10.831,7.07,999.592,1.0275,23.757,0.621,10.154,1
158,F,HM-F087,35.208,44.843,2.804,0.016,3.59,201.648,1013.685,10.508,6.968,1018.113,1.0042,22.009,0.877,12.291,1
159,A,HM-A104,33.02,49.829,2.584,0.0163,3.517,160.844,1013.037,16.129,7.342,943.199,0.9818,21.157,0.679,13.566,1
159,B,HM-B210,34.323,44.145,2.492,0.0199,3.775,190.245,1013.057,13.253,6.96,967.692,1.0464,18.353,1.412,11.813,1
159,C,HM-C305,37.535,43.611,7.585,0.0593,7.573,192.407,1012.575,12.504,7.15,917.61,0.9734,15.423,1.475,12.203,1
159,D,HM-D118,36.962,42.635,4.938,0.017,5.604,186.51,1013.141,15.143,7.011,1004.117,0.9679,25.109,1.29,11.407,1
159,E,HM-E441,35.318,45.513,2.872,0.0191,3.525,170.296,1014.531,15.408,6.608,948.888,1.0144,20.817,1.014,12.193,1
159,F,HM-F087,35.401,42.271,2.823,0.015,3.108,189.453,1012.701,13.503,7.23,997.742,0.9689,18.253,1.089,11.897,1
160,A,HM-A104,35.263,46.91,2.439,0.0151,3.571,184.995,1014.042,13.215,7.259,969.368,1.0261,16.346,1.653,11.098,1
160,B,HM-B210,35.596,44.98,2.631,0.0208,4.047,158.161,1012.629,13.482,7.176,957.769,1.0404,24.805,1.322,9.938,1
160,C,HM-C305,37.95,37.721,7.678,0.0554,8.187,143.676,1012.825,14.007,7.043,982.825,0.9864,27.532,0.926,11.279,1
160,D,HM-D118,34.919,43.183,4.844,0.0171,6.044,177.212,1013.565,13.19,7.101,986.341,0.9952,21.511,1.029,13.213,1
160,E,HM-E441,33.608,45.119,2.141,0.0208,4.167,158.219,1012.715,16.55,6.447,938.094,0.9722,23.174,1.371,11.259,1
160,F,HM-F087,36.198,50.417,2.518,0.0239,3.327,219.764,1013.455,15.203,6.595,1020.54,0.981,17.002,0.938,12.195,1
161,A,HM-A104,36.749,44.252,2.289,0.0249,3.57,206.028,1014.882,12.669,6.721,924.276,1.0106,22.591,1.478,13.345,1
161,B,HM-B210,34.972,42.502,2.346,0.0097,3.441,174.595,1012.854,15.416,6.951,927.39,0.9834,26.517,0.936,11.164,1
161,C,HM-C305,39.36,44.221,8.101,0.0526,8.18,159.824,1013.275,13.619,6.876,936.839,0.964,21.108,1.086,11.686,1
161,D,HM-D118,33.378,47.003,4.694,0.0114,5.733,191.747,1011.621,16.491,6.029,915.737,0.9608,23.677,0.367,13.629,1
161,E,HM-E441,35.815,44.687,2.589,0.0141,3.513,151.945,1012.491,16.121,7.103,952.643,1.0025,21.768,1.253,12.538,1
161,F,HM-F087,34.573,49.009,2.237,0.0147,3.639,173.06,1012.951,12.671,7.246,850.635,0.9537,29.045,1.367,13.844,1
162,A,HM-A104,34.864,42.928,2.788,0.0152,3.471,178.967,1012.201,11.842,6.719,941.92,1.0311,25.312,1.16,12.304,1
162,B,HM-B210,35.44,42.889,2.357,0.0199,3.597,165.572,1012.155,13.667,7.019,929.02,1.0329,20.948,0.931,12.307,1
162,C,HM-C305,39.392,46.863,8.145,0.0547,8.021,194.93,1013.721,15.379,6.961,923.262,1.0555,28.879,0.56,14.373,1
162,D,HM-D118,34.1,41.421,5.19,0.0182,5.185,190.466,1014.997,13.67,6.692,889.251,1.0329,17.639,0.265,12.162,1
162,E,HM-E441,33.848,42.148,2.678,0.0288,3.03,181.709,1012.299,12.09,7.455,994.749,1.0279,18.063,1.239,11.455,1
162,F,HM-F087,34.473,38.552,2.475,0.0212,2.87,221.801,1014.804,14.162,7.244,893.445,0.9895,24.06,1.452,12.015,1
163,A,HM-A104,34.99,47.908,2.531,0.0195,3.673,176.442,1012.493,11.948,6.404,926.431,1.0131,35.13,1.228,11.831,1
163,B,HM-B210,34.655,52.203,2.147,0.0161,3.64,185.796,1012.257,15.126,7.152,1013.577,0.9779,35.645,0.67,13.839,1
163,C,HM-C305,39.996,47.978,7.738,0.0569,8.418,191.011,1011.682,11.897,6.544,970.945,0.9837,21.492,0.919,11.446,1
163,D,HM-D118,35.342,50.97,4.626,0.0215,5.951,198.025,1013.028,16.145,7.024,925.222,1.0359,22.486,0.973,11.731,1
163,E,HM-E441,34.125,56.291,2.238,0.0195,3.54,171.358,1014.505,16.055,6.928,914.959,1.0189,21.218,0.86,10.817,1
163,F,HM-F087,35.903,42.517,2.172,0.0102,3.769,180.606,1012.278,16.074,7.451,1015.281,0.9978,25.996,0.948,9.823,1
164,A,HM-A104,34.434,42.09,2.644,0.0202,3.111,180.796,1012.554,10.623,6.679,981.296,1.0019,25.828,1.255,12.273,1
164,B,HM-B210,35.956,42.843,2.473,0.0185,3.685,155.996,1012.954,12.753,7.44,984.367,0.9938,27.319,1.179,12.104,1
164,C,HM-C305,41.53,42.491,8.354,0.0583,8.483,186.349,1012.813,13.913,7.634,965.122,0.9938,21.41,1.325,12.41,1
164,D,HM-D118,34.719,42.908,4.665,0.0227,6.162,201.582,1012.59,10.832,6.414,979.29,0.9897,27.583,0.621,12.754,1
164,E,HM-E441,35.591,43.972,2.677,0.0187,3.881,183.486,1013.702,13.057,6.555,919.034,0.9645,17.87,1.442,9.667,1
164,F,HM-F087,33.765,49.63,2.503,0.0155,3.477,193.291,1013.313,14.319,7.101,976.667,1.06,21.043,1.069,11.683,1
165,A,HM-A104,33.5,44.321,2.147,0.0098,3.358,188.649,1011.46,16.278,7.88,927.433,1.0563,25.799,0.971,11.396,1
165,B,HM-B210,35.093,45.695,2.501,0.0165,3.744,177.139,1012.459,10.991,7.696,950.755,1.0159,19.579,1.3,11.169,1
165,C,HM-C305,40.419,49.369,8.051,0.0627,8.228,192.775,1012.801,16.511,7.835,952.898,0.977,20.129,0.607,14.078,1
165,D,HM-D118,33.606,41.592,4.917,0.0208,5.786,159.931,1013.648,15.733,6.898,974.654,0.9766,23.013,1.121,12.663,1
165,E,HM-E441,34.292,45.982,2.797,0.0193,3.138,181.203,1013.568,12.731,7.043,945.755,1.0079,21.232,0.868,11.122,1
165,F,HM-F087,33.529,44.707,1.961,0.0212,3.152,184.652,1012.173,12.234,7.279,1005.816,0.9609,29.407,1.058,11.393,1
166,A,HM-A104,34.826,46.104,2.831,0.0214,3.167,190.517,1013.279,15.823,7.898,990.579,0.9994,22.867,1.323,14.386,1
166,B,HM-B210,35.452,44.457,2.627,0.0244,3.362,193.431,1013.305,13.413,7.531,904.428,1.0094,24.029,0.921,12.516,1
166,C,HM-C305,38.504,44.959,7.455,0.0591,7.991,176.225,1012.711,11.72,7.728,950.034,1.0034,24.424,1.238,12.493,1
166,D,HM-D118,35.459,46.998,4.711,0.0162,5.381,173.071,1013.122,14.564,7.066,997.698,0.9516,24.499,1.256,11.938,1
166,E,HM-E441,36.074,44.7,2.217,0.0195,3.619,195.987,1012.603,11.554,7.387,972.108,0.987,26.155,1.519,12.863,1
166,F,HM-F087,35.578,43.187,2.736,0.0147,3.536,188.873,1013.047,14.616,7.222,945.719,0.9921,18.469,0.93,13.306,1
167,A,HM-A104,34.563,49.063,2.246,0.0147,3.311,189.993,1014.036,13.812,7.436,913.454,1.026,28.19,0.775,11.174,1
167,B,HM-B210,34.994,42.892,2.71,0.0215,3.225,187.723,1012.403,15.995,7.401,980.522,1.0291,26.793,1.511,11.041,1
167,C,HM-C305,39.82,44.623,7.995,0.0585,8.228,203.667,1012.669,15.03,7.452,886.763,0.9987,23.348,1.179,11.583,1
167,D,HM-D118,35.256,42.644,5.153,0.0188,6.483,166.718,1013.464,14.131,7.235,940.49,1.0467,22.712,1.004,10.927,1
167,E,HM-E441,34.525,50.112,2.315,0.0159,3.348,187.687,1013.756,14.21,7.993,925.677,1.0561,17.021,0.764,12.755,1
167,F,HM-F087,36.424,49.849,2.391,0.0202,3.39,185.258,1012.73,12.922,7.607,919.866,0.9786,23.718,1.053,11.083,1
168,A,HM-A104,35.851,47.544,2.367,0.0112,3.51,168.337,1013.38,14.794,6.516,964.315,0.9975,14.139,0.752,11.353,1
168,B,HM-B210,34.645,40.225,2.131,0.0222,4.027,177.304,1013.468,14.728,6.571,936.105,0.9518,29.654,0.858,12.01,1
168,C,HM-C305,39.203,43.888,7.949,0.0685,8.414,206.667,1014.474,16.421,6.641,945.204,1.0091,25.696,0.578,11.899,1
168,D,HM-D118,35.447,52.214,4.926,0.0152,6.111,178.775,1012.492,15.281,7.17,934.231,0.9579,29.509,0.533,11.297,1
168,E,HM-E441,34.572,44.628,2.231,0.0174,3.612,178.661,1014.222,14.911,7.347,1000.897,0.985,17.812,0.598,12.47,1
168,F,HM-F087,36.786,45.901,2.8,0.0172,3.258,190.546,1013.198,15.48,6.892,975.875,0.9662,20.327,1.054,11.874,1
169,A,HM-A104,34.547,40.41,2.56,0.0193,3.567,183.007,1010.696,13.457,6.752,956.885,1.05,27.587,0.772,11.239,1
169,B,HM-B210,34.197,47.652,2.462,0.0147,3.449,197.108,1012.142,15.241,6.525,969.362,0.9758,27.29,0.335,13.932,1
169,C,HM-C305,40.648,43.975,8.354,0.0653,8.778,176.957,1012.899,14.225,6.222,874.506,0.9714,21.438,0.518,14.143,1
169,D,HM-D118,34.853,48.398,5.164,0.0139,6.596,173.574,1013.141,14.083,6.319,923.404,0.9572,17.436,1.053,12.009,1
169,E,HM-E441,36.87,44.595,2.604,0.0177,3.715,182.556,1013.715,16.478,6.746,1009.591,1.0317,19.718,1.216,11.533,1
169,F,HM-F087,37.53,45.778,2.249,0.0195,3.427,181.134,1011.637,14.955,7.304,903.979,1.0128,26.476,1.088,11.426,1
170,A,HM-A104,36.006,48.086,2.666,0.0217,3.114,184.519,1012.493,12.613,6.402,865.695,1.0534,21.743,1.301,13.205,1
170,B,HM-B210,35.13,43.079,2.689,0.0155,2.989,162.097,1011.969,12.714,6.581,893.628,1.0303,28.863,0.987,12.21,1
170,C,HM-C305,40.284,44.253,8.197,0.0589,8.446,157.928,1011.232,11.625,7.348,953.451,0.9905,26.389,1.073,11.909,1
170,D,HM-D118,34.059,40.975,5.081,0.0091,5.346,202.836,1012.088,13.54,5.932,985.181,0.9976,30.512,1.17,12.902,1
170,E,HM-E441,35.172,46.05,2.693,0.0208,3.272,196.297,1012.15,14.257,7.241,973.322,1.0273,24.837,0.828,12.522,1
170,F,HM-F087,33.816,40.963,2.249,0.02,3.199,207.069,1013.029,12.804,7.198,975.186,1.0399,15.606,1.312,10.484,1
171,A,HM-A104,32.814,47.267,2.443,0.0162,4.224,190.39,1014.18,12.969,7.436,969.184,0.9948,32.673,1.345,12.068,1
171,B,HM-B210,35.238,46.901,2.197,0.0182,3.247,192.073,1011.719,15.608,7.652,926.192,1.0039,21.368,1.2,10.013,1
171,C,HM-C305,38.771,42.755,8.216,0.0602,8.843,189.631,1012.911,12.992,7.029,947.678,0.9778,22.415,1.398,12.389,1
171,D,HM-D118,34.05,45.812,4.742,0.0077,5.985,188.788,1012.448,12.656,7.123,897.989,0.9318,25.476,1.063,13.939,1
171,E,HM-E441,36.036,48.087,2.436,0.018,3.706,186.506,1013.956,14.1,7.18,987.212,1.0324,30.742,1.255,11.458,1
171,F,HM-F087,35.797,49.849,2.516,0.019,3.686,201.568,1014.25,14.761,6.38,937.753,0.9871,26.07,1.418,11.384,1
172,A,HM-A104,37.012,46.037,1.857,0.0091,3.543,166.912,1013.633,14.838,7.393,923.622,0.9703,30.739,0.722,11.971,1
172,B,HM-B210,34.857,47.234,2.749,0.0185,2.886,191.607,1011.88,13.403,7.057,1028.895,1.0014,28.521,1.059,11.696,1
172,C,HM-C305,38.955,48.0,8.085,0.0634,8.52,187.201,1015.242,16.966,6.746,977.641,1.0153,23.138,0.405,11.536,1
172,D,HM-D118,34.877,44.498,4.929,0.0217,6.326,167.714,1013.217,12.358,6.62,956.591,1.012,25.368,0.605,9.844,1
172,E,HM-E441,35.202,42.112,2.349,0.017,3.05,196.92,1012.309,14.273,7.008,920.556,0.9982,28.889,0.773,11.135,1
172,F,HM-F087,34.411,43.842,2.948,0.0185,3.497,168.502,1013.987,15.358,7.059,861.619,1.0083,26.475,1.197,13.105,1
173,A,HM-A104,36.236,45.07,2.171,0.0201,3.78,152.496,1013.457,16.358,7.124,949.285,1.0059,27.126,1.298,11.923,1
173,B,HM-B210,36.184,42.15,2.836,0.0133,3.508,157.549,1010.801,14.532,5.705,918.934,0.9918,18.302,1.233,11.99,1
173,C,HM-C305,40.564,41.632,8.359,0.0603,8.742,188.139,1011.666,14.236,6.834,953.465,0.9911,20.952,0.736,10.081,1
173,D,HM-D118,33.871,41.889,5.035,0.0199,5.99,177.827,1013.475,14.298,7.608,925.414,1.0033,41.488,0.949,12.416,1
173,E,HM-E441,35.586,36.277,2.577,0.0098,3.382,145.168,1013.898,13.418,7.162,911.96,0.9923,21.749,0.82,12.292,1
173,F,HM-F087,34.584,46.165,2.536,0.0165,3.629,202.78,1012.828,13.992,6.977,941.504,0.9608,16.991,0.85,12.523,1
174,A,HM-A104,34.942,45.069,2.327,0.0131,3.795,182.95,1012.212,12.274,6.718,932.988,1.0058,17.397,0.673,11.366,1
174,B,HM-B210,37.269,44.194,2.351,0.0229,3.102,191.551,1013.076,12.892,7.141,964.803,1.0137,19.419,0.8,10.387,1
174,C,HM-C305,37.836,48.646,8.259,0.0627,8.804,206.305,1014.733,12.661,6.784,922.964,1.0772,28.732,1.426,10.843,1
174,D,HM-D118,35.527,47.407,5.221,0.0162,5.722,165.559,1012.457,13.499,6.786,917.606,0.9994,28.018,1.212,13.151,1
174,E,HM-E441,35.43,43.638,2.348,0.0121,3.327,190.21,1012.271,14.766,6.975,989.522,0.9999,20.594,1.402,12.791,1
174,F,HM-F087,35.042,39.914,2.54,0.0177,3.972,171.886,1012.418,16.181,6.802,982.934,1.0156,15.137,0.547,11.93,1
175,A,HM-A104,34.526,44.886,2.812,0.0126,3.186,172.87,1013.727,13.874,7.295,959.061,1.0079,11.369,0.786,10.937,1
175,B,HM-B210,36.847,42.238,2.329,0.0159,3.586,197.726,1012.211,13.839,7.228,946.802,1.0358,27.483,1.239,12.755,1
175,C,HM-C305,39.325,41.928,8.296,0.0654,8.61,177.85,1013.297,14.811,7.038,967.478,1.0134,28.534,1.145,10.783,1
175,D,HM-D118,32.193,50.568,5.173,0.0158,5.582,182.758,1012.94,12.915,6.855,950.968,1.0573,26.112,1.012,11.188,1
175,E,HM-E441,35.212,54.682,2.362,0.018,3.926,192.937,1013.291,15.365,7.18,916.314,0.9713,27.459,1.542,12.941,1
175,F,HM-F087,33.306,41.276,2.142,0.0218,2.979,164.96,1013.642,16.458,7.025,899.892,0.9976,28.052,0.0,12.404,1
176,A,HM-A104,35.125,47.151,2.283,0.0186,3.248,186.7,1012.519,13.384,6.867,921.642,1.1004,21.334,1.25,12.949,1
176,B,HM-B210,35.754,42.861,2.79,0.0097,3.822,176.438,1012.687,12.042,6.917,918.728,1.0275,17.12,0.849,11.623,1
176,C,HM-C305,39.109,44.204,8.759,0.062,8.528,158.2,1012.643,11.753,6.33,1010.105,0.9802,24.833,1.264,11.415,1
176,D,HM-D118,35.689,46.425,5.083,0.0129,6.554,196.133,1013.2,13.038,7.277,946.514,1.0426,29.393,0.842,13.566,1
176,E,HM-E441,34.407,41.971,2.247,0.016,4.086,177.047,1012.468,13.088,7.311,940.622,0.9779,22.197,0.925,10.712,1
176,F,HM-F087,34.395,44.172,2.291,0.0162,3.322,148.827,1014.253,10.21,6.608,1022.898,1.0142,27.003,1.315,13.084,1
177,A,HM-A104,31.594,44.286,2.539,0.0214,2.859,193.985,1012.338,16.336,6.293,946.424,0.9783,31.783,0.832,12.981,1
177,B,HM-B210,35.207,48.143,2.826,0.0244,3.551,179.12,1014.039,11.643,6.621,901.847,0.9751,24.26,0.978,12.528,1
177,C,HM-C305,38.482,45.028,8.193,0.0628,8.678,164.734,1013.186,12.697,7.253,888.591,0.9465,12.61,0.782,10.405,1
177,D,HM-D118,37.64,42.55,5.213,0.0167,5.445,172.325,1012.304,14.752,7.481,899.947,1.0,30.359,0.815,11.855,1
177,E,HM-E441,36.901,47.312,2.505,0.0142,3.934,174.845,1014.301,12.738,7.448,955.921,0.984,25.358,1.574,12.025,1
177,F,HM-F087,36.262,43.363,2.249,0.0192,4.013,185.628,1013.347,11.608,6.244,918.559,1.0494,35.257,1.142,12.185,1
178,A,HM-A104,32.422,46.987,2.462,0.0136,3.781,170.134,1012.835,16.225,7.743,962.569,1.0013,30.606,1.488,12.338,1
178,B,HM-B210,34.555,44.87,2.499,0.0178,3.68,185.503,1013.291,17.571,6.895,915.314,0.9278,22.628,0.78,11.075,1
178,C,HM-C305,38.368,44.309,8.735,0.0648,8.285,176.178,1012.644,11.545,6.84,933.838,1.0038,25.558,0.155,12.795,1
178,D,HM-D118,33.637,40.272,5.649,0.0226,6.082,185.519,1012.986,13.73,7.211,1031.048,1.0249,22.512,0.782,10.674,1
178,E,HM-E441,33.447,43.642,2.961,0.0165,3.378,162.96,1011.028,14.338,6.704,992.421,0.9884,25.812,1.385,12.923,1
178,F,HM-F087,35.23,48.551,2.729,0.0086,3.305,162.192,1011.829,14.097,7.892,972.322,0.983,14.524,1.011,11.171,1
179,A,HM-A104,36.825,47.082,2.065,0.0181,3.158,161.8,1013.052,13.854,6.902,977.348,0.9801,28.749,0.956,11.573,1
179,B,HM-B210,34.796,49.771,2.385,0.0196,3.669,198.036,1012.912,15.558,7.441,944.047,0.9568,24.314,1.462,13.526,1
179,C,HM-C305,39.884,42.601,8.513,0.0716,8.982,185.802,1012.102,16.632,7.13,953.522,0.985,21.827,0.827,13.166,1
179,D,HM-D118,34.113,41.598,5.281,0.0233,6.416,207.581,1013.068,14.184,6.065,955.231,1.0385,28.575,0.611,11.917,1
179,E,HM-E441,36.634,45.58,2.148,0.0154,3.674,196.685,1012.06,16.008,6.917,934.602,0.976,28.62,1.06,12.72,1
179,F,HM-F087,35.016,42.663,2.659,0.0166,3.759,184.724,1013.136,13.897,7.141,939.978,1.0361,20.485,0.868,11.027,1
