tick,node_id,Helmet_ID,Temp_C,Humidity_Percent,CH4_ppm,H2S_ppm,CO_ppm,VOC_ppm,Pressure_hPa,Mud_Level_cm,Mud_Viscosity_Index,Mud_Salinity_uS_cm,Accel_Z_g,Light_lux,Impact_N,Fluid_Level_cm,node_online
0,A,HM-A104,35.625,53.357,2.645,0.0175,3.906,155.91,1012.695,13.289,6.91,962.432,0.9565,27.448,0.562,12.452,1
0,B,HM-B210,35.322,54.398,2.643,0.028,4.107,200.372,1013.122,12.294,7.157,884.952,0.9607,18.164,0.965,13.567,1
0,C,HM-C305,37.796,57.16,2.066,0.0125,3.147,157.652,1012.999,13.265,6.643,1021.711,0.9804,27.016,1.091,10.902,1
0,D,HM-D118,37.458,49.33,2.605,0.0271,3.448,193.742,1014.978,14.33,7.853,902.117,1.0692,23.043,0.877,13.416,1
0,E,HM-E441,35.704,53.37,2.778,0.0234,3.913,162.954,1013.586,11.396,6.628,991.434,0.9707,25.775,0.845,14.687,1
0,F,HM-F087,35.956,41.153,3.047,0.021,3.641,166.512,1013.34,14.125,7.273,955.913,1.0239,18.806,0.925,12.314,1
1,A,HM-A104,36.603,59.735,2.717,0.0147,4.325,218.387,1014.548,11.453,6.716,960.023,0.9515,18.76,0.775,11.795,1
1,B,HM-B210,36.597,50.382,2.251,0.0169,3.751,228.341,1012.132,16.088,7.979,995.466,1.0605,23.06,0.586,13.836,1
1,C,HM-C305,37.385,53.927,2.638,0.0181,3.741,258.991,1012.524,14.493,6.873,924.792,1.0177,24.442,1.207,11.48,1
1,D,HM-D118,36.156,51.573,2.453,0.0226,4.061,129.455,1012.744,15.907,7.036,935.372,0.9929,20.165,0.9,12.695,1
1,E,HM-E441,34.048,50.744,2.485,0.018,3.657,170.479,1012.154,16.122,7.151,911.05,0.9979,26.566,0.531,11.749,1
1,F,HM-F087,36.281,58.166,3.022,0.0154,4.026,189.298,1011.406,8.801,6.695,921.011,0.9987,20.054,1.409,14.391,1
2,A,HM-A104,36.14,55.477,2.367,0.0233,3.551,160.71,1011.914,16.145,7.023,895.872,0.9978,11.726,0.87,12.837,1
2,B,HM-B210,36.949,54.555,2.377,0.0155,4.064,189.715,1014.123,12.849,6.932,959.409,1.0272,20.972,1.002,13.08,1
2,C,HM-C305,34.755,53.895,2.553,0.0265,3.865,184.424,1013.727,13.792,6.907,966.483,0.9502,26.785,0.892,11.588,1
2,D,HM-D118,34.647,56.684,2.858,0.0209,4.196,193.964,1012.795,14.276,6.863,946.1,0.9935,24.885,1.642,11.283,1
2,E,HM-E441,36.575,52.383,3.393,0.0187,3.478,178.828,1012.103,15.325,6.29,918.695,1.0131,21.848,1.181,11.969,1
2,F,HM-F087,34.983,57.629,3.107,0.0209,3.869,200.239,1013.883,14.786,6.855,899.088,1.0322,15.722,1.034,12.274,1
3,A,HM-A104,34.324,49.878,3.099,0.0219,3.847,204.0,1012.082,12.28,6.624,947.07,1.0272,34.948,1.273,12.209,1
3,B,HM-B210,36.096,56.18,3.023,0.0164,2.838,264.833,1014.194,12.424,6.833,897.094,0.9778,28.588,0.839,11.144,1
3,C,HM-C305,36.055,55.024,2.615,0.0314,3.717,157.925,1013.855,12.78,6.718,943.004,1.0319,28.019,1.296,11.715,1
3,D,HM-D118,37.44,54.751,2.877,0.0153,2.876,199.893,1011.964,14.916,6.962,963.839,1.0304,17.285,1.5,10.747,1
3,E,HM-E441,35.576,56.226,2.533,0.0199,4.349,184.718,1014.108,13.121,6.339,924.129,0.9694,24.842,0.766,12.103,1
3,F,HM-F087,36.603,56.586,2.774,0.0172,2.907,204.133,1013.506,12.915,7.24,885.937,1.017,16.358,1.282,9.944,1
4,A,HM-A104,36.938,54.584,2.924,0.0285,3.239,206.437,1013.771,13.398,6.507,975.477,0.9712,21.508,0.836,11.845,1
4,B,HM-B210,36.991,50.689,2.567,0.0219,4.525,159.048,1013.442,14.871,6.447,963.335,1.0394,29.404,1.659,12.128,1
4,C,HM-C305,34.117,50.721,2.201,0.0136,3.295,219.862,1014.078,13.104,6.804,992.63,0.992,34.818,1.611,13.36,1
4,D,HM-D118,32.958,50.193,2.762,0.0209,3.349,266.787,1011.993,13.372,6.965,922.727,0.9963,24.352,0.205,10.059,1
4,E,HM-E441,34.682,53.019,2.204,0.0215,3.487,167.365,1014.688,14.061,7.724,915.879,0.9669,29.329,0.974,11.941,1
4,F,HM-F087,36.816,49.69,3.097,0.0304,3.436,176.88,1012.766,12.914,6.256,931.723,0.9522,22.906,1.827,9.431,1
5,A,HM-A104,37.241,52.164,1.744,0.0197,4.758,173.546,1010.544,15.842,7.843,1002.522,1.0662,17.442,1.006,12.815,1
5,B,HM-B210,35.724,58.071,3.096,0.0178,3.763,175.885,1012.979,13.553,6.619,951.004,0.9864,21.426,0.829,11.894,1
5,C,HM-C305,34.962,57.4,3.122,0.0258,3.295,204.79,1013.476,15.215,6.601,992.902,1.0003,30.4,0.849,13.291,1
5,D,HM-D118,35.181,52.812,2.7,0.0162,3.413,198.184,1012.713,13.864,7.386,1006.154,0.9429,17.507,0.574,12.268,1
5,E,HM-E441,36.725,47.83,2.55,0.0202,3.666,217.69,1012.812,13.376,7.439,941.41,1.0777,23.568,1.661,12.82,1
5,F,HM-F087,34.919,57.977,2.574,0.0217,3.513,207.19,1012.336,14.686,6.28,968.301,0.9264,32.377,0.655,11.656,1
6,A,HM-A104,36.93,50.742,3.035,0.0188,2.798,186.935,1012.216,14.402,6.335,1009.315,0.9934,18.941,1.497,12.562,1
6,B,HM-B210,36.342,50.513,2.242,0.0203,3.771,198.029,1012.832,13.905,6.971,925.236,0.9998,17.102,0.232,12.311,1
6,C,HM-C305,34.585,48.131,2.69,0.0283,4.038,225.914,1013.457,14.415,7.105,964.499,0.9887,22.32,0.868,11.959,1
6,D,HM-D118,35.989,58.54,2.665,0.0204,4.16,219.765,1012.864,13.608,6.911,959.678,0.9304,28.155,1.31,12.355,1
6,E,HM-E441,35.346,50.774,2.126,0.0151,4.388,199.856,1013.222,14.502,6.43,932.714,0.9866,30.804,0.377,15.266,1
6,F,HM-F087,36.008,46.986,2.43,0.0161,3.679,224.163,1012.851,14.499,6.879,940.507,0.919,22.589,1.722,13.642,1
7,A,HM-A104,36.537,49.43,3.355,0.0246,3.211,170.855,1011.784,15.921,7.21,982.735,1.0183,17.09,1.038,10.16,1
7,B,HM-B210,36.441,51.672,3.018,0.016,3.975,133.108,1011.353,12.369,6.847,969.893,1.018,30.189,0.592,10.992,1
7,C,HM-C305,34.853,59.312,3.607,0.0185,3.622,219.917,1014.543,11.756,6.83,879.417,0.9514,29.92,1.392,12.848,1
7,D,HM-D118,37.011,48.373,2.867,0.0133,3.908,241.355,1014.524,13.269,6.946,988.891,0.969,18.328,1.27,12.505,1
7,E,HM-E441,36.213,47.701,2.726,0.0214,4.016,207.154,1012.771,14.001,7.341,915.498,1.0244,27.184,1.475,11.573,1
7,F,HM-F087,36.032,45.45,3.048,0.0132,3.826,194.774,1014.021,13.794,6.766,983.809,1.0033,19.847,1.461,9.937,1
8,A,HM-A104,33.13,55.91,2.868,0.0175,4.221,236.767,1015.912,12.933,7.202,925.992,0.9746,13.115,1.058,11.702,1
8,B,HM-B210,35.434,54.642,2.664,0.0173,4.379,184.964,1011.606,11.888,7.194,930.51,0.9564,25.781,0.449,12.192,1
8,C,HM-C305,33.913,50.088,2.348,0.0161,4.412,241.209,1013.92,15.21,7.61,929.697,0.9095,15.463,1.332,10.525,1
8,D,HM-D118,37.227,57.42,3.059,0.0163,3.996,220.727,1012.674,13.856,6.597,983.406,1.0345,19.238,0.724,12.474,1
8,E,HM-E441,34.92,47.318,2.535,0.0241,3.743,200.357,1013.204,14.17,6.783,1002.049,1.027,15.068,1.158,10.26,1
8,F,HM-F087,36.09,52.231,2.475,0.0239,3.24,176.566,1013.857,13.935,7.137,944.403,0.9451,25.937,1.378,12.874,1
9,A,HM-A104,34.275,46.187,2.995,0.0186,3.285,229.574,1012.402,14.432,6.265,898.159,1.0132,28.971,0.662,10.567,1
9,B,HM-B210,37.646,59.279,2.49,0.0206,4.095,188.558,1012.217,16.396,7.477,930.953,0.9662,20.609,1.329,12.284,1
9,C,HM-C305,36.935,54.366,2.988,0.0178,3.811,199.648,1012.334,14.141,7.305,957.037,1.0431,23.505,1.687,12.713,1
9,D,HM-D118,35.94,51.352,3.244,0.0159,4.103,201.478,1013.499,15.659,6.811,953.282,0.9858,26.567,0.942,11.61,1
9,E,HM-E441,34.956,51.483,3.263,0.0124,3.585,178.829,1013.301,11.076,7.588,934.786,0.9464,30.064,0.99,11.055,1
9,F,HM-F087,35.279,52.38,2.758,0.0174,4.293,189.517,1012.189,16.558,7.013,966.373,0.9822,18.605,0.815,10.868,1
10,A,HM-A104,35.348,47.689,2.829,0.0222,4.179,164.042,1013.409,15.001,7.13,951.487,1.0209,23.208,1.811,13.124,1
10,B,HM-B210,34.376,39.908,2.177,0.0146,3.568,220.578,1014.838,15.343,7.325,930.468,0.9615,27.028,0.814,13.241,1
10,C,HM-C305,34.221,48.28,2.203,0.0232,3.495,183.623,1013.012,14.826,7.715,967.444,1.0142,27.04,0.44,11.398,1
10,D,HM-D118,35.125,50.161,2.503,0.0248,3.843,185.514,1011.55,14.683,7.228,908.074,1.0218,17.869,0.322,11.717,1
10,E,HM-E441,37.01,47.955,2.413,0.0167,4.042,229.961,1011.636,12.482,7.28,989.232,1.0625,25.444,1.532,10.717,1
10,F,HM-F087,34.613,44.576,2.975,0.0198,3.935,202.44,1014.638,16.5,7.065,963.779,1.0039,23.616,0.858,12.492,1
11,A,HM-A104,35.284,56.459,2.8,0.0239,3.148,178.858,1011.378,13.225,6.953,914.944,1.082,25.389,1.094,11.583,1
11,B,HM-B210,36.247,52.426,2.206,0.0217,3.206,227.83,1014.07,15.637,6.581,909.365,1.0231,24.593,0.825,11.574,1
11,C,HM-C305,36.279,53.178,2.653,0.029,2.695,178.117,1013.912,12.25,7.331,1015.986,0.9641,22.534,1.354,13.33,1
11,D,HM-D118,34.387,52.735,2.475,0.027,3.903,203.093,1013.998,15.521,7.246,970.86,1.0315,24.774,0.214,14.104,1
11,E,HM-E441,36.011,54.407,2.572,0.0297,4.185,206.654,1013.446,13.874,7.708,916.333,0.9268,20.139,0.5,12.603,1
11,F,HM-F087,35.634,51.38,2.272,0.0144,4.318,222.196,1012.673,14.803,6.969,922.166,0.9598,24.748,1.452,12.453,1
12,A,HM-A104,35.799,56.788,3.147,0.0252,4.037,183.452,1013.126,15.654,7.459,1009.296,1.0916,27.572,0.076,12.095,1
12,B,HM-B210,35.721,46.321,2.478,0.0197,3.21,220.637,1012.179,13.781,7.216,951.035,1.0123,30.33,1.115,11.212,1
12,C,HM-C305,35.147,55.19,3.054,0.0246,3.847,212.777,1011.676,14.073,7.39,933.098,1.0375,22.726,1.495,12.132,1
12,D,HM-D118,37.209,50.509,3.012,0.0199,3.02,171.028,1011.589,17.172,7.307,931.042,1.0309,23.789,0.265,12.99,1
12,E,HM-E441,37.858,47.958,2.654,0.0219,4.137,195.155,1010.025,17.167,7.404,980.906,1.0429,19.096,0.75,10.592,1
12,F,HM-F087,35.97,50.595,2.323,0.0179,4.077,172.036,1012.378,13.791,7.401,935.515,0.9979,26.965,0.687,13.8,1
13,A,HM-A104,36.058,51.863,2.899,0.0372,2.896,220.133,1012.418,15.401,7.194,985.546,0.9828,25.002,0.437,13.842,1
13,B,HM-B210,37.386,46.413,2.279,0.0171,4.09,233.009,1013.782,16.713,6.712,1007.364,1.0228,24.507,0.668,12.134,1
13,C,HM-C305,35.66,51.413,2.571,0.0312,2.684,176.111,1012.006,17.077,7.136,1007.432,1.0419,30.352,0.684,11.785,1
13,D,HM-D118,35.824,51.866,2.707,0.0256,4.1,191.118,1015.274,13.369,7.075,905.136,1.0094,13.87,0.329,12.548,1
13,E,HM-E441,34.397,56.694,2.796,0.0153,3.984,211.443,1013.428,13.357,7.215,1000.452,0.9498,15.547,1.323,12.159,1
13,F,HM-F087,34.545,49.396,3.2,0.0186,3.603,215.441,1012.106,12.027,6.949,921.101,0.9765,18.309,0.803,12.038,1
14,A,HM-A104,35.056,61.352,2.12,0.0204,4.085,195.948,1012.1,10.092,7.365,950.791,0.982,23.855,1.348,11.432,1
14,B,HM-B210,36.99,53.502,3.063,0.0196,4.529,195.552,1012.355,13.318,6.97,966.677,1.0745,28.647,1.569,11.942,1
14,C,HM-C305,35.675,54.009,2.222,0.0162,3.678,204.657,1012.925,14.831,6.7,989.666,1.002,21.033,1.408,12.118,1
14,D,HM-D118,37.731,49.904,3.222,0.0206,3.569,200.569,1012.936,14.366,7.152,950.404,1.0214,15.793,0.866,12.652,1
14,E,HM-E441,32.184,55.854,3.017,0.0232,4.076,202.749,1011.684,14.106,6.94,967.065,0.9786,20.714,1.464,13.226,1
14,F,HM-F087,38.07,48.608,3.04,0.0275,3.167,168.96,1012.424,12.792,7.528,929.043,1.0001,23.781,1.345,10.616,1
15,A,HM-A104,35.207,58.46,2.835,0.0194,3.568,190.615,1012.547,15.125,6.954,980.645,1.0072,20.184,1.027,12.928,1
15,B,HM-B210,33.896,46.409,2.858,0.0142,3.054,184.289,1012.109,15.425,7.639,925.764,0.9836,22.88,1.083,11.62,1
15,C,HM-C305,37.213,47.078,2.784,0.016,3.854,193.995,1012.508,14.369,7.479,962.249,0.9449,23.587,0.53,13.899,1
15,D,HM-D118,36.521,58.24,2.762,0.0216,3.231,189.943,1014.736,16.259,6.959,935.566,1.0042,15.49,1.118,13.067,1
15,E,HM-E441,35.493,52.588,2.365,0.0205,3.979,209.598,1013.044,13.748,7.455,961.495,0.9247,26.881,1.09,12.573,1
15,F,HM-F087,36.889,53.201,2.382,0.0101,3.72,220.744,1012.486,15.377,7.127,904.512,0.993,24.1,1.152,12.572,1
16,A,HM-A104,36.952,59.707,2.757,0.0304,3.875,138.908,1010.612,15.856,7.194,969.17,0.972,22.542,0.602,13.862,1
16,B,HM-B210,37.524,50.763,2.808,0.0099,3.995,234.794,1012.724,14.263,6.236,934.641,1.008,22.016,1.077,11.714,1
16,C,HM-C305,36.256,49.59,2.508,0.0276,2.994,236.223,1012.184,13.745,7.602,918.348,0.981,26.59,1.088,11.931,1
16,D,HM-D118,35.179,52.796,3.066,0.027,4.944,199.343,1014.428,14.96,7.044,954.332,1.0261,26.549,1.594,10.788,1
16,E,HM-E441,36.642,47.775,2.668,0.018,3.584,144.679,1012.652,12.963,7.335,973.091,0.9306,19.997,1.562,11.271,1
16,F,HM-F087,34.287,48.464,2.842,0.0157,4.016,189.539,1014.086,14.181,6.635,979.428,0.9906,33.899,0.15,12.761,1
17,A,HM-A104,35.697,56.317,2.594,0.0153,3.725,156.497,1012.547,11.497,6.631,969.125,0.943,22.639,0.127,12.786,1
17,B,HM-B210,34.147,50.289,2.897,0.009,3.97,230.678,1014.394,14.847,6.959,923.273,0.9992,32.243,0.281,11.985,1
17,C,HM-C305,35.204,44.012,3.297,0.0255,3.837,222.547,1015.645,12.032,6.716,947.452,0.989,19.422,1.028,11.254,1
17,D,HM-D118,35.915,51.631,2.794,0.0221,3.458,183.229,1011.913,11.794,7.18,949.153,0.9166,25.871,0.573,12.91,1
17,E,HM-E441,34.309,54.798,2.482,0.0283,3.544,200.337,1013.609,16.015,7.723,967.459,0.9387,24.926,1.007,12.409,1
17,F,HM-F087,35.88,46.25,2.516,0.0153,3.5,205.747,1013.094,14.18,6.803,987.765,1.0054,27.406,0.936,12.609,1
18,A,HM-A104,37.244,51.705,2.801,0.0264,4.169,224.549,1013.722,11.873,6.344,931.263,0.9817,26.07,0.946,11.211,1
18,B,HM-B210,35.97,47.768,2.661,0.0242,3.316,173.886,1014.54,10.218,6.688,989.183,0.9404,26.275,1.117,10.271,1
18,C,HM-C305,36.462,50.535,2.554,0.0195,4.423,179.325,1012.882,16.349,6.966,980.901,0.9437,19.171,2.064,10.631,1
18,D,HM-D118,35.581,49.163,2.913,0.0124,4.339,194.198,1014.069,12.66,7.379,981.732,0.8954,19.925,0.387,12.521,1
18,E,HM-E441,34.808,56.168,2.45,0.0267,4.004,199.014,1011.875,13.296,7.161,925.179,1.004,21.558,1.259,13.036,1
18,F,HM-F087,35.363,56.966,2.206,0.0221,2.864,248.541,1012.91,13.366,6.587,946.013,1.0394,16.733,0.513,13.083,1
19,A,HM-A104,35.675,42.7,2.845,0.0217,3.529,206.359,1013.897,14.97,7.061,918.832,0.9161,22.941,0.891,11.678,1
19,B,HM-B210,36.496,51.983,2.438,0.0154,3.357,192.5,1012.033,14.255,6.681,945.668,0.9671,22.528,0.961,12.519,1
19,C,HM-C305,36.774,47.174,2.755,0.0247,3.711,184.901,1016.161,13.349,6.766,970.95,0.9346,18.396,0.438,10.987,1
19,D,HM-D118,35.15,54.339,3.052,0.0131,3.921,202.265,1013.318,15.129,6.456,955.268,1.0233,31.814,0.984,12.906,1
19,E,HM-E441,36.449,48.012,2.77,0.0144,3.305,241.174,1015.604,15.957,6.175,907.669,1.0775,26.039,1.075,11.978,1
19,F,HM-F087,34.84,51.672,2.48,0.016,4.373,162.698,1012.933,14.411,7.601,923.956,1.0051,21.892,0.899,13.026,1
20,A,HM-A104,34.307,52.496,2.672,0.021,4.676,194.247,1011.935,13.101,6.955,1008.521,0.8831,22.344,1.143,11.766,1
20,B,HM-B210,35.515,46.72,2.842,0.0203,3.7,207.24,1011.041,14.869,6.855,899.234,0.9766,22.51,1.749,10.844,1
20,C,HM-C305,37.746,51.707,2.43,0.0157,3.996,225.004,1012.19,14.637,7.656,962.962,0.9163,22.659,0.97,10.706,1
20,D,HM-D118,35.699,51.233,3.208,0.0173,3.729,205.189,1011.689,13.691,6.139,973.561,1.0205,20.96,0.741,12.403,1
20,E,HM-E441,35.622,54.215,2.882,0.0179,3.681,231.266,1015.348,14.492,6.874,930.634,0.9803,21.574,0.718,10.71,1
20,F,HM-F087,35.141,55.312,2.82,0.0127,3.09,206.338,1013.516,15.54,6.982,932.947,0.9602,26.321,0.583,12.336,1
21,A,HM-A104,35.316,56.896,3.25,0.016,3.389,202.625,1012.543,15.659,6.57,927.389,1.0196,32.736,1.351,10.195,1
21,B,HM-B210,35.159,47.675,2.338,0.0225,4.77,148.307,1012.419,15.473,6.904,989.887,1.0457,22.741,1.029,12.215,1
21,C,HM-C305,38.864,55.239,2.142,0.0189,3.589,176.114,1012.842,15.7,7.866,955.2,0.9927,26.331,0.19,12.035,1
21,D,HM-D118,35.96,53.702,2.937,0.0208,3.773,220.77,1013.365,14.827,7.32,1003.652,0.9837,26.518,1.123,11.245,1
21,E,HM-E441,32.437,47.906,2.628,0.0214,3.933,207.242,1013.213,13.813,6.578,994.922,1.0028,14.317,0.306,9.635,1
21,F,HM-F087,37.073,51.656,2.692,0.0266,3.667,209.889,1011.618,14.602,6.915,939.715,1.0796,27.391,1.297,11.067,1
22,A,HM-A104,36.092,57.464,2.799,0.0228,3.876,192.323,1013.288,11.815,6.965,916.079,0.983,20.723,0.907,13.249,1
22,B,HM-B210,37.661,46.343,2.588,0.0186,3.201,219.598,1012.761,14.49,7.069,967.659,1.0022,19.164,0.815,11.82,1
22,C,HM-C305,36.387,52.785,2.971,0.0102,3.387,211.053,1012.792,13.014,6.947,958.764,0.9774,23.027,0.724,10.798,1
22,D,HM-D118,38.909,43.742,2.752,0.0148,4.109,147.262,1014.827,16.249,6.354,988.409,0.9566,28.694,0.992,12.25,1
22,E,HM-E441,36.509,52.029,2.933,0.0065,3.479,213.852,1011.415,14.934,6.531,974.95,1.0566,27.541,0.98,11.258,1
22,F,HM-F087,35.558,59.229,1.964,0.0251,4.369,217.761,1012.84,14.211,7.284,918.685,1.0132,27.298,0.568,11.473,1
23,A,HM-A104,37.016,47.574,2.648,0.0129,3.361,158.76,1012.765,15.196,7.053,972.525,1.0429,26.804,1.299,12.165,1
23,B,HM-B210,36.336,61.424,3.115,0.0207,2.76,207.249,1014.794,10.942,7.299,947.758,1.035,19.065,1.385,12.634,1
23,C,HM-C305,36.519,48.273,2.051,0.0223,3.161,153.756,1013.433,13.882,6.698,962.911,1.0417,27.418,0.522,12.996,1
23,D,HM-D118,35.77,53.52,3.145,0.0255,4.522,203.837,1013.654,11.763,7.229,929.445,0.9462,30.798,1.449,10.008,1
23,E,HM-E441,34.195,50.593,2.645,0.0171,3.252,212.797,1013.081,12.806,7.044,1000.003,1.0665,22.457,1.143,12.586,1
23,F,HM-F087,36.264,46.03,3.085,0.0278,3.714,256.621,1012.595,14.831,7.2,936.09,1.0199,15.205,0.691,11.855,1
24,A,HM-A104,35.679,45.147,2.896,0.0199,4.602,224.793,1010.598,13.909,7.284,948.337,1.0421,29.031,0.898,11.904,1
24,B,HM-B210,34.483,46.965,3.328,0.027,3.266,238.576,1013.748,11.685,6.765,920.394,0.981,27.964,0.789,14.068,1
24,C,HM-C305,34.761,55.766,2.832,0.0132,4.269,179.121,1015.571,15.397,7.331,974.792,1.0433,15.628,0.623,11.159,1
24,D,HM-D118,33.851,52.592,2.483,0.0171,3.626,178.541,1013.634,14.35,6.239,984.686,1.0116,20.12,0.898,13.524,1
24,E,HM-E441,35.944,52.775,2.869,0.0282,4.526,172.34,1013.013,17.36,6.876,885.336,0.9941,11.51,1.227,12.321,1
24,F,HM-F087,35.531,51.9,2.284,0.0194,3.513,205.117,1013.051,16.623,7.129,892.155,1.0343,33.373,0.159,13.369,1
25,A,HM-A104,34.885,46.131,3.358,0.0141,4.444,219.895,1012.996,13.752,6.459,933.393,1.0361,19.315,1.546,12.171,1
25,B,HM-B210,37.86,55.498,2.426,0.0226,3.905,217.164,1013.299,13.197,6.422,937.322,0.9795,28.981,1.116,11.702,1
25,C,HM-C305,35.693,48.634,2.659,0.0193,3.85,175.673,1011.78,10.367,6.679,1027.939,1.0167,34.055,1.895,10.448,1
25,D,HM-D118,34.938,52.393,2.09,0.0228,3.763,155.301,1014.449,12.292,6.636,924.929,1.0152,22.669,0.168,10.102,1
25,E,HM-E441,33.788,46.543,3.255,0.0236,3.993,250.483,1013.926,11.43,7.342,947.734,0.9548,24.535,0.611,14.706,1
25,F,HM-F087,35.379,52.855,2.194,0.0196,3.768,222.685,1012.302,14.326,6.191,987.86,1.0355,31.855,1.144,12.164,1
26,A,HM-A104,36.325,52.048,2.157,0.022,4.391,178.515,1014.125,13.8,6.854,947.834,1.0145,27.713,1.458,11.939,1
26,B,HM-B210,36.56,49.995,3.226,0.022,3.049,200.752,1012.299,13.121,7.408,905.726,0.9727,24.51,1.765,12.221,1
26,C,HM-C305,36.349,50.254,2.782,0.0236,3.741,183.258,1011.745,14.34,6.86,896.966,1.0105,26.192,1.012,11.374,1
26,D,HM-D118,36.366,52.154,2.936,0.0212,3.328,206.813,1013.132,14.168,6.999,945.701,0.9653,19.03,1.354,11.283,1
26,E,HM-E441,36.66,52.717,2.63,0.0223,4.17,186.534,1012.304,15.45,6.295,962.407,1.0313,21.015,1.002,13.792,1
26,F,HM-F087,36.856,54.875,2.917,0.0219,3.701,160.51,1013.491,13.922,7.219,957.124,1.0422,18.246,0.799,11.505,1
27,A,HM-A104,37.54,48.315,3.183,0.019,4.166,241.161,1014.052,14.024,7.487,955.294,1.0017,23.764,1.536,14.663,1
27,B,HM-B210,35.042,52.259,2.916,0.0192,3.765,204.384,1012.925,14.078,6.377,1006.948,0.9639,15.192,0.451,11.649,1
27,C,HM-C305,36.699,52.137,2.485,0.0249,3.445,232.941,1013.427,12.969,6.761,937.813,1.0031,24.171,0.743,11.589,1
27,D,HM-D118,36.246,54.6,2.203,0.0107,4.457,199.875,1013.277,13.819,7.152,999.616,1.056,24.42,0.816,11.28,1
27,E,HM-E441,35.747,53.921,2.428,0.0288,3.463,222.214,1012.675,12.971,6.892,985.232,1.0345,19.832,1.375,13.404,1
27,F,HM-F087,34.893,49.902,2.644,0.0163,3.944,181.802,1012.353,14.71,6.87,957.872,1.0347,28.828,1.724,12.462,1
28,A,HM-A104,35.4,49.581,2.892,0.0224,4.049,246.29,1012.994,12.098,7.248,924.242,1.0115,15.016,0.737,13.288,1
28,B,HM-B210,35.742,49.797,2.511,0.0215,4.097,215.954,1013.624,14.819,6.811,945.252,0.9834,24.165,0.99,12.909,1
28,C,HM-C305,38.199,54.573,2.782,0.0201,3.388,206.369,1011.562,13.447,6.579,981.898,1.0157,16.442,0.55,11.42,1
28,D,HM-D118,36.839,45.45,2.898,0.0262,3.526,201.657,1011.675,14.78,7.208,984.27,0.9886,26.599,0.56,12.86,1
28,E,HM-E441,36.133,58.598,2.712,0.0264,4.099,212.565,1012.556,12.203,7.171,933.143,0.9322,26.1,1.031,12.611,1
28,F,HM-F087,37.234,53.308,2.202,0.0188,4.301,187.861,1013.257,13.599,8.014,941.576,1.0827,32.678,1.597,12.217,1
29,A,HM-A104,35.815,62.054,3.005,0.0206,3.528,236.045,1013.182,16.336,7.291,1012.897,0.9892,24.895,0.928,13.447,1
29,B,HM-B210,35.758,51.665,3.252,0.0278,3.539,220.82,1013.043,13.806,7.201,922.234,0.9378,15.0,1.409,11.766,1
29,C,HM-C305,34.02,46.14,2.836,0.027,3.777,225.309,1013.461,13.543,7.199,1001.498,0.9928,28.541,1.128,12.627,1
29,D,HM-D118,35.211,56.009,2.272,0.0231,4.352,142.405,1013.795,12.887,7.873,995.774,1.0264,30.956,1.26,12.016,1
29,E,HM-E441,37.263,49.988,2.773,0.0213,5.288,250.384,1013.49,16.692,6.855,969.608,0.9444,26.185,0.893,14.597,1
29,F,HM-F087,35.894,53.871,2.63,0.021,4.103,242.851,1012.066,14.999,7.674,858.728,1.0469,16.013,1.156,12.19,1
30,A,HM-A104,35.231,58.03,2.749,0.0272,4.509,231.816,1010.543,15.151,6.462,975.302,1.0606,16.162,1.478,11.992,1
30,B,HM-B210,37.909,57.541,2.433,0.0196,3.71,155.64,1010.989,13.336,6.67,930.674,0.9557,23.331,1.541,10.378,1
30,C,HM-C305,35.815,52.28,3.168,0.0222,3.466,215.412,1009.795,13.046,6.183,970.559,0.9988,14.347,1.274,11.331,1
30,D,HM-D118,36.085,49.956,2.73,0.0221,4.614,192.322,1012.161,12.351,7.215,946.338,1.0616,24.08,0.355,10.126,1
30,E,HM-E441,36.566,55.063,3.575,0.0229,4.2,231.049,1014.019,14.889,7.394,945.501,1.0146,26.019,1.324,14.164,1
30,F,HM-F087,34.522,50.757,2.619,0.0161,3.501,172.012,1012.415,11.418,7.101,931.191,1.0302,23.587,1.181,10.761,1
31,A,HM-A104,36.729,51.608,2.583,0.0245,3.762,175.907,1013.217,13.194,6.733,912.0,0.9817,25.209,0.417,13.331,1
31,B,HM-B210,35.508,56.584,2.748,0.0199,4.259,202.071,1012.292,14.654,7.058,988.732,1.0991,25.843,0.266,11.441,1
31,C,HM-C305,35.634,50.82,2.673,0.0304,4.219,178.461,1012.829,13.617,6.278,1032.853,1.068,27.352,0.88,10.7,1
31,D,HM-D118,33.44,56.667,3.206,0.0148,3.787,210.56,1013.808,12.483,7.451,925.361,0.9747,21.257,0.839,10.296,1
31,E,HM-E441,34.985,52.355,2.99,0.0288,4.864,269.43,1013.499,14.742,7.195,922.864,0.98,26.058,0.848,12.651,1
31,F,HM-F087,35.729,54.391,2.296,0.0162,3.845,167.675,1012.978,14.047,7.169,949.028,1.0,18.931,0.509,14.28,1
32,A,HM-A104,34.956,58.911,2.332,0.0198,3.957,214.108,1014.043,12.266,6.935,945.33,1.0257,23.103,1.189,12.552,1
32,B,HM-B210,36.621,55.464,2.712,0.0165,3.292,219.311,1012.161,11.996,6.369,940.838,0.9895,21.093,1.54,11.86,1
32,C,HM-C305,35.627,48.131,2.772,0.0193,3.459,183.568,1013.457,16.32,6.548,927.473,0.9692,24.571,1.846,10.806,1
32,D,HM-D118,36.568,48.803,2.015,0.0172,3.611,232.443,1011.725,12.924,6.569,878.035,1.0181,18.881,0.0,12.56,1
32,E,HM-E441,37.507,47.332,3.443,0.0342,5.001,233.165,1011.965,11.81,6.968,977.547,1.011,16.287,0.457,12.69,1
32,F,HM-F087,35.204,48.091,2.424,0.0187,4.313,194.527,1014.106,15.936,6.828,951.58,1.0694,19.038,1.605,11.882,1
33,A,HM-A104,36.094,58.901,2.831,0.0151,4.268,222.84,1013.555,13.539,7.663,960.027,0.9978,30.788,1.333,12.355,1
33,B,HM-B210,35.992,55.294,2.222,0.0162,3.281,175.428,1011.93,14.079,7.072,1001.55,1.0436,29.62,1.626,12.903,1
33,C,HM-C305,35.798,51.518,2.212,0.0229,3.62,182.12,1013.981,17.38,7.007,1013.523,0.9733,28.753,1.06,12.483,1
33,D,HM-D118,36.664,54.807,2.252,0.0195,4.06,170.316,1015.805,16.381,7.909,1025.709,1.0018,19.898,0.738,10.329,1
33,E,HM-E441,39.761,54.286,2.939,0.0362,5.814,305.996,1013.641,14.283,7.576,1008.299,0.9608,22.279,0.727,11.803,1
33,F,HM-F087,37.453,45.689,2.847,0.0253,4.415,191.485,1012.369,13.379,8.024,971.782,1.0381,24.979,0.548,9.994,1
34,A,HM-A104,35.511,52.493,2.24,0.0277,4.008,172.237,1013.351,14.676,6.564,900.244,1.0454,31.193,0.989,12.964,1
34,B,HM-B210,36.573,51.842,2.549,0.0224,4.633,145.434,1011.824,16.209,7.015,958.453,1.0023,15.132,0.68,12.346,1
34,C,HM-C305,36.935,52.494,2.995,0.0243,4.162,164.759,1011.563,13.125,7.361,979.899,0.9742,21.478,0.801,12.138,1
34,D,HM-D118,36.418,54.384,2.956,0.0179,3.193,225.544,1012.395,13.295,7.207,950.066,0.9932,15.382,0.695,10.319,1
34,E,HM-E441,37.616,55.822,4.465,0.0315,5.904,310.033,1013.109,13.638,7.197,900.859,0.9463,26.743,0.982,11.924,1
34,F,HM-F087,38.861,57.726,3.136,0.0169,3.622,255.388,1013.129,14.429,7.028,954.137,0.9433,25.065,1.52,11.641,1
35,A,HM-A104,33.974,57.94,2.493,0.0292,3.249,231.126,1014.82,13.396,6.83,964.94,1.0317,25.215,0.713,12.101,1
35,B,HM-B210,38.452,54.918,2.554,0.0214,3.911,215.357,1013.865,12.21,5.879,940.482,0.9771,26.639,1.04,13.596,1
35,C,HM-C305,34.712,52.306,2.008,0.0208,4.067,189.564,1012.293,16.322,6.528,929.847,0.9963,11.781,1.265,12.427,1
35,D,HM-D118,35.185,48.769,2.918,0.0161,3.786,201.607,1011.695,12.547,6.962,912.492,0.9539,31.539,1.315,13.727,1
35,E,HM-E441,40.899,45.676,3.6,0.0357,5.094,276.716,1013.282,14.237,7.021,904.732,1.0208,31.481,1.013,11.011,1
35,F,HM-F087,37.155,55.976,3.367,0.0227,3.83,201.266,1012.773,16.163,6.622,970.651,1.0809,21.997,1.104,10.864,1
36,A,HM-A104,36.357,55.538,2.522,0.0164,4.486,163.969,1013.995,13.003,6.721,826.301,1.0502,26.532,1.057,12.07,1
36,B,HM-B210,36.265,56.897,2.698,0.0298,3.551,185.96,1013.47,14.092,6.902,938.352,0.9508,27.069,1.145,12.855,1
36,C,HM-C305,35.685,48.229,2.896,0.0249,3.449,210.759,1012.249,14.291,7.256,974.126,0.964,28.044,0.509,12.567,1
36,D,HM-D118,35.656,50.988,2.681,0.0112,3.659,242.489,1012.613,11.192,6.993,927.019,1.0103,32.634,1.504,10.477,1
36,E,HM-E441,39.53,49.466,4.279,0.0351,4.92,315.962,1011.496,11.444,7.181,988.273,1.0079,20.922,0.078,10.131,1
36,F,HM-F087,37.381,52.637,2.982,0.0176,3.917,170.813,1012.939,11.262,8.017,959.458,0.9437,15.347,0.627,12.587,1
37,A,HM-A104,36.762,46.894,2.747,0.0224,3.497,202.46,1012.791,13.658,7.287,988.352,1.0194,29.864,2.011,12.922,1
37,B,HM-B210,33.294,44.398,2.207,0.0166,3.669,192.925,1011.554,16.241,6.234,933.227,0.9618,24.405,0.336,12.769,1
37,C,HM-C305,36.029,54.723,2.876,0.0186,3.371,216.177,1014.365,14.015,6.991,951.193,1.0317,24.506,0.988,11.81,1
37,D,HM-D118,37.322,51.296,2.518,0.0199,4.492,201.884,1013.928,14.257,6.964,971.584,1.0049,23.779,1.463,10.915,1
37,E,HM-E441,40.071,47.35,3.817,0.0367,6.456,328.047,1012.13,13.655,7.283,952.728,0.972,32.922,0.375,12.275,1
37,F,HM-F087,35.89,48.029,2.29,0.0244,4.595,236.219,1012.863,14.384,6.74,918.345,0.9791,26.568,0.937,8.637,1
38,A,HM-A104,36.776,51.21,2.592,0.0166,4.004,195.423,1012.717,15.969,6.623,978.03,1.0211,24.34,0.899,13.149,1
38,B,HM-B210,36.007,48.932,2.633,0.0165,3.489,215.571,1012.784,10.762,6.645,979.69,0.9471,25.267,0.665,11.484,1
38,C,HM-C305,33.742,44.747,2.735,0.0179,3.646,138.251,1012.811,14.805,7.725,938.33,0.9995,27.165,1.319,13.192,1
38,D,HM-D118,35.096,57.608,3.269,0.0122,4.042,212.818,1013.201,13.474,6.729,987.674,1.0324,24.773,0.858,10.129,1
38,E,HM-E441,38.176,55.911,4.479,0.0369,5.911,305.339,1013.83,13.331,7.626,976.386,0.9236,24.068,1.313,12.055,1
38,F,HM-F087,35.707,50.045,3.081,0.0267,3.789,216.858,1014.022,11.909,6.659,921.385,0.93,36.314,0.93,12.066,1
39,A,HM-A104,36.563,60.817,2.694,0.0197,3.647,190.474,1013.61,14.09,6.555,935.704,1.0735,32.756,0.68,13.67,1
39,B,HM-B210,35.075,51.191,3.41,0.0211,4.293,209.0,1011.342,15.508,7.053,924.76,0.9322,26.188,1.031,12.041,1
39,C,HM-C305,34.684,45.184,2.675,0.0155,3.353,194.148,1013.317,14.975,7.042,951.898,0.9526,33.236,0.351,13.486,1
39,D,HM-D118,35.483,49.455,2.734,0.0269,4.107,220.413,1013.524,14.717,6.612,924.847,1.0112,24.145,0.32,11.837,1
39,E,HM-E441,36.387,55.959,4.643,0.0411,6.095,320.724,1014.254,12.164,6.609,952.369,0.9809,22.578,1.71,11.305,1
39,F,HM-F087,34.801,44.852,3.043,0.0275,3.344,188.155,1014.015,12.195,6.78,928.251,1.0435,19.103,0.913,11.47,1
40,A,HM-A104,35.393,57.155,2.943,0.0177,4.248,177.54,1013.913,14.177,7.365,903.908,1.032,18.5,1.303,12.467,1
40,B,HM-B210,36.033,52.012,2.555,0.021,3.736,169.159,1014.064,12.896,7.15,928.635,1.0171,34.39,0.951,12.559,1
40,C,HM-C305,37.068,54.78,2.655,0.0229,4.432,194.18,1013.075,12.235,6.797,882.903,1.0134,20.826,1.249,11.26,1
40,D,HM-D118,34.541,49.982,2.045,0.0204,4.084,201.764,1014.655,16.294,6.675,935.058,1.0366,23.954,0.538,12.467,1
40,E,HM-E441,40.08,50.172,4.966,0.037,6.094,325.894,1013.738,13.576,7.072,895.432,1.0846,20.09,0.96,14.456,1
40,F,HM-F087,34.478,53.621,2.345,0.0141,3.872,173.544,1012.394,12.344,7.133,1010.223,1.0241,31.044,0.458,11.514,1
41,A,HM-A104,35.598,48.885,2.926,0.0216,3.67,153.596,1011.413,13.407,6.847,890.829,0.9452,20.387,1.315,11.014,1
41,B,HM-B210,37.124,51.648,3.035,0.0223,4.018,222.264,1014.776,15.274,6.416,988.499,0.9858,24.882,1.733,12.022,1
41,C,HM-C305,35.02,48.872,2.517,0.0278,4.171,212.058,1012.476,11.697,7.277,1002.077,0.9346,15.386,1.372,10.79,1
41,D,HM-D118,36.566,52.677,1.802,0.019,3.747,182.565,1012.331,13.51,7.137,1002.841,1.0261,17.882,0.757,11.108,1
41,E,HM-E441,38.791,45.988,5.013,0.0528,7.287,374.411,1013.791,14.254,7.276,994.996,1.0484,26.857,1.072,13.179,1
41,F,HM-F087,33.913,50.031,2.835,0.0249,2.901,189.543,1012.81,12.122,7.373,1040.987,1.053,18.105,1.071,11.665,1
42,A,HM-A104,35.81,50.01,2.911,0.0275,4.197,216.773,1012.94,14.447,7.701,938.912,1.0018,33.245,1.741,11.039,1
42,B,HM-B210,37.154,49.058,2.342,0.021,3.668,224.163,1014.24,15.261,7.012,926.047,0.965,26.457,0.732,9.814,1
42,C,HM-C305,32.731,49.304,2.497,0.0205,3.452,164.299,1013.77,15.745,6.855,962.514,1.0875,23.103,1.347,12.656,1
42,D,HM-D118,34.934,45.971,1.958,0.0208,3.58,182.846,1012.573,12.626,6.554,1037.494,0.8933,15.959,0.661,11.658,1
42,E,HM-E441,41.695,60.997,5.092,0.0357,6.995,318.985,1013.031,12.244,6.516,987.554,1.0706,15.675,1.189,12.677,1
42,F,HM-F087,35.437,55.394,2.75,0.0243,3.851,223.991,1014.332,11.263,7.32,1015.659,0.9526,34.712,1.145,10.67,1
43,A,HM-A104,36.322,48.779,2.63,0.0275,3.081,204.542,1013.544,15.304,6.712,1006.529,0.9833,21.465,1.609,12.816,1
43,B,HM-B210,36.605,44.777,2.473,0.0286,2.888,217.551,1013.42,13.633,6.81,987.088,1.0818,26.442,1.184,13.021,1
43,C,HM-C305,35.691,53.75,2.46,0.0254,3.504,167.234,1012.1,13.093,7.279,969.333,1.0125,29.142,0.873,12.242,1
43,D,HM-D118,36.865,50.023,3.162,0.0181,3.681,215.822,1013.725,14.032,7.763,902.592,1.0013,18.648,0.89,13.31,1
43,E,HM-E441,38.812,50.22,5.526,0.0406,7.268,405.927,1013.502,10.972,6.339,1007.118,1.0385,27.767,0.356,10.487,1
43,F,HM-F087,35.605,52.673,2.529,0.0206,4.375,166.614,1014.149,13.309,6.722,1005.543,1.0178,17.452,0.798,11.132,1
44,A,HM-A104,36.097,49.87,2.509,0.0044,4.342,249.4,1014.162,15.012,7.043,924.795,0.9993,24.525,1.151,11.48,1
44,B,HM-B210,35.892,51.137,2.671,0.0191,3.65,167.067,1013.563,16.218,7.178,990.695,1.0698,11.717,0.909,12.082,1
44,C,HM-C305,36.494,48.143,2.095,0.0215,3.727,187.824,1011.595,15.734,6.941,969.631,1.0087,22.896,1.19,10.872,1
44,D,HM-D118,34.975,50.21,2.828,0.0224,4.271,184.376,1013.774,14.593,7.022,978.256,0.9247,27.478,2.18,9.753,1
44,E,HM-E441,40.183,56.832,6.025,0.0337,7.688,372.123,1014.334,14.53,7.205,970.187,1.0041,20.39,0.671,13.047,1
44,F,HM-F087,35.706,50.326,2.508,0.0201,3.595,219.793,1013.326,13.304,7.547,905.003,0.9505,17.209,0.643,12.444,1
45,A,HM-A104,34.806,52.157,2.528,0.0264,3.883,162.59,1011.709,13.372,6.373,878.039,1.0426,17.813,0.898,10.963,1
45,B,HM-B210,37.32,46.75,2.389,0.012,3.712,215.562,1014.115,16.443,6.315,997.101,0.9637,22.133,1.183,10.727,1
45,C,HM-C305,37.198,50.383,2.604,0.0102,4.005,192.235,1013.304,16.197,6.153,964.774,0.9766,25.725,1.036,11.394,1
45,D,HM-D118,36.836,51.363,2.415,0.0218,3.811,194.803,1012.248,13.402,6.943,934.779,1.024,25.287,0.984,11.95,1
45,E,HM-E441,41.681,40.836,5.838,0.0502,7.81,386.036,1013.7,13.967,7.349,977.079,1.0262,23.471,1.038,11.812,1
45,F,HM-F087,36.214,57.912,2.816,0.014,3.82,212.028,1012.306,11.18,7.084,986.031,0.9819,11.986,2.025,11.302,1
46,A,HM-A104,34.415,46.308,2.436,0.0231,3.908,196.067,1015.335,13.412,6.842,940.888,0.9753,20.97,1.058,12.705,1
46,B,HM-B210,35.104,49.341,2.571,0.0137,3.773,188.643,1011.311,14.779,6.941,913.211,0.9728,17.448,0.757,11.695,1
46,C,HM-C305,34.442,57.259,3.034,0.0178,3.472,184.086,1012.09,15.275,6.518,979.765,1.0374,15.914,1.145,11.36,1
46,D,HM-D118,36.938,56.104,2.57,0.0203,3.553,151.921,1013.111,14.868,6.977,933.291,0.963,24.729,0.554,13.539,1
46,E,HM-E441,41.722,51.236,5.217,0.057,7.698,386.845,1013.282,12.303,7.978,971.282,0.9844,21.09,1.064,13.419,1
46,F,HM-F087,37.605,51.284,2.477,0.0172,4.137,201.165,1015.44,13.592,7.21,912.597,1.0588,27.548,0.99,10.531,1
47,A,HM-A104,35.07,52.405,2.81,0.0222,3.936,210.389,1011.933,12.977,6.623,974.469,1.0402,17.973,0.872,12.138,1
47,B,HM-B210,35.531,43.654,2.558,0.0185,4.582,238.804,1014.142,13.75,6.801,938.944,0.9403,17.326,1.232,12.762,1
47,C,HM-C305,36.431,50.233,2.744,0.0198,3.262,219.939,1012.232,11.036,6.873,927.537,0.9799,26.28,1.007,10.934,1
47,D,HM-D118,35.71,53.198,3.044,0.0138,3.889,200.22,1013.569,12.969,6.843,908.92,1.0202,26.629,0.084,12.454,1
47,E,HM-E441,38.471,52.597,5.902,0.0482,7.468,365.286,1013.12,14.128,7.263,964.169,0.9971,26.345,0.913,12.942,1
47,F,HM-F087,32.054,59.43,2.94,0.02,3.433,186.689,1012.47,15.878,6.458,901.778,1.0447,21.547,0.737,12.919,1
48,A,HM-A104,35.348,58.094,3.093,0.0247,4.311,199.271,1012.872,13.115,7.746,947.848,0.9624,18.894,0.918,9.683,1
48,B,HM-B210,34.442,51.847,3.082,0.0151,3.042,220.537,1013.959,14.135,6.975,965.243,1.0437,25.281,0.243,11.428,1
48,C,HM-C305,37.003,59.434,2.36,0.0236,4.285,175.459,1012.603,13.407,7.171,957.81,0.959,25.07,0.982,11.451,1
48,D,HM-D118,36.271,51.953,2.932,0.0285,3.635,174.098,1012.209,14.722,7.252,907.456,0.9725,24.665,1.293,11.698,1
48,E,HM-E441,38.879,46.38,6.092,0.058,8.301,364.529,1012.66,14.474,6.794,932.83,0.9748,23.711,1.465,12.701,1
48,F,HM-F087,37.06,46.609,1.963,0.0176,4.732,202.794,1013.232,15.711,7.049,916.519,1.0087,18.975,0.408,12.948,1
49,A,HM-A104,37.565,51.598,2.587,0.0195,3.82,157.038,1013.152,11.908,6.568,1012.331,0.9605,23.058,0.787,11.067,1
49,B,HM-B210,37.559,48.746,2.649,0.0252,4.251,208.845,1011.876,14.651,6.471,944.954,0.9806,20.028,0.872,12.007,1
49,C,HM-C305,37.619,48.651,2.183,0.0216,5.365,189.13,1013.052,13.025,6.556,972.186,0.8967,25.653,1.257,12.324,1
49,D,HM-D118,33.075,47.613,2.812,0.0236,4.077,189.069,1013.906,12.305,7.691,995.191,1.0757,22.789,0.723,12.2,1
49,E,HM-E441,42.836,54.719,5.618,0.0619,8.51,396.819,1012.542,13.105,7.135,932.651,0.9548,25.609,1.725,13.089,1
49,F,HM-F087,36.089,47.547,2.82,0.0193,4.696,171.11,1012.745,15.019,7.824,953.255,0.9709,22.703,1.235,11.07,1
50,A,HM-A104,36.575,54.592,2.069,0.0187,3.721,192.338,1010.759,11.784,6.94,1013.999,0.9609,22.214,0.881,13.365,1
50,B,HM-B210,34.958,51.873,3.104,0.0133,3.898,198.328,1012.532,11.864,6.662,923.822,0.897,21.687,0.781,12.741,1
50,C,HM-C305,37.845,60.863,2.471,0.0147,3.402,142.481,1010.463,10.072,7.173,925.405,0.9601,27.879,0.593,10.906,1
50,D,HM-D118,35.326,52.609,3.327,0.0212,2.943,195.107,1012.002,11.307,7.248,967.479,0.9604,32.27,1.607,8.752,1
50,E,HM-E441,39.547,53.232,6.403,0.0549,8.161,400.782,1013.802,11.062,7.0,958.129,0.9868,28.552,1.678,12.226,1
50,F,HM-F087,37.593,50.693,2.698,0.0041,4.063,209.35,1012.921,12.863,7.205,927.69,0.9736,24.71,1.211,14.465,1
51,A,HM-A104,35.774,45.301,2.459,0.0321,3.412,171.422,1013.669,12.789,8.058,935.089,1.0038,28.851,1.17,12.164,1
51,B,HM-B210,34.827,53.524,2.885,0.0124,3.614,147.918,1013.766,16.441,6.606,940.278,0.9696,14.763,0.623,11.247,1
51,C,HM-C305,37.471,50.829,2.985,0.0108,3.437,225.532,1012.658,14.085,6.461,942.951,1.0039,27.359,1.223,11.644,1
51,D,HM-D118,36.395,45.435,2.546,0.0149,3.861,188.239,1013.232,15.238,7.059,1012.001,1.029,28.746,0.729,10.77,1
51,E,HM-E441,41.952,48.398,6.012,0.0657,8.682,393.214,1013.655,14.772,6.616,1000.501,1.0057,16.451,1.248,11.567,1
51,F,HM-F087,34.692,51.855,2.449,0.02,4.209,215.394,1013.058,13.594,6.483,984.089,1.0537,27.28,1.75,13.555,1
52,A,HM-A104,35.86,54.951,2.012,0.0161,3.634,195.738,1013.142,15.345,6.57,952.97,1.0058,15.799,0.98,13.244,1
52,B,HM-B210,34.198,54.851,1.906,0.0207,3.741,229.102,1012.345,14.484,6.752,965.379,1.0025,26.061,1.111,12.498,1
52,C,HM-C305,35.759,48.13,2.602,0.0199,3.054,198.164,1013.252,10.743,7.277,913.794,1.0045,26.372,1.493,13.309,1
52,D,HM-D118,35.512,59.94,3.183,0.0145,4.584,207.18,1013.177,15.013,7.01,933.199,1.0088,23.856,1.742,11.491,1
52,E,HM-E441,41.775,57.073,7.176,0.0567,8.563,409.808,1013.262,13.405,6.794,935.286,0.9662,24.436,1.471,11.32,1
52,F,HM-F087,34.925,42.533,3.155,0.021,3.453,190.303,1012.424,13.316,7.321,880.981,0.993,27.139,0.716,12.308,1
53,A,HM-A104,34.262,52.159,3.205,0.0183,3.936,219.978,1011.762,16.807,6.655,968.365,0.9975,24.491,0.707,12.077,1
53,B,HM-B210,35.045,49.479,2.432,0.0237,2.337,233.99,1015.296,14.679,7.323,951.839,0.957,23.217,0.18,12.896,1
53,C,HM-C305,36.176,52.95,2.393,0.0103,3.211,176.15,1013.862,14.827,6.836,960.68,0.9884,27.19,1.059,13.684,1
53,D,HM-D118,36.765,47.652,2.68,0.0225,3.306,232.664,1014.721,12.685,7.619,982.674,1.0142,28.709,0.163,12.633,1
53,E,HM-E441,40.909,52.725,6.613,0.0646,8.217,451.12,1014.016,12.886,6.851,922.591,0.9711,21.181,1.197,11.774,1
53,F,HM-F087,37.09,56.391,2.828,0.0184,3.691,210.095,1014.946,14.602,7.17,995.749,1.0247,21.438,1.013,13.261,1
54,A,HM-A104,38.381,59.895,3.09,0.0284,3.638,210.725,1013.107,14.387,6.612,982.544,0.9932,26.865,1.209,11.732,1
54,B,HM-B210,37.321,54.613,2.757,0.0191,3.77,187.638,1012.743,12.302,7.114,928.05,0.9588,24.461,1.34,11.408,1
54,C,HM-C305,36.139,55.007,2.925,0.0162,2.783,222.352,1012.87,14.917,6.956,968.386,0.9643,24.194,1.445,11.987,1
54,D,HM-D118,37.52,55.005,2.608,0.0087,3.846,221.359,1014.891,12.065,6.913,943.723,0.9915,26.329,1.051,12.119,1
54,E,HM-E441,41.737,55.713,6.655,0.0641,8.525,428.384,1013.48,16.15,6.468,979.717,1.0325,21.239,0.866,11.705,1
54,F,HM-F087,39.254,58.784,3.232,0.0178,3.599,246.817,1012.275,13.405,6.821,971.809,1.0105,21.056,0.838,12.316,1
55,A,HM-A104,37.978,49.795,2.795,0.0244,3.775,208.405,1016.395,14.615,7.095,982.833,1.0244,26.528,0.655,10.973,1
55,B,HM-B210,38.193,48.636,2.683,0.021,3.882,186.772,1012.98,13.18,6.704,911.592,1.0203,14.329,0.686,13.6,1
55,C,HM-C305,37.49,51.541,2.85,0.0169,3.419,166.332,1012.85,14.013,7.097,958.503,1.0602,28.046,1.843,14.433,1
55,D,HM-D118,36.579,51.232,2.387,0.0311,4.495,221.979,1013.954,13.477,7.323,945.519,0.9332,23.6,1.739,11.665,1
55,E,HM-E441,44.306,56.618,7.789,0.0616,10.19,484.358,1015.126,15.845,7.145,979.197,0.9911,30.482,0.715,11.384,0
55,F,HM-F087,36.753,54.025,3.186,0.0295,5.053,191.765,1014.728,12.943,6.562,896.048,0.9993,28.701,1.174,12.219,1
56,A,HM-A104,37.633,52.745,2.71,0.0162,4.301,232.782,1013.709,15.178,7.266,936.194,1.0591,26.76,0.992,15.156,1
56,B,HM-B210,37.141,57.395,3.008,0.0227,3.423,214.803,1013.696,14.377,7.286,977.673,1.0032,15.256,0.572,12.408,1
56,C,HM-C305,38.079,55.429,2.088,0.0228,3.915,211.112,1012.157,12.935,5.731,938.146,0.8728,37.826,0.97,12.035,1
56,D,HM-D118,36.173,57.528,2.71,0.0251,4.941,190.615,1013.99,13.741,7.279,904.32,1.0116,18.301,1.362,10.138,1
56,E,HM-E441,41.824,52.334,7.292,0.0673,10.323,476.101,1013.62,14.654,7.587,972.085,1.0307,24.91,1.207,12.714,0
56,F,HM-F087,36.285,53.06,2.592,0.0177,3.499,205.084,1012.326,14.142,7.252,1006.039,1.0455,24.778,1.251,11.268,1
57,A,HM-A104,36.114,51.63,2.528,0.0157,4.075,193.147,1012.296,15.137,7.062,952.57,1.031,31.323,1.126,11.325,1
57,B,HM-B210,36.653,41.728,2.786,0.0295,4.104,223.959,1013.278,12.378,7.41,987.681,0.9949,18.541,1.373,11.069,1
57,C,HM-C305,36.414,50.882,2.966,0.0201,3.281,218.382,1014.845,14.848,6.357,945.508,1.02,24.967,1.509,10.448,1
57,D,HM-D118,33.351,52.836,3.121,0.0225,3.732,192.564,1012.269,16.719,7.146,970.77,1.0289,22.938,0.668,12.089,1
57,E,HM-E441,43.662,54.331,7.335,0.058,8.7,432.143,1012.932,13.605,6.84,958.143,0.932,33.81,1.113,12.32,0
57,F,HM-F087,37.169,56.029,2.57,0.0258,4.115,214.318,1013.215,14.826,7.823,935.783,1.0255,24.733,0.629,15.694,1
58,A,HM-A104,36.942,50.13,2.486,0.0254,3.773,182.11,1012.308,13.89,6.723,992.719,1.0466,31.37,0.652,13.311,1
58,B,HM-B210,37.741,48.059,2.703,0.0126,3.362,199.592,1014.235,12.252,7.255,924.901,0.958,23.417,1.243,12.36,1
58,C,HM-C305,37.085,58.122,2.665,0.0131,3.36,239.706,1012.505,12.144,6.61,958.896,0.9789,21.24,0.376,10.383,1
58,D,HM-D118,34.648,54.849,2.754,0.017,4.277,191.715,1012.814,13.013,6.168,957.722,1.0727,27.638,1.092,11.339,1
58,E,HM-E441,43.903,53.601,8.28,0.0616,8.714,444.412,1012.817,11.982,7.14,1014.609,1.041,24.915,1.165,13.543,0
58,F,HM-F087,34.951,53.664,2.334,0.0156,4.063,206.08,1013.3,15.947,7.47,954.375,1.0179,29.557,0.415,11.829,1
59,A,HM-A104,35.899,48.163,2.394,0.0206,3.121,138.265,1013.25,13.294,6.158,912.874,0.9756,35.409,0.817,13.397,1
59,B,HM-B210,35.649,53.975,2.216,0.0268,4.213,161.945,1012.351,12.686,6.676,984.808,0.975,24.454,1.029,13.392,1
59,C,HM-C305,34.865,53.009,2.422,0.0148,3.786,184.113,1011.822,14.741,7.275,984.496,1.0287,17.137,0.86,12.185,1
59,D,HM-D118,38.176,50.094,3.492,0.0159,3.477,237.952,1011.823,14.418,7.097,1021.881,1.0474,16.911,0.804,12.639,1
59,E,HM-E441,43.912,54.171,7.458,0.0633,10.143,463.685,1012.162,17.078,6.311,973.711,1.043,25.33,0.82,12.303,0
59,F,HM-F087,35.783,57.459,1.946,0.024,3.993,195.563,1011.61,13.943,7.462,931.22,1.0463,14.55,0.745,11.869,1
60,A,HM-A104,36.309,55.753,3.165,0.016,4.229,195.006,1012.174,12.57,6.546,1005.218,0.9796,29.438,1.264,13.093,1
60,B,HM-B210,36.613,53.99,3.495,0.0176,4.326,170.293,1013.354,15.858,6.697,911.844,0.9888,25.428,0.949,11.725,1
60,C,HM-C305,36.394,52.025,2.855,0.0184,3.719,191.111,1010.705,14.402,7.089,972.693,0.9731,18.791,0.796,12.341,1
60,D,HM-D118,34.205,54.539,2.455,0.0203,4.197,174.662,1013.046,11.445,7.607,921.409,0.9702,27.998,1.126,12.127,1
60,E,HM-E441,44.196,50.231,7.684,0.0652,9.643,456.74,1013.653,14.248,6.084,912.824,0.9828,23.796,1.314,14.293,0
60,F,HM-F087,36.254,53.396,2.693,0.0204,4.042,157.4,1011.99,16.092,7.142,965.832,0.9875,20.179,1.431,12.591,1
61,A,HM-A104,35.03,51.13,2.776,0.0231,4.185,195.416,1012.815,12.974,7.247,895.674,0.9809,22.764,1.272,10.861,1
61,B,HM-B210,35.784,46.659,2.26,0.0156,4.26,186.974,1012.396,13.657,7.872,937.37,0.9412,20.794,0.925,10.492,1
61,C,HM-C305,34.682,44.841,2.865,0.0193,4.173,184.321,1012.889,13.698,6.401,995.21,1.0026,30.175,1.284,11.724,1
61,D,HM-D118,34.488,50.483,2.449,0.0108,4.46,221.597,1013.439,13.965,7.835,878.008,0.9922,38.587,0.237,14.62,1
61,E,HM-E441,42.989,53.436,7.571,0.0785,10.547,459.27,1012.658,12.269,6.652,974.604,0.9565,24.75,1.38,10.992,0
61,F,HM-F087,36.255,50.585,2.703,0.0205,3.463,260.558,1012.435,12.675,7.102,964.755,1.0189,29.838,1.101,11.595,1
62,A,HM-A104,35.667,54.17,3.084,0.02,4.337,209.578,1013.616,15.68,6.706,955.52,0.9941,28.04,1.672,11.117,1
62,B,HM-B210,36.128,57.054,3.124,0.0176,4.004,185.615,1013.275,16.536,6.817,966.419,0.9752,24.211,0.654,12.574,1
62,C,HM-C305,34.416,54.734,2.698,0.0173,4.202,201.685,1013.399,14.695,6.949,949.122,1.0741,33.454,1.292,12.072,1
62,D,HM-D118,32.903,50.476,3.041,0.022,4.244,189.179,1014.183,14.385,6.748,968.82,1.0287,14.262,1.838,12.03,1
62,E,HM-E441,45.795,57.454,7.725,0.067,10.254,521.853,1011.314,18.781,6.906,927.666,1.0151,23.233,1.299,12.196,0
62,F,HM-F087,35.696,49.165,2.654,0.0218,4.137,212.197,1012.95,13.755,6.966,995.793,0.9942,36.1,1.106,12.366,1
63,A,HM-A104,35.801,57.263,1.903,0.015,4.389,222.603,1012.167,15.862,7.094,992.556,0.992,19.61,0.561,11.035,1
63,B,HM-B210,36.796,52.024,2.9,0.0145,3.782,126.79,1011.581,14.985,6.47,928.485,0.9714,24.511,1.086,13.489,1
63,C,HM-C305,37.364,49.99,2.792,0.0186,4.085,250.24,1012.437,14.925,7.003,937.634,1.0168,25.131,1.28,12.592,1
63,D,HM-D118,36.121,52.286,2.29,0.0212,3.497,210.152,1013.03,15.441,5.943,959.181,0.9932,30.903,1.009,11.699,1
63,E,HM-E441,44.986,57.227,8.425,0.081,10.495,552.141,1012.317,15.336,7.341,909.408,1.0295,26.377,0.638,13.306,0
63,F,HM-F087,35.928,57.657,2.698,0.0201,3.883,223.68,1013.953,11.351,7.317,1008.19,0.9697,35.88,1.567,10.936,1
64,A,HM-A104,35.412,51.929,2.95,0.0257,2.767,218.578,1012.594,12.797,6.863,953.58,0.9383,29.245,1.103,10.335,1
64,B,HM-B210,35.827,51.005,2.837,0.0219,2.939,199.452,1013.437,13.478,7.141,941.348,0.9917,26.035,1.008,11.762,1
64,C,HM-C305,35.664,51.328,2.729,0.018,3.614,175.821,1013.495,15.559,6.238,905.451,0.9704,37.111,1.22,11.495,1
64,D,HM-D118,35.931,60.197,2.077,0.0299,3.373,213.618,1013.971,13.485,6.343,931.058,1.0753,25.935,1.369,12.58,1
64,E,HM-E441,43.515,47.79,8.086,0.071,11.394,502.612,1013.155,14.962,6.593,938.303,1.0102,26.168,1.222,10.816,0
64,F,HM-F087,34.79,49.017,2.659,0.0192,4.203,181.491,1012.572,12.843,7.531,927.523,1.0153,26.225,0.724,12.452,1
65,A,HM-A104,36.844,52.487,2.932,0.0254,3.036,202.855,1014.5,14.049,6.354,957.849,1.0809,24.729,0.953,12.32,1
65,B,HM-B210,36.081,47.613,3.212,0.0234,3.359,204.299,1012.806,14.055,7.138,931.274,1.034,27.68,0.653,12.623,1
65,C,HM-C305,35.766,54.804,2.362,0.0164,3.333,176.068,1013.8,15.665,6.839,966.063,0.972,18.036,0.392,10.574,1
65,D,HM-D118,35.155,49.301,2.244,0.0285,3.573,183.12,1013.245,16.114,6.244,974.517,0.9835,25.212,1.687,12.375,1
65,E,HM-E441,42.826,58.56,8.517,0.0772,11.172,561.381,1014.301,14.58,7.121,921.433,1.0141,23.831,0.288,13.501,0
65,F,HM-F087,36.929,51.252,2.869,0.0126,4.338,206.163,1013.403,13.899,7.079,986.536,1.0417,25.454,0.849,11.491,1
66,A,HM-A104,34.747,48.901,2.321,0.0187,3.837,221.034,1012.599,14.023,7.242,1022.284,1.0313,22.204,1.097,11.319,1
66,B,HM-B210,35.884,49.024,2.843,0.0153,4.442,187.558,1013.041,13.587,6.594,940.908,0.9498,20.461,0.468,11.728,1
66,C,HM-C305,38.311,51.194,2.16,0.014,4.141,210.06,1013.93,14.749,6.756,923.394,0.9865,21.685,0.078,12.989,1
66,D,HM-D118,34.494,40.613,2.685,0.017,3.778,229.87,1012.683,12.344,7.26,1014.643,1.0225,29.3,0.93,11.218,1
66,E,HM-E441,43.338,52.206,8.37,0.075,11.276,516.789,1013.006,14.442,7.162,971.726,0.978,22.857,0.496,11.966,0
66,F,HM-F087,35.024,59.715,2.845,0.0143,4.234,207.228,1014.024,16.69,7.252,960.467,0.9599,21.126,1.443,10.697,1
67,A,HM-A104,36.057,52.405,2.853,0.0146,2.994,213.379,1013.589,13.817,6.355,919.991,0.9223,19.273,0.736,11.017,1
67,B,HM-B210,35.246,44.43,3.18,0.0205,4.062,215.819,1012.429,13.087,6.79,919.687,0.9786,20.109,0.997,10.381,1
67,C,HM-C305,36.952,55.002,2.444,0.0302,3.863,180.065,1015.218,13.213,7.669,956.29,1.0102,23.345,1.32,14.353,1
67,D,HM-D118,37.97,56.362,2.088,0.0291,3.846,150.229,1012.555,13.071,7.378,1005.995,0.9302,20.894,1.088,11.011,1
67,E,HM-E441,43.536,52.003,8.771,0.0752,11.696,626.005,1012.856,13.067,7.045,958.5,1.047,26.797,1.637,12.423,0
67,F,HM-F087,34.343,53.314,2.82,0.0247,3.64,215.174,1013.595,14.278,6.916,931.299,1.0062,26.876,1.121,11.015,1
68,A,HM-A104,36.679,54.492,2.381,0.0151,3.368,194.331,1012.791,12.502,6.724,941.713,1.0202,19.531,0.555,13.651,1
68,B,HM-B210,35.878,50.091,2.556,0.019,4.131,186.47,1012.85,12.87,6.436,937.834,0.9145,28.783,1.094,10.256,1
68,C,HM-C305,35.407,45.776,3.012,0.0208,4.066,250.366,1012.558,15.209,6.807,896.62,0.9724,22.174,0.272,12.586,1
68,D,HM-D118,35.267,56.107,2.729,0.0157,4.37,158.399,1012.248,12.025,7.183,907.111,0.9314,28.502,1.152,11.573,1
68,E,HM-E441,46.596,58.051,8.628,0.083,11.036,538.396,1013.175,14.492,6.944,915.58,1.0214,34.174,0.977,12.653,0
68,F,HM-F087,35.354,46.766,3.146,0.0228,3.822,208.884,1013.29,13.579,7.831,951.211,1.0152,22.942,1.294,10.706,1
69,A,HM-A104,34.238,53.569,2.502,0.0212,4.133,195.568,1013.879,13.099,6.747,938.935,0.9912,21.415,0.684,12.689,1
69,B,HM-B210,37.884,52.885,2.519,0.0145,3.744,222.668,1012.407,15.915,7.766,939.963,1.0008,22.078,1.662,12.832,1
69,C,HM-C305,35.455,51.606,3.084,0.0305,3.367,218.15,1014.586,12.893,7.288,980.287,0.9684,20.939,1.172,13.764,1
69,D,HM-D118,36.509,58.662,3.284,0.0241,2.87,212.488,1013.293,13.97,7.169,963.85,1.0279,31.787,0.404,13.042,1
69,E,HM-E441,44.865,53.493,8.407,0.0831,11.679,575.751,1013.593,13.54,7.492,1005.934,1.0331,18.991,0.763,10.468,0
69,F,HM-F087,35.034,51.415,3.164,0.0277,4.157,191.681,1013.644,14.385,7.54,948.579,0.9619,21.488,0.727,11.748,1
70,A,HM-A104,34.827,49.813,3.123,0.0226,3.55,169.881,1012.16,13.274,6.265,897.072,0.9392,36.93,1.084,12.176,1
70,B,HM-B210,34.447,49.693,2.473,0.0197,4.163,224.272,1013.068,15.735,6.738,917.301,0.9776,19.217,1.275,14.083,1
70,C,HM-C305,34.726,53.776,3.398,0.0218,4.841,212.274,1011.296,15.109,7.001,958.438,0.9959,26.981,0.924,10.123,1
70,D,HM-D118,36.044,54.877,2.696,0.0118,3.251,207.312,1012.723,11.674,6.872,880.535,0.9558,30.701,0.592,11.161,1
70,E,HM-E441,47.462,51.554,8.447,0.0816,11.707,571.883,1010.798,12.256,7.185,959.952,0.9483,16.421,0.682,10.747,0
70,F,HM-F087,36.661,45.616,2.709,0.0191,3.612,192.199,1013.569,16.084,7.369,883.355,1.0,17.148,0.385,12.38,1
71,A,HM-A104,36.335,53.782,2.946,0.026,3.33,249.029,1012.511,15.435,6.628,975.67,1.0228,25.01,1.311,10.161,1
71,B,HM-B210,34.275,46.573,2.266,0.0222,3.711,225.735,1012.722,10.797,7.068,944.849,1.0575,18.69,0.811,11.13,1
71,C,HM-C305,36.328,48.562,2.755,0.0191,3.618,194.346,1011.745,14.639,7.533,974.057,0.9846,22.511,0.594,10.5,1
71,D,HM-D118,34.858,44.949,2.722,0.0278,3.989,192.479,1013.486,14.835,6.49,939.519,0.994,18.49,0.142,11.731,1
71,E,HM-E441,45.677,57.119,9.046,0.0886,11.819,608.456,1012.353,12.91,7.988,893.778,1.0228,21.511,0.599,9.898,0
71,F,HM-F087,37.142,56.054,3.028,0.019,4.087,194.004,1016.206,13.439,5.84,950.703,0.998,27.787,0.957,12.871,1
72,A,HM-A104,36.584,53.899,2.301,0.025,3.49,222.853,1013.845,13.351,7.034,976.518,0.9663,25.567,1.459,11.192,1
72,B,HM-B210,32.787,54.054,2.666,0.018,3.503,216.837,1013.591,14.38,6.016,941.0,1.0789,29.971,1.148,12.356,1
72,C,HM-C305,36.69,47.292,2.349,0.0213,4.09,221.329,1013.75,17.749,6.633,956.756,1.0093,10.371,1.084,11.955,1
72,D,HM-D118,36.049,58.653,2.765,0.0247,3.969,215.202,1011.415,12.269,6.56,983.468,0.9866,32.46,0.385,12.686,1
72,E,HM-E441,46.888,43.211,9.368,0.0938,12.484,553.608,1010.845,12.999,6.71,948.881,0.9595,25.563,0.707,12.173,0
72,F,HM-F087,35.023,53.266,2.655,0.0137,3.569,216.466,1012.241,13.082,6.707,926.677,1.0269,25.875,0.711,11.865,1
73,A,HM-A104,36.579,50.092,2.718,0.0154,4.209,188.247,1013.335,12.15,7.764,936.891,0.9883,16.788,0.0,11.223,1
73,B,HM-B210,33.897,58.832,2.599,0.0184,4.06,173.081,1012.275,15.609,6.018,1032.865,1.0167,30.099,1.125,13.886,1
73,C,HM-C305,35.613,56.679,2.612,0.0178,4.018,208.017,1011.606,14.428,7.011,954.729,1.0099,23.616,0.746,12.12,1
73,D,HM-D118,37.519,52.996,2.408,0.0128,3.807,169.072,1014.044,17.682,7.139,973.252,1.0625,31.599,1.24,12.573,1
73,E,HM-E441,46.123,53.997,9.016,0.0893,12.448,573.171,1011.218,14.746,7.131,914.353,0.9707,25.096,0.68,11.813,0
73,F,HM-F087,35.783,51.846,2.926,0.0328,3.666,162.311,1013.142,15.83,6.86,912.693,0.9599,14.259,0.787,11.507,1
74,A,HM-A104,36.518,44.091,3.208,0.0117,3.611,196.309,1013.339,13.334,6.589,962.062,0.9788,26.201,1.086,12.608,1
74,B,HM-B210,35.465,55.135,3.141,0.0258,3.667,161.913,1012.234,13.902,7.448,954.534,1.0253,22.074,1.161,11.526,1
74,C,HM-C305,36.559,47.645,2.896,0.0084,3.841,219.882,1013.454,11.703,6.666,942.953,1.0569,30.406,0.863,12.099,1
74,D,HM-D118,35.843,48.645,2.657,0.0217,4.545,252.75,1010.797,13.742,7.026,973.66,0.9813,19.717,1.409,11.926,1
74,E,HM-E441,47.238,52.545,9.796,0.0883,12.832,583.611,1009.834,13.826,6.889,942.714,0.9214,29.048,1.012,11.002,0
74,F,HM-F087,37.035,54.876,3.246,0.0188,3.887,198.478,1012.498,16.296,7.304,980.936,0.9794,15.062,1.05,13.149,1
75,A,HM-A104,37.262,53.659,2.663,0.0245,2.719,223.103,1013.605,11.252,7.696,929.495,1.0362,24.083,1.254,13.487,1
75,B,HM-B210,37.462,56.177,2.269,0.011,3.186,217.421,1012.054,14.111,7.432,899.254,1.0839,18.367,0.879,14.08,1
75,C,HM-C305,35.747,45.732,2.86,0.0209,4.047,179.544,1012.237,16.702,7.375,944.539,1.0087,25.61,1.39,11.036,1
75,D,HM-D118,37.418,56.024,3.007,0.0121,3.801,213.317,1012.704,13.396,6.267,1016.302,1.0307,17.084,1.09,12.563,1
75,E,HM-E441,47.081,46.865,9.209,0.0941,13.42,601.13,1014.317,12.929,7.434,951.816,1.0561,28.029,1.199,12.087,0
75,F,HM-F087,34.651,55.458,2.821,0.0196,3.531,237.112,1012.054,13.191,6.814,927.347,1.0104,27.196,1.371,13.175,1
76,A,HM-A104,35.834,52.784,2.534,0.0218,3.232,223.913,1013.262,13.415,6.686,1009.388,1.033,15.462,0.966,12.348,1
76,B,HM-B210,34.289,46.835,2.679,0.0246,2.35,166.418,1012.63,15.93,6.314,954.403,1.0481,26.956,1.447,10.311,1
76,C,HM-C305,36.08,50.209,2.962,0.0221,4.392,177.614,1013.168,14.336,6.934,957.781,1.0663,28.203,0.859,13.822,1
76,D,HM-D118,35.419,49.318,2.101,0.0166,4.123,186.506,1013.449,16.663,6.643,940.222,1.0181,11.005,1.227,13.325,1
76,E,HM-E441,48.162,50.23,9.699,0.0924,14.027,614.365,1013.64,14.421,6.888,971.732,1.0717,24.173,0.919,11.232,0
76,F,HM-F087,36.876,50.319,3.083,0.0238,3.772,214.711,1013.081,13.544,6.185,958.368,0.9742,17.138,1.457,11.154,1
77,A,HM-A104,36.368,49.845,2.61,0.0154,2.807,254.472,1013.235,12.802,6.574,919.608,1.0358,28.485,1.032,12.766,1
77,B,HM-B210,37.037,52.668,2.901,0.0142,3.532,201.655,1011.803,15.151,7.786,911.363,1.0092,20.936,1.775,12.659,1
77,C,HM-C305,37.067,52.914,2.963,0.0225,3.294,185.303,1011.963,14.429,7.028,940.723,1.0298,29.747,0.378,11.475,1
77,D,HM-D118,35.222,49.686,3.152,0.0234,3.717,225.375,1013.782,13.356,7.191,983.447,0.9632,28.254,1.065,11.094,1
77,E,HM-E441,44.236,51.737,9.73,0.0864,12.972,631.923,1011.766,13.276,6.962,927.147,1.0319,38.188,1.742,11.277,0
77,F,HM-F087,34.771,53.553,2.428,0.0233,4.123,219.961,1013.576,10.997,6.629,960.181,1.0025,22.07,0.839,13.459,1
78,A,HM-A104,35.852,57.792,2.332,0.0289,3.868,230.781,1012.435,15.358,7.637,942.899,1.0107,24.772,1.369,13.295,1
78,B,HM-B210,36.277,50.993,2.288,0.0191,2.632,200.488,1012.628,15.52,6.886,1013.239,1.0737,28.093,1.985,11.504,1
78,C,HM-C305,36.579,51.586,3.096,0.0178,3.801,169.151,1013.379,14.889,7.126,960.789,1.0082,23.259,0.21,12.018,1
78,D,HM-D118,36.018,53.932,2.929,0.0278,4.321,172.36,1013.711,14.582,7.39,965.338,0.9704,31.068,1.787,10.495,1
78,E,HM-E441,47.285,52.363,9.696,0.0976,12.836,609.053,1012.821,13.353,6.798,956.268,1.0142,22.314,0.821,11.208,0
78,F,HM-F087,35.844,48.462,2.291,0.0218,4.082,214.759,1015.117,14.703,6.948,971.253,1.0525,21.615,0.701,14.172,1
79,A,HM-A104,36.122,47.914,2.467,0.0272,3.414,163.8,1011.343,12.693,6.646,962.82,1.0416,26.887,0.587,13.28,1
79,B,HM-B210,36.919,53.399,2.935,0.024,3.939,206.468,1014.813,16.566,6.625,923.713,1.0046,14.973,1.376,13.494,1
79,C,HM-C305,34.312,58.553,3.379,0.0188,3.642,222.231,1014.325,15.274,6.734,997.224,0.9969,22.218,0.935,11.979,1
79,D,HM-D118,36.525,47.942,3.3,0.0254,3.578,222.46,1012.073,14.581,7.408,950.937,1.0309,17.245,0.737,11.085,1
79,E,HM-E441,48.542,55.363,9.967,0.1045,13.176,588.233,1013.678,14.248,6.741,873.122,0.9315,17.518,0.293,12.875,0
79,F,HM-F087,35.412,50.159,2.625,0.0102,3.622,181.227,1012.685,13.471,6.919,891.528,0.9655,16.819,0.729,14.328,1
80,A,HM-A104,35.848,58.224,3.296,0.0226,3.016,194.502,1012.339,11.539,7.408,951.684,0.9716,22.105,0.081,11.966,1
80,B,HM-B210,37.619,51.062,2.695,0.0252,3.55,220.032,1014.513,15.561,6.376,960.859,1.017,26.674,1.982,13.259,1
80,C,HM-C305,36.606,57.267,2.175,0.0229,3.389,212.293,1012.14,16.995,6.297,987.585,0.9966,24.525,1.012,10.163,1
80,D,HM-D118,36.532,54.738,2.739,0.0186,3.502,158.906,1012.61,13.673,7.009,968.466,0.9721,17.432,0.591,12.55,1
80,E,HM-E441,49.893,47.715,10.122,0.0946,13.419,661.608,1013.709,15.778,6.314,994.218,0.9687,25.936,0.91,13.532,0
80,F,HM-F087,35.362,51.456,3.508,0.0209,3.684,215.706,1013.149,14.403,6.943,957.356,1.0138,23.285,1.207,11.878,1
81,A,HM-A104,39.125,59.599,2.594,0.0225,4.217,202.007,1011.432,15.672,7.791,928.544,1.0074,30.598,1.369,12.512,1
81,B,HM-B210,37.881,54.509,2.835,0.0331,3.918,190.92,1014.518,13.327,7.153,983.708,1.1068,15.22,1.776,11.007,1
81,C,HM-C305,35.645,55.991,2.765,0.0189,3.73,238.45,1010.685,15.408,7.619,953.777,1.0487,26.634,1.934,11.642,1
81,D,HM-D118,34.985,58.999,2.533,0.011,3.364,213.064,1013.562,12.92,7.399,973.039,0.9936,22.148,1.296,12.042,1
81,E,HM-E441,49.763,49.46,10.498,0.0908,13.773,623.079,1012.42,14.02,7.008,955.989,1.0927,14.476,1.102,12.321,0
81,F,HM-F087,36.712,59.246,2.466,0.0167,3.941,177.713,1011.303,14.73,7.344,917.222,1.0375,23.639,1.296,12.373,1
82,A,HM-A104,35.195,45.323,2.644,0.0318,3.655,233.931,1012.348,13.703,7.128,946.12,1.0401,29.686,1.102,13.169,1
82,B,HM-B210,35.519,58.983,2.164,0.0215,4.414,180.59,1012.887,15.676,7.18,921.787,1.1227,22.409,1.729,14.539,1
82,C,HM-C305,36.621,50.905,2.815,0.0167,3.153,172.666,1013.778,16.942,6.975,956.856,0.9882,25.539,1.187,10.821,1
82,D,HM-D118,35.129,53.398,2.764,0.0229,3.393,205.532,1013.445,14.537,6.331,857.841,1.0071,23.407,0.581,11.588,1
82,E,HM-E441,50.562,53.868,10.55,0.0974,14.019,652.308,1015.13,16.851,7.363,954.402,1.0247,17.307,0.406,12.05,0
82,F,HM-F087,34.312,52.889,2.998,0.0174,4.004,247.676,1014.116,15.087,6.552,982.253,1.089,26.663,0.785,11.433,1
83,A,HM-A104,38.644,51.254,2.911,0.018,3.735,213.883,1012.862,11.898,7.233,983.129,1.0137,33.374,0.577,11.524,1
83,B,HM-B210,35.631,58.445,2.604,0.0157,2.832,237.959,1012.002,13.545,7.101,946.189,1.124,15.381,2.195,13.119,1
83,C,HM-C305,36.794,45.23,2.077,0.0222,3.174,181.153,1013.05,12.441,6.869,955.153,1.0298,18.807,1.647,10.527,1
83,D,HM-D118,34.597,57.255,2.393,0.0229,3.688,203.02,1012.318,13.242,7.297,913.518,1.0086,23.295,1.198,14.707,1
83,E,HM-E441,48.663,53.979,10.553,0.0966,13.869,662.456,1011.722,13.105,6.893,988.208,1.0682,20.801,1.357,14.177,0
83,F,HM-F087,37.846,47.672,1.958,0.0173,3.216,195.743,1012.076,13.34,6.765,1008.958,1.0081,22.687,0.329,11.483,1
84,A,HM-A104,38.046,50.859,2.14,0.0142,3.606,230.003,1014.459,13.785,6.911,979.61,1.0151,29.513,1.067,10.301,1
84,B,HM-B210,36.017,53.422,2.948,0.0171,3.51,224.389,1012.223,16.694,5.962,892.603,1.093,25.985,1.361,10.347,1
84,C,HM-C305,35.417,52.757,2.874,0.0204,4.111,221.74,1013.004,13.198,7.295,958.707,1.0442,27.518,1.336,13.401,1
84,D,HM-D118,38.549,56.447,2.463,0.0198,3.361,199.978,1012.418,14.324,6.933,941.568,0.9241,29.395,0.614,11.824,1
84,E,HM-E441,49.212,50.863,10.476,0.1071,13.868,646.88,1011.521,15.347,7.426,922.563,0.9738,19.223,0.796,12.746,0
84,F,HM-F087,35.419,55.014,2.34,0.0142,4.075,216.907,1013.442,13.317,7.482,939.601,1.0159,25.984,0.935,14.754,1
85,A,HM-A104,36.745,52.962,2.758,0.0179,3.995,224.317,1011.894,13.417,6.683,953.515,1.0468,26.038,0.96,13.448,1
85,B,HM-B210,35.314,51.968,2.764,0.0139,3.402,194.264,1013.693,13.904,6.53,1002.546,1.0948,28.18,1.84,13.677,1
85,C,HM-C305,35.914,55.039,2.911,0.0174,4.612,188.007,1013.39,13.337,6.581,964.546,1.0324,27.809,0.686,12.495,1
85,D,HM-D118,37.163,48.371,3.013,0.0186,4.173,173.697,1014.228,15.432,6.597,948.502,0.9614,23.866,0.52,12.588,1
85,E,HM-E441,47.269,46.654,11.014,0.0976,14.051,660.742,1015.23,13.085,6.99,931.229,0.9639,24.218,0.972,11.975,0
85,F,HM-F087,36.667,59.144,2.861,0.015,4.378,231.389,1011.597,14.525,6.485,897.437,0.9767,27.594,0.767,11.776,1
86,A,HM-A104,37.31,53.992,2.845,0.0253,2.832,180.431,1013.764,14.227,6.663,883.2,1.0333,23.176,0.917,13.052,1
86,B,HM-B210,37.193,53.079,2.64,0.0261,4.244,189.576,1012.584,16.098,6.619,968.166,1.1446,23.725,1.739,12.96,1
86,C,HM-C305,35.765,57.643,3.03,0.026,4.18,200.887,1012.276,10.673,6.944,995.943,0.9104,23.845,0.906,12.903,1
86,D,HM-D118,32.536,52.252,2.768,0.0203,3.002,171.815,1013.97,16.846,6.816,990.006,0.9636,30.396,0.592,12.79,1
86,E,HM-E441,48.591,46.692,11.029,0.0953,14.822,636.77,1012.755,11.869,7.003,942.623,1.0195,28.042,0.946,13.01,0
86,F,HM-F087,37.983,49.747,2.927,0.0242,3.45,205.307,1011.666,15.918,6.658,980.504,1.0977,22.96,1.239,12.441,1
87,A,HM-A104,36.277,46.319,2.547,0.0267,3.617,130.8,1014.355,13.339,7.163,983.216,1.0602,17.881,0.751,10.722,1
87,B,HM-B210,36.386,51.97,3.116,0.0191,3.571,217.063,1011.523,13.884,6.637,918.14,1.16,23.528,2.67,11.583,1
87,C,HM-C305,35.298,53.037,3.113,0.0164,4.433,210.524,1010.965,14.447,6.505,976.575,0.9356,19.287,0.627,11.968,1
87,D,HM-D118,33.427,50.693,2.787,0.0104,4.486,215.372,1013.246,13.116,7.101,954.761,0.9463,22.029,0.906,11.833,1
87,E,HM-E441,51.286,50.026,10.682,0.0992,14.725,739.721,1013.492,15.494,6.389,961.908,1.0376,22.974,0.89,13.458,0
87,F,HM-F087,37.636,45.205,3.586,0.0276,4.083,187.931,1013.652,12.506,7.193,908.788,0.9878,30.748,0.765,10.836,1
88,A,HM-A104,35.669,47.951,3.454,0.022,2.717,177.639,1012.198,13.146,7.291,1000.323,0.981,24.102,0.96,13.255,1
88,B,HM-B210,36.241,48.298,2.757,0.0151,2.993,227.956,1012.458,14.883,7.353,982.679,1.1083,24.568,2.287,10.408,1
88,C,HM-C305,39.156,46.561,3.267,0.0219,2.913,138.678,1013.919,15.698,6.562,955.133,0.9992,27.7,1.429,11.396,1
88,D,HM-D118,36.592,48.781,2.524,0.0218,3.297,172.709,1011.711,13.772,7.147,932.458,0.9086,25.988,0.597,10.525,1
88,E,HM-E441,50.397,50.694,10.263,0.0926,15.357,697.52,1011.533,16.617,5.93,1026.326,1.0337,11.796,0.713,11.316,0
88,F,HM-F087,37.426,54.641,3.426,0.017,4.502,148.112,1012.114,13.535,6.248,1001.088,1.0461,18.554,0.772,10.296,1
89,A,HM-A104,35.526,47.479,3.347,0.0164,4.231,207.109,1013.791,13.014,5.87,911.226,1.0054,21.117,0.573,11.913,1
89,B,HM-B210,36.911,56.279,2.405,0.0146,3.768,176.12,1012.92,14.033,7.018,931.479,1.1498,27.097,2.499,11.772,1
89,C,HM-C305,35.471,45.775,2.832,0.0058,3.308,164.983,1011.807,11.95,6.428,944.549,1.0145,28.582,1.025,12.268,1
89,D,HM-D118,37.865,53.447,2.609,0.0097,3.977,180.835,1013.69,12.372,6.979,931.237,1.0081,25.278,1.215,14.071,1
89,E,HM-E441,49.079,44.64,10.49,0.1072,16.129,710.648,1013.26,12.367,6.987,914.971,1.0189,19.898,0.601,10.248,0
89,F,HM-F087,37.402,46.596,3.442,0.0214,3.234,207.98,1014.753,13.86,6.935,936.362,1.0045,26.693,0.356,13.101,1
90,A,HM-A104,36.174,58.176,2.578,0.0088,4.14,201.109,1013.807,14.029,7.149,942.156,1.0124,29.73,1.057,12.654,1
90,B,HM-B210,33.991,51.865,2.859,0.0231,3.712,243.722,1009.281,15.188,7.118,1004.393,1.0701,24.232,1.739,14.489,1
90,C,HM-C305,38.134,52.745,3.149,0.0154,4.042,230.087,1012.095,14.524,6.692,976.894,1.0021,18.218,1.215,12.684,1
90,D,HM-D118,37.084,56.926,2.465,0.0174,3.241,214.828,1011.683,13.486,6.982,957.227,1.0242,26.795,0.474,12.511,1
90,E,HM-E441,48.0,54.767,10.625,0.102,15.857,717.813,1013.882,18.032,6.786,896.428,0.9438,31.503,0.921,11.666,0
90,F,HM-F087,35.864,57.809,2.529,0.0178,4.044,187.511,1012.68,16.154,6.843,952.309,0.9728,21.752,1.163,12.804,1
91,A,HM-A104,35.531,48.597,3.008,0.0191,3.277,228.636,1013.841,13.371,7.337,955.315,1.0961,21.78,1.326,12.134,1
91,B,HM-B210,34.094,50.047,3.216,0.016,3.075,155.243,1012.895,14.691,7.121,958.267,1.1557,24.561,1.662,12.606,1
91,C,HM-C305,35.299,56.135,2.599,0.0197,4.978,235.547,1011.925,15.74,6.892,1043.055,0.9795,28.782,1.692,9.805,1
91,D,HM-D118,35.313,51.627,3.523,0.024,3.394,214.95,1012.417,13.085,6.881,959.015,0.9957,23.91,1.765,12.168,1
91,E,HM-E441,50.617,53.505,10.475,0.1011,14.821,670.56,1013.034,15.736,7.016,1023.406,1.0292,18.146,0.973,11.642,0
91,F,HM-F087,37.97,55.781,2.351,0.0156,3.835,244.852,1013.09,15.763,6.836,981.786,0.9752,24.942,1.273,11.096,1
92,A,HM-A104,36.35,56.191,2.919,0.0132,3.683,199.079,1014.677,12.277,7.369,939.912,0.9642,28.777,0.536,14.759,1
92,B,HM-B210,36.949,51.824,2.516,0.0316,3.624,206.143,1013.955,11.816,6.231,950.926,1.1581,11.572,2.758,11.236,1
92,C,HM-C305,35.084,51.132,2.628,0.0243,3.674,234.958,1011.906,15.446,7.232,966.481,0.9764,27.263,0.966,11.408,1
92,D,HM-D118,36.571,54.071,2.803,0.0178,3.929,200.662,1012.917,16.906,7.282,889.365,1.0083,28.077,1.371,12.055,1
92,E,HM-E441,51.86,51.449,10.397,0.0932,16.298,694.443,1013.035,13.146,5.833,956.542,1.0334,28.291,0.816,11.791,0
92,F,HM-F087,35.122,50.901,2.645,0.0179,4.015,140.228,1012.381,14.561,6.964,926.024,1.0088,27.378,1.23,10.571,1
93,A,HM-A104,35.678,60.173,3.032,0.0173,3.444,180.481,1013.692,17.838,6.169,980.577,1.0099,23.241,1.537,13.478,1
93,B,HM-B210,35.447,53.156,2.377,0.0152,3.884,203.852,1012.818,14.676,6.926,965.854,1.0985,23.124,3.472,12.679,1
93,C,HM-C305,33.713,48.634,2.214,0.019,3.769,205.446,1013.808,13.751,7.238,986.278,0.9811,12.918,0.282,12.793,1
93,D,HM-D118,37.717,56.793,2.315,0.0194,4.524,197.907,1014.044,15.185,7.339,904.886,0.9341,20.483,0.812,12.253,1
93,E,HM-E441,49.385,54.692,10.575,0.1051,15.951,728.9,1012.052,14.343,7.141,937.356,0.9313,22.229,0.673,11.798,0
93,F,HM-F087,35.222,52.67,2.384,0.0175,3.274,205.022,1011.918,14.816,7.017,1009.319,1.0606,15.877,0.963,12.113,1
94,A,HM-A104,35.757,54.171,2.388,0.0231,4.158,196.88,1014.251,15.931,7.045,906.881,1.0071,20.177,1.149,11.934,1
94,B,HM-B210,34.036,52.855,3.166,0.0252,4.052,172.227,1012.367,12.409,7.624,943.933,1.2203,19.934,1.796,12.526,1
94,C,HM-C305,36.386,55.796,2.964,0.025,3.059,219.905,1011.326,14.082,7.421,934.408,0.9865,24.579,0.091,12.039,1
94,D,HM-D118,36.025,49.242,2.63,0.019,3.773,193.208,1011.247,14.143,7.653,897.706,0.9913,36.485,0.863,11.482,1
94,E,HM-E441,51.761,52.875,10.387,0.1054,15.972,716.724,1012.748,13.594,7.036,947.303,1.0467,26.152,0.568,12.889,0
94,F,HM-F087,34.641,50.798,2.167,0.0155,4.223,179.277,1015.152,14.712,7.117,901.82,1.0759,29.326,0.684,10.959,1
95,A,HM-A104,36.713,52.143,2.671,0.0107,2.942,197.482,1014.128,13.047,7.2,954.429,1.0493,18.297,0.164,11.862,1
95,B,HM-B210,34.572,52.547,2.606,0.0186,4.03,163.978,1011.808,14.22,7.081,930.312,1.1566,28.915,2.798,12.434,1
95,C,HM-C305,35.205,49.316,2.338,0.02,3.455,231.822,1013.68,16.515,6.444,950.504,1.0182,22.127,0.991,13.954,1
95,D,HM-D118,36.942,52.853,2.686,0.0203,3.753,211.898,1013.166,13.032,6.706,891.69,1.0562,34.412,1.502,12.815,1
95,E,HM-E441,50.827,44.467,10.331,0.099,16.048,691.535,1012.073,14.815,7.142,987.903,1.0054,24.332,0.792,13.545,0
95,F,HM-F087,37.183,47.013,2.48,0.0185,4.031,189.415,1012.551,14.132,6.341,1000.529,0.9914,24.796,1.513,12.619,1
96,A,HM-A104,37.006,51.393,3.176,0.0176,4.149,184.934,1014.515,12.631,7.286,958.439,0.9671,24.325,1.452,12.141,1
96,B,HM-B210,34.209,47.915,2.244,0.0164,3.49,195.498,1014.218,15.701,7.182,913.429,1.1975,20.678,3.274,13.016,1
96,C,HM-C305,34.622,51.719,2.298,0.0216,3.097,177.467,1012.964,12.994,6.811,900.013,0.9381,22.122,1.255,12.448,1
96,D,HM-D118,33.705,56.83,2.465,0.0117,3.274,218.565,1014.168,15.054,6.121,1009.92,0.9584,26.511,0.499,11.468,1
96,E,HM-E441,49.83,50.01,10.745,0.097,16.319,714.044,1011.303,11.754,7.183,884.225,1.0305,24.215,0.824,11.436,0
96,F,HM-F087,36.624,54.127,3.279,0.0185,3.708,215.48,1014.046,12.683,7.253,915.622,0.963,27.033,0.844,13.661,1
97,A,HM-A104,35.972,55.364,2.668,0.0216,4.299,207.502,1012.998,12.852,7.202,923.61,1.0158,19.859,0.954,12.799,1
97,B,HM-B210,37.544,59.27,2.253,0.0251,3.55,214.9,1013.344,11.798,7.248,854.64,1.1816,26.859,2.665,11.943,1
97,C,HM-C305,37.746,48.031,2.64,0.0262,3.73,188.899,1011.426,12.572,6.745,899.872,0.9642,25.218,1.293,12.576,1
97,D,HM-D118,37.041,47.502,3.093,0.024,4.2,204.698,1013.66,13.388,6.707,977.407,0.9771,31.299,0.789,11.105,1
97,E,HM-E441,50.497,53.587,11.411,0.1005,16.943,692.867,1012.861,16.201,7.49,998.979,0.9875,24.543,1.126,13.355,0
97,F,HM-F087,34.443,56.182,2.881,0.0198,3.551,177.982,1012.688,14.82,6.466,937.146,0.9674,27.142,1.003,13.074,1
98,A,HM-A104,34.697,48.081,3.2,0.0103,4.239,181.669,1012.437,14.719,7.147,955.577,0.9661,28.173,1.475,11.501,1
98,B,HM-B210,33.71,46.981,1.97,0.0272,3.605,199.871,1011.283,15.021,6.694,955.074,1.1476,23.078,2.489,10.541,1
98,C,HM-C305,37.681,48.53,2.564,0.0163,4.239,231.73,1012.877,14.958,7.232,934.855,0.9762,21.49,0.471,10.154,1
98,D,HM-D118,38.539,54.518,2.867,0.0213,3.965,130.6,1015.205,12.711,8.142,903.597,1.0175,33.789,1.26,11.272,1
98,E,HM-E441,51.871,53.144,10.591,0.1045,16.554,701.515,1014.099,10.733,6.105,1025.574,1.0216,25.517,0.866,9.678,0
98,F,HM-F087,35.996,52.746,1.801,0.0152,3.678,172.041,1012.703,15.442,6.605,924.149,0.9874,27.034,0.91,14.92,1
99,A,HM-A104,35.819,49.34,2.073,0.0122,3.329,208.216,1012.376,15.095,7.44,940.809,1.0314,22.068,1.069,13.322,1
99,B,HM-B210,37.899,53.135,3.266,0.0148,3.934,180.614,1013.142,16.465,6.633,873.392,1.2697,19.35,3.051,10.846,1
99,C,HM-C305,37.159,45.903,3.208,0.0186,3.877,225.568,1013.687,14.275,6.822,959.435,1.052,22.33,0.541,11.851,1
99,D,HM-D118,35.076,52.845,2.637,0.0238,3.925,199.505,1013.967,14.508,6.816,935.565,0.997,21.183,1.82,12.636,1
99,E,HM-E441,51.731,49.274,10.697,0.0958,17.196,632.211,1012.749,15.43,6.087,948.146,0.985,24.202,1.268,11.259,0
99,F,HM-F087,35.562,51.921,3.0,0.0238,3.986,185.062,1012.341,15.617,7.418,936.882,0.9846,27.922,1.151,12.11,1
100,A,HM-A104,37.696,56.025,1.693,0.0175,4.082,183.501,1012.865,12.334,6.376,946.578,0.9691,26.667,0.58,12.196,1
100,B,HM-B210,34.644,52.369,2.55,0.0091,4.227,187.931,1015.699,13.755,7.52,929.806,1.1954,25.046,3.428,10.89,1
100,C,HM-C305,35.919,52.926,2.58,0.0245,3.805,222.081,1012.742,14.438,7.512,922.066,0.9739,14.749,1.578,12.925,1
100,D,HM-D118,35.913,53.948,3.45,0.0159,4.393,172.505,1012.996,14.381,7.56,903.827,0.9959,24.177,0.76,10.166,1
100,E,HM-E441,53.643,51.953,11.051,0.1034,17.317,692.519,1012.753,13.801,6.16,949.318,0.9926,18.185,1.169,10.079,0
100,F,HM-F087,35.492,51.698,2.358,0.0209,3.646,196.025,1014.601,14.606,7.049,960.831,1.0005,18.035,1.038,11.162,1
101,A,HM-A104,36.065,51.596,2.575,0.0209,4.017,187.452,1012.961,13.616,6.478,870.671,0.9606,32.543,1.171,12.61,1
101,B,HM-B210,36.043,56.794,2.849,0.0121,3.697,177.388,1013.68,15.573,7.312,893.315,1.1578,14.929,2.859,12.165,1
101,C,HM-C305,35.771,52.043,2.693,0.02,2.62,260.841,1011.93,15.482,7.2,987.446,0.9545,27.211,1.085,12.07,1
101,D,HM-D118,38.209,50.303,3.306,0.022,4.245,192.735,1012.899,15.169,7.137,963.223,1.0059,16.591,1.163,12.035,1
101,E,HM-E441,52.021,51.448,10.807,0.0989,17.24,726.822,1011.382,14.993,7.415,936.913,0.9862,23.255,1.382,12.644,0
101,F,HM-F087,34.748,55.08,2.334,0.0227,3.857,204.701,1014.12,15.903,7.441,943.744,0.9493,22.974,0.939,10.109,1
102,A,HM-A104,36.2,45.366,2.452,0.022,3.423,210.123,1012.219,15.605,7.786,936.286,0.9297,21.876,1.15,12.174,1
102,B,HM-B210,35.414,44.51,2.501,0.0204,3.727,208.103,1012.122,15.392,6.776,946.365,1.2731,16.985,2.932,12.341,1
102,C,HM-C305,36.325,49.417,2.362,0.0133,3.94,160.834,1012.587,14.669,6.668,936.071,0.9975,25.911,1.625,11.137,1
102,D,HM-D118,36.567,45.063,2.893,0.0249,3.859,131.125,1014.245,14.599,6.675,914.609,0.9614,33.535,1.618,12.123,1
102,E,HM-E441,53.612,61.365,10.757,0.0978,16.864,686.219,1012.199,14.022,6.89,932.464,0.9766,27.594,1.64,10.965,0
102,F,HM-F087,37.508,56.825,2.165,0.012,3.207,196.805,1013.175,11.456,6.986,928.612,0.9842,20.326,0.707,12.992,1
103,A,HM-A104,36.695,47.246,2.867,0.0264,3.572,143.159,1014.176,15.487,7.479,906.215,0.9306,24.244,0.64,12.262,1
103,B,HM-B210,35.109,56.733,2.495,0.0174,3.92,159.329,1013.373,13.873,6.3,971.447,1.1549,24.196,3.13,13.568,1
103,C,HM-C305,36.266,47.035,2.973,0.0222,3.526,214.232,1013.417,15.848,7.218,900.72,1.0352,23.624,0.772,13.742,1
103,D,HM-D118,37.745,56.389,2.647,0.02,3.15,182.392,1012.599,14.0,7.739,951.403,1.04,28.102,0.636,12.596,1
103,E,HM-E441,54.783,57.059,10.843,0.1125,16.595,692.412,1012.798,14.707,6.96,927.531,0.9089,29.255,1.136,12.915,0
103,F,HM-F087,36.252,54.274,3.389,0.0243,3.849,166.809,1010.792,12.554,7.132,964.312,0.9601,16.18,0.554,10.241,1
104,A,HM-A104,36.942,60.927,2.583,0.0138,3.992,219.305,1013.122,11.644,7.246,981.004,0.9448,28.886,1.334,11.461,1
104,B,HM-B210,35.362,55.273,2.143,0.0193,3.863,176.789,1012.671,13.04,7.175,969.425,1.2785,21.037,3.52,11.497,1
104,C,HM-C305,35.428,48.131,2.847,0.0215,4.647,167.757,1012.442,14.779,7.382,912.075,0.9673,23.094,1.197,12.956,1
104,D,HM-D118,34.521,56.14,3.153,0.0237,4.213,227.685,1011.765,12.998,7.48,929.538,0.9968,24.192,1.51,11.296,1
104,E,HM-E441,53.282,50.949,10.902,0.0929,16.947,728.343,1014.713,14.668,7.677,954.167,0.9551,22.849,0.625,13.952,0
104,F,HM-F087,34.916,51.026,2.791,0.0195,3.461,203.825,1014.213,13.186,6.259,928.318,1.007,18.309,1.218,12.95,1
105,A,HM-A104,37.06,54.475,2.779,0.0223,3.962,194.827,1011.575,14.466,6.706,939.468,0.984,25.814,1.454,10.668,1
105,B,HM-B210,36.02,47.99,3.016,0.0293,3.735,217.498,1014.969,12.016,6.176,965.368,1.2889,21.755,3.044,12.653,1
105,C,HM-C305,37.735,47.254,2.594,0.0258,4.199,203.733,1012.033,12.154,6.898,908.609,1.0314,25.377,0.8,10.732,1
105,D,HM-D118,35.312,56.514,3.327,0.0157,3.918,211.671,1013.837,13.76,7.061,1018.076,1.0143,32.31,1.475,12.223,1
105,E,HM-E441,54.93,47.448,9.943,0.1014,17.149,716.402,1012.795,15.063,7.247,993.151,0.9344,14.137,1.525,11.511,0
105,F,HM-F087,36.269,56.388,2.591,0.0221,4.217,187.689,1011.644,14.665,7.188,972.004,1.0624,13.711,1.033,13.357,1
106,A,HM-A104,36.758,53.299,2.718,0.0178,3.861,214.888,1012.776,11.519,7.36,935.565,1.0121,26.581,1.274,9.409,1
106,B,HM-B210,37.554,48.631,3.177,0.0172,4.325,189.256,1012.362,13.39,7.433,1052.261,1.1891,23.629,3.06,11.079,1
106,C,HM-C305,36.967,52.907,2.674,0.0163,4.123,224.893,1013.775,14.965,7.208,1009.908,1.0243,28.62,0.531,12.351,1
106,D,HM-D118,36.935,51.286,2.943,0.0103,3.967,188.784,1013.481,14.951,7.135,981.63,0.9987,10.6,0.742,10.813,1
106,E,HM-E441,54.274,55.429,10.893,0.0923,16.306,668.658,1012.059,15.211,6.964,934.319,1.037,26.74,0.939,9.236,0
106,F,HM-F087,33.897,50.052,2.949,0.0253,3.011,175.597,1013.984,11.961,6.613,969.035,0.9734,28.891,0.901,10.269,1
107,A,HM-A104,35.925,49.163,2.649,0.0195,4.052,208.32,1012.349,13.39,6.459,967.003,1.0513,27.775,0.49,13.216,1
107,B,HM-B210,36.37,50.439,2.166,0.0224,3.498,253.231,1013.723,12.021,7.389,912.926,1.221,27.303,2.884,12.566,1
107,C,HM-C305,34.443,49.143,3.388,0.0272,4.778,212.532,1012.208,15.369,6.585,1019.971,1.0098,23.07,1.246,11.985,1
107,D,HM-D118,35.759,59.571,3.091,0.0181,3.796,204.982,1013.125,16.142,6.752,900.279,1.0101,17.098,0.693,10.931,1
107,E,HM-E441,55.571,48.493,10.586,0.1048,16.586,716.188,1013.392,16.556,6.088,1016.435,1.0385,25.675,0.754,11.109,0
107,F,HM-F087,35.865,45.827,2.886,0.0131,4.391,227.272,1012.641,14.269,7.105,883.269,0.97,23.079,1.254,12.023,1
108,A,HM-A104,35.53,55.956,3.182,0.0227,3.479,188.108,1011.794,16.748,6.806,996.172,1.0152,20.297,0.623,11.627,1
108,B,HM-B210,37.88,56.575,2.795,0.0218,3.834,225.601,1013.42,11.673,7.184,891.504,1.2796,24.26,3.459,13.664,1
108,C,HM-C305,34.959,50.232,3.135,0.0162,3.912,221.17,1011.883,11.182,7.077,926.965,1.0173,19.038,1.282,10.81,1
108,D,HM-D118,38.774,52.32,2.876,0.0224,3.681,186.896,1012.674,13.471,6.894,933.788,0.9921,20.69,1.116,13.201,1
108,E,HM-E441,53.723,55.859,10.051,0.1002,16.444,734.091,1013.256,13.31,6.931,985.474,1.0258,28.122,0.893,10.15,0
108,F,HM-F087,37.083,59.2,3.085,0.0203,3.519,196.122,1012.124,13.794,7.184,949.083,0.9993,24.634,0.204,11.7,1
109,A,HM-A104,36.592,50.644,2.685,0.0277,3.346,191.603,1013.686,14.583,7.404,984.326,1.0393,24.037,1.251,11.879,1
109,B,HM-B210,35.106,55.645,2.404,0.0165,2.553,234.452,1012.45,17.123,7.59,986.296,1.2286,12.185,2.596,12.15,1
109,C,HM-C305,36.192,46.136,2.75,0.0243,3.979,197.174,1012.123,12.28,7.176,947.356,1.0885,15.055,1.294,11.929,1
109,D,HM-D118,36.846,56.522,2.439,0.0132,3.679,221.092,1013.38,12.973,7.711,966.546,1.0103,20.971,0.805,11.42,1
109,E,HM-E441,55.318,48.434,11.148,0.1033,16.144,701.141,1013.521,17.297,7.25,944.137,0.983,25.608,0.656,11.538,0
109,F,HM-F087,35.739,48.293,2.927,0.0175,3.784,164.243,1013.531,12.452,7.246,943.852,0.9664,35.323,1.105,11.582,1
110,A,HM-A104,35.588,47.897,3.04,0.0272,3.741,177.702,1013.242,15.266,7.112,918.439,0.9625,36.134,0.812,9.807,1
110,B,HM-B210,36.583,53.501,3.139,0.016,3.872,222.256,1014.243,15.733,6.782,972.374,1.2407,19.324,4.171,11.51,1
110,C,HM-C305,34.797,49.829,2.6,0.0241,4.113,242.651,1013.442,12.537,6.997,903.109,1.0668,16.388,0.737,12.428,1
110,D,HM-D118,37.109,53.162,2.809,0.023,4.248,192.69,1012.195,14.776,6.968,961.414,1.0707,25.079,1.254,11.851,1
110,E,HM-E441,52.426,50.312,10.775,0.0952,16.368,736.908,1013.157,16.156,7.383,957.874,0.9988,18.591,0.671,12.704,0
110,F,HM-F087,34.954,53.255,2.938,0.0205,3.333,199.78,1013.388,17.032,7.041,989.512,0.9001,25.939,0.302,10.899,1
111,A,HM-A104,37.676,53.599,3.198,0.0236,3.958,194.499,1012.176,12.986,7.581,954.754,1.08,28.735,1.134,11.573,1
111,B,HM-B210,35.345,52.923,2.713,0.0244,3.38,173.349,1011.685,13.915,7.537,965.416,1.2192,27.229,3.5,14.295,1
111,C,HM-C305,37.226,54.122,2.299,0.0209,4.398,193.009,1010.306,14.947,6.796,1024.031,0.9491,32.384,1.281,10.336,1
111,D,HM-D118,33.48,49.804,2.883,0.019,4.169,221.01,1012.438,12.949,6.988,951.891,0.9591,27.202,0.852,12.545,1
111,E,HM-E441,57.676,50.539,10.966,0.1061,16.821,674.454,1014.5,13.665,6.659,949.318,1.0048,30.724,1.762,11.52,0
111,F,HM-F087,33.858,59.412,2.494,0.0241,3.938,176.687,1013.599,15.628,7.007,983.147,0.9616,27.991,0.478,10.583,1
112,A,HM-A104,36.925,55.853,2.645,0.0172,3.462,156.345,1012.853,13.811,7.384,944.268,0.9072,25.299,1.672,12.52,1
112,B,HM-B210,35.318,50.697,2.805,0.0202,4.157,195.538,1012.758,13.99,6.955,969.117,1.2079,27.676,3.128,11.839,1
112,C,HM-C305,36.358,54.541,2.551,0.018,4.701,186.959,1012.483,16.237,6.875,968.786,0.9308,30.6,1.658,9.577,1
112,D,HM-D118,34.406,53.647,3.795,0.0224,2.683,172.101,1012.532,13.073,6.806,938.485,0.9492,18.542,0.988,11.261,1
112,E,HM-E441,55.359,48.738,10.863,0.1,16.922,648.214,1013.668,13.262,6.013,910.987,0.98,20.304,1.47,11.869,0
112,F,HM-F087,38.206,43.879,3.007,0.0173,3.856,233.297,1012.454,15.715,7.291,899.521,0.891,21.224,1.27,12.142,1
113,A,HM-A104,34.725,52.793,2.835,0.0207,4.308,208.85,1013.606,15.425,7.409,993.973,0.9802,18.888,1.452,13.557,1
113,B,HM-B210,39.103,56.022,2.439,0.0135,4.287,171.808,1012.556,15.505,6.9,930.115,1.2041,19.67,3.742,11.419,1
113,C,HM-C305,35.303,58.21,2.796,0.0264,4.087,204.103,1012.896,13.701,6.654,976.641,1.0111,17.989,0.898,11.697,1
113,D,HM-D118,35.04,47.491,3.032,0.0173,4.515,196.128,1014.085,15.596,6.391,977.73,1.0245,21.108,0.964,13.312,1
113,E,HM-E441,53.7,49.848,11.367,0.0972,16.641,725.93,1013.766,11.565,6.891,934.367,1.0408,16.276,1.073,13.341,0
113,F,HM-F087,35.922,47.195,2.668,0.0146,3.613,212.863,1012.595,13.358,6.267,914.226,1.0558,31.687,0.715,12.29,1
114,A,HM-A104,35.689,51.719,2.795,0.0286,3.896,189.088,1014.347,15.154,6.642,963.501,1.036,22.077,1.768,11.23,1
114,B,HM-B210,34.531,52.883,2.731,0.0331,3.214,179.985,1010.907,15.585,7.601,983.762,1.2625,25.909,3.597,10.014,1
114,C,HM-C305,36.908,46.514,2.513,0.023,2.963,200.97,1012.794,14.463,6.241,916.933,0.9676,27.938,1.133,13.238,1
114,D,HM-D118,36.987,50.477,2.878,0.0208,4.35,232.642,1013.654,14.585,7.63,968.623,1.0215,21.738,1.326,12.699,1
114,E,HM-E441,54.879,50.538,10.771,0.104,16.765,703.962,1015.229,14.35,6.662,884.183,1.0279,30.243,1.471,11.957,0
114,F,HM-F087,37.232,53.552,2.165,0.0181,3.975,179.668,1014.608,13.447,6.575,957.104,1.0127,25.715,1.952,12.805,1
115,A,HM-A104,34.427,52.903,2.861,0.0302,4.087,174.26,1012.922,14.343,6.089,967.139,0.9609,20.189,1.452,12.646,1
115,B,HM-B210,36.213,58.136,2.548,0.0166,4.158,219.251,1013.646,15.333,7.223,1042.128,1.2376,26.187,4.111,13.107,1
115,C,HM-C305,35.017,47.396,2.866,0.0116,3.419,212.919,1012.005,14.727,6.786,945.073,1.0166,15.07,0.803,12.534,1
115,D,HM-D118,36.774,56.997,2.484,0.0141,3.544,191.138,1014.569,16.402,7.386,901.857,0.9771,43.789,1.268,11.286,1
115,E,HM-E441,55.545,57.397,10.155,0.0918,16.543,669.457,1014.164,17.297,6.787,981.015,1.0244,27.756,0.996,12.746,0
115,F,HM-F087,35.531,47.56,3.403,0.0268,3.894,201.489,1013.047,12.328,7.019,976.124,1.0089,18.469,1.53,13.036,1
116,A,HM-A104,38.267,49.337,2.283,0.0345,3.848,184.443,1011.586,12.278,7.185,1039.856,0.988,26.659,0.671,12.372,1
116,B,HM-B210,36.49,56.205,2.563,0.0208,3.401,178.798,1014.019,18.386,7.952,960.824,1.2828,18.508,3.944,12.2,1
116,C,HM-C305,36.064,52.505,2.231,0.0173,3.718,174.529,1012.331,10.733,6.295,895.304,0.9292,19.609,1.069,9.822,1
116,D,HM-D118,37.178,59.215,2.295,0.0187,4.267,241.509,1012.075,15.223,7.476,952.364,0.9776,24.933,0.64,13.476,1
116,E,HM-E441,55.23,55.531,10.101,0.1023,16.869,718.047,1012.284,15.221,6.648,990.959,1.0564,35.635,0.55,11.005,0
116,F,HM-F087,35.468,58.175,2.508,0.0233,4.451,191.986,1013.406,13.163,6.852,958.575,0.9767,22.956,1.435,11.892,1
117,A,HM-A104,37.11,46.753,3.19,0.0175,3.949,176.311,1013.562,14.439,6.88,894.385,1.0258,26.113,0.497,13.136,1
117,B,HM-B210,34.732,52.19,2.323,0.0248,3.599,183.548,1012.598,14.519,7.106,953.074,1.2904,16.14,3.452,11.77,1
117,C,HM-C305,36.616,57.834,2.532,0.0183,3.724,254.382,1013.62,13.421,7.181,859.614,0.9784,25.423,0.982,12.909,1
117,D,HM-D118,35.475,51.699,2.876,0.02,3.04,203.967,1014.043,14.436,7.511,962.981,0.9646,28.45,0.039,12.71,1
117,E,HM-E441,54.042,45.83,10.958,0.0997,16.322,743.203,1012.253,13.607,7.143,927.489,1.0036,27.63,0.864,12.044,0
117,F,HM-F087,35.929,48.468,2.805,0.0221,3.767,191.971,1012.119,15.078,6.549,959.133,0.9511,32.13,1.727,11.843,1
118,A,HM-A104,34.341,52.379,3.118,0.0194,3.784,171.184,1011.988,15.062,7.017,997.507,0.9818,30.793,1.006,12.037,1
118,B,HM-B210,36.287,54.131,2.451,0.0225,4.162,212.05,1013.424,15.997,7.237,946.545,1.2987,23.232,3.869,11.833,1
118,C,HM-C305,36.856,50.781,2.638,0.0203,3.007,208.103,1012.749,12.284,7.032,932.886,0.9586,31.234,0.837,12.616,1
118,D,HM-D118,34.065,45.868,2.454,0.0208,3.891,204.211,1012.717,16.967,6.52,914.905,0.9907,19.761,0.74,12.507,1
118,E,HM-E441,58.044,53.433,11.203,0.0963,17.133,682.087,1012.692,14.029,6.258,887.864,1.0222,21.129,1.192,10.8,0
118,F,HM-F087,37.542,50.985,2.411,0.021,3.975,195.285,1012.171,14.964,6.293,917.159,0.9996,29.799,0.679,9.969,1
119,A,HM-A104,36.417,55.008,2.413,0.0198,3.869,210.401,1013.74,16.063,6.931,929.252,1.0244,21.731,1.355,10.465,1
119,B,HM-B210,34.059,47.917,3.419,0.0096,3.984,210.976,1011.993,12.108,7.224,987.855,1.3505,21.9,4.335,13.173,1
119,C,HM-C305,37.654,50.19,2.492,0.0144,4.196,157.825,1012.015,15.66,6.632,999.16,0.9879,33.726,1.515,13.211,1
119,D,HM-D118,38.813,49.649,2.628,0.0197,3.956,191.814,1012.814,13.284,6.892,949.342,1.0372,10.805,1.364,14.178,1
119,E,HM-E441,56.339,52.1,11.343,0.1028,16.71,720.692,1013.841,14.148,7.312,1012.866,1.0018,20.507,0.977,14.384,0
119,F,HM-F087,40.05,51.56,2.661,0.0194,3.948,217.073,1014.332,12.185,6.833,1015.287,1.0489,26.078,0.938,10.741,1
120,A,HM-A104,38.496,49.931,2.71,0.018,4.11,202.845,1014.524,11.189,7.704,986.632,0.9915,18.925,1.467,10.244,1
120,B,HM-B210,35.818,53.061,2.659,0.011,3.785,196.188,1013.174,13.32,7.027,974.869,1.2572,25.782,4.216,10.02,1
120,C,HM-C305,36.248,54.361,2.727,0.0241,4.81,197.832,1011.702,16.259,6.675,947.323,1.0801,26.386,1.225,11.89,1
120,D,HM-D118,35.759,51.583,3.438,0.022,4.075,233.545,1014.142,15.211,6.733,905.313,0.9271,27.552,0.604,10.901,1
120,E,HM-E441,55.936,57.984,10.883,0.1011,17.214,750.63,1013.304,13.464,6.79,971.639,0.9769,21.449,0.331,11.912,0
120,F,HM-F087,35.38,53.289,2.428,0.0206,4.145,212.795,1012.522,13.447,6.542,926.371,0.9761,15.479,0.739,13.955,1
121,A,HM-A104,34.53,58.232,3.037,0.0277,3.432,151.189,1012.46,12.713,6.63,903.607,1.0222,24.155,1.291,12.087,1
121,B,HM-B210,35.796,49.248,2.579,0.0146,3.958,168.376,1013.407,12.812,6.473,953.351,1.2766,26.29,3.95,10.908,1
121,C,HM-C305,36.66,45.122,2.511,0.0242,3.562,123.99,1013.489,14.75,6.877,914.216,1.019,21.676,0.346,11.456,1
121,D,HM-D118,35.118,55.277,2.978,0.018,3.953,200.507,1011.879,13.569,7.134,918.644,1.0126,33.218,1.194,11.333,1
121,E,HM-E441,55.859,52.031,10.704,0.0998,16.742,714.77,1014.227,15.718,6.039,898.789,0.9929,25.124,1.329,12.216,1
121,F,HM-F087,34.808,52.73,2.946,0.0263,4.047,202.288,1014.845,15.443,6.916,959.874,1.0272,32.875,0.625,13.837,1
122,A,HM-A104,37.487,47.316,2.801,0.0226,3.725,179.152,1014.195,14.269,7.483,922.977,1.0304,19.699,0.507,12.793,1
122,B,HM-B210,36.934,46.297,3.059,0.0226,3.646,210.537,1012.625,17.121,6.898,1025.501,1.3256,25.409,3.66,10.656,1
122,C,HM-C305,35.064,56.011,2.208,0.0176,3.667,199.916,1013.784,14.203,6.348,934.882,0.9709,24.429,1.542,13.656,1
122,D,HM-D118,34.609,55.068,3.001,0.0195,3.625,200.584,1012.879,10.891,8.026,957.387,1.0006,24.792,1.686,11.143,1
122,E,HM-E441,57.078,50.002,10.835,0.101,16.358,720.784,1013.842,13.664,6.913,994.787,1.0488,22.363,1.719,11.787,1
122,F,HM-F087,38.124,50.326,2.492,0.0187,3.73,160.029,1012.902,12.437,7.165,932.563,1.0212,17.347,0.891,15.427,1
123,A,HM-A104,35.179,54.146,2.435,0.0263,2.822,186.373,1013.341,12.926,7.736,990.273,0.9684,17.702,0.662,11.172,1
123,B,HM-B210,36.968,58.099,2.736,0.0264,3.853,200.675,1013.485,12.492,7.246,985.882,1.3208,26.66,4.311,10.564,1
123,C,HM-C305,34.39,53.956,2.905,0.0271,3.044,153.183,1013.203,15.256,7.086,920.116,1.0103,19.519,1.435,11.63,1
123,D,HM-D118,34.875,50.346,2.462,0.0151,4.39,223.404,1014.703,13.049,6.885,949.393,1.0616,22.212,0.761,14.208,1
123,E,HM-E441,58.03,48.342,10.744,0.1007,16.585,674.521,1013.576,14.799,6.244,980.098,0.9486,23.546,1.216,13.928,1
123,F,HM-F087,35.29,47.242,2.248,0.0233,3.724,181.416,1012.246,17.672,6.89,945.816,1.0327,25.43,1.293,13.227,1
124,A,HM-A104,34.907,60.443,2.426,0.0113,3.754,212.586,1011.828,12.908,7.431,907.682,0.9472,21.6,1.237,11.776,1
124,B,HM-B210,34.308,49.762,2.889,0.0221,4.316,198.858,1014.142,13.285,6.714,948.657,1.3075,24.842,4.838,12.645,1
124,C,HM-C305,33.758,44.958,3.15,0.0273,3.545,210.335,1013.142,13.358,6.346,932.594,0.9513,26.609,0.88,13.74,1
124,D,HM-D118,36.954,49.822,2.394,0.0194,3.659,200.498,1013.189,14.813,7.067,939.641,0.9719,23.978,0.996,13.542,1
124,E,HM-E441,57.029,48.088,10.957,0.1016,16.078,686.934,1013.407,11.661,6.661,948.632,1.0216,21.905,0.291,12.851,1
124,F,HM-F087,38.337,59.207,3.261,0.0169,4.858,207.005,1014.756,14.002,6.802,913.995,0.9679,23.421,1.206,12.647,1
125,A,HM-A104,36.438,50.594,2.979,0.012,4.029,166.841,1010.567,16.293,6.768,914.134,1.0093,15.459,1.117,11.445,1
125,B,HM-B210,34.98,49.489,2.504,0.0226,3.705,177.043,1013.076,15.456,6.958,980.115,1.363,23.85,4.469,11.808,1
125,C,HM-C305,36.196,52.365,2.84,0.0197,2.858,178.741,1011.752,14.672,6.614,944.849,1.012,17.073,0.902,11.989,1
125,D,HM-D118,37.08,47.82,2.92,0.0168,4.424,176.645,1013.659,14.943,6.878,955.129,1.085,26.304,0.892,12.677,1
125,E,HM-E441,59.435,56.651,11.087,0.0968,17.165,657.952,1012.446,14.141,6.945,981.266,1.0279,20.653,1.011,9.78,1
125,F,HM-F087,36.058,47.97,3.554,0.0155,4.269,218.524,1011.467,12.981,6.652,964.873,1.0318,28.407,1.261,10.882,1
126,A,HM-A104,36.8,50.275,2.735,0.0244,3.833,207.107,1012.302,12.266,7.118,960.389,0.9988,31.885,0.659,12.639,1
126,B,HM-B210,34.858,51.037,2.93,0.0236,3.577,187.818,1014.154,13.458,7.437,944.375,1.2981,22.621,4.073,11.762,1
126,C,HM-C305,37.846,53.193,2.829,0.0141,3.283,202.507,1014.718,13.935,7.203,864.618,1.0328,30.72,0.661,12.888,1
126,D,HM-D118,37.355,55.623,3.51,0.023,3.872,145.62,1013.776,14.584,6.889,962.819,1.0674,20.816,0.577,12.71,1
126,E,HM-E441,56.884,49.36,11.066,0.1144,17.281,714.085,1010.466,16.148,7.12,958.403,0.8851,28.081,1.236,11.361,1
126,F,HM-F087,36.399,57.626,2.553,0.0269,3.676,219.733,1011.846,12.744,7.264,914.944,1.0218,16.542,1.208,11.426,1
127,A,HM-A104,34.011,49.772,2.734,0.0205,3.663,181.301,1013.553,15.402,6.644,973.133,0.9044,28.984,1.629,12.303,1
127,B,HM-B210,34.945,56.49,2.463,0.0233,4.545,220.175,1013.078,13.825,6.451,909.251,1.3444,21.094,4.727,12.192,1
127,C,HM-C305,36.038,52.594,2.814,0.0207,3.081,200.236,1013.46,14.275,7.738,942.79,0.9794,23.305,1.263,10.288,1
127,D,HM-D118,36.68,48.19,2.186,0.0224,3.229,239.966,1013.979,14.772,7.21,985.554,0.9891,30.017,1.288,13.788,1
127,E,HM-E441,59.828,54.538,11.106,0.0955,16.512,703.98,1013.836,15.238,7.336,953.741,1.0075,22.715,0.906,12.134,1
127,F,HM-F087,35.932,49.167,2.033,0.0205,3.944,213.3,1012.16,12.58,5.997,902.622,0.9508,23.096,0.889,11.54,1
128,A,HM-A104,36.987,50.929,3.103,0.0187,4.747,215.307,1013.966,11.488,8.109,934.163,0.9799,23.078,1.042,9.965,1
128,B,HM-B210,37.335,49.311,3.028,0.0204,3.873,188.735,1011.514,13.647,6.505,958.847,1.3771,21.615,4.665,13.025,1
128,C,HM-C305,35.151,47.44,2.281,0.0193,4.201,166.881,1013.559,15.864,7.363,963.001,1.0528,14.259,0.465,12.813,1
128,D,HM-D118,36.176,51.69,2.505,0.0155,3.007,193.924,1013.731,14.854,7.037,948.751,0.9857,20.124,1.471,12.08,1
128,E,HM-E441,56.707,54.88,11.179,0.1042,16.801,726.238,1012.914,13.205,6.618,884.694,0.9208,30.941,0.376,10.647,1
128,F,HM-F087,34.262,53.086,3.114,0.0192,3.701,245.912,1012.799,13.484,6.432,978.64,0.9972,20.968,1.045,13.134,1
129,A,HM-A104,35.109,50.948,3.016,0.0243,3.69,211.627,1012.591,15.935,7.07,908.321,0.9788,32.854,0.513,11.196,1
129,B,HM-B210,37.265,56.384,2.752,0.0188,3.301,223.47,1014.642,14.662,6.428,972.555,1.3889,22.353,5.486,13.084,1
129,C,HM-C305,34.488,52.483,3.329,0.0188,4.162,186.038,1012.532,15.331,6.875,935.416,0.9891,29.439,0.549,12.351,1
129,D,HM-D118,32.657,55.149,2.161,0.0247,2.995,208.543,1013.582,13.203,7.864,922.085,0.9903,24.434,1.05,13.304,1
129,E,HM-E441,58.124,49.089,10.741,0.1064,16.074,718.517,1012.381,13.237,7.576,959.751,0.987,27.73,1.28,9.673,1
129,F,HM-F087,36.089,53.561,3.278,0.0169,3.721,193.887,1010.763,14.442,7.43,1047.957,0.9332,22.618,0.948,11.086,1
130,A,HM-A104,36.084,50.0,2.417,0.0177,4.36,188.953,1011.895,16.153,6.614,944.871,1.0233,14.733,1.701,10.919,1
130,B,HM-B210,37.045,51.669,2.191,0.0259,3.267,169.914,1010.85,10.404,6.744,965.017,1.4374,23.867,4.095,11.23,1
130,C,HM-C305,36.33,54.008,3.173,0.0264,4.947,207.374,1013.417,13.453,7.662,891.263,1.0044,25.481,1.039,11.265,1
130,D,HM-D118,34.489,46.913,2.642,0.0167,4.317,168.059,1012.268,16.251,6.932,913.586,1.0021,27.137,1.108,11.495,1
130,E,HM-E441,56.612,45.094,11.203,0.1019,15.929,700.166,1013.35,10.755,6.4,946.668,0.9523,26.824,0.947,10.575,1
130,F,HM-F087,37.075,48.291,2.999,0.0138,4.303,220.934,1011.807,12.995,6.552,988.531,0.9262,29.212,1.077,11.865,1
131,A,HM-A104,36.72,46.776,2.603,0.022,3.618,218.524,1012.089,9.666,6.76,911.157,1.0459,25.671,0.426,11.134,1
131,B,HM-B210,35.281,51.525,2.669,0.0083,3.347,219.954,1012.691,16.476,6.624,929.855,1.4417,26.509,4.604,11.503,1
131,C,HM-C305,34.814,56.808,2.919,0.027,3.798,175.846,1012.898,12.907,7.14,909.823,0.9283,32.445,0.514,11.547,1
131,D,HM-D118,36.645,52.312,2.231,0.0231,3.356,195.459,1012.031,14.08,7.167,931.668,0.9553,28.622,0.166,12.194,1
131,E,HM-E441,56.407,54.661,10.495,0.099,16.575,707.296,1013.709,13.348,7.725,975.422,0.9625,27.293,0.611,11.872,1
131,F,HM-F087,36.711,52.86,2.278,0.0203,3.69,209.571,1014.746,14.126,7.095,967.188,0.9698,22.297,1.728,13.393,1
132,A,HM-A104,37.187,49.839,2.377,0.0181,4.408,182.58,1014.152,15.372,7.746,887.966,0.9804,27.873,0.792,10.607,1
132,B,HM-B210,33.341,52.196,2.914,0.0203,3.522,208.753,1012.691,18.273,6.882,932.296,1.3323,20.219,4.375,10.996,1
132,C,HM-C305,36.878,49.029,2.713,0.0269,3.793,192.821,1012.54,16.187,6.179,955.099,1.0666,28.542,1.275,12.069,1
132,D,HM-D118,36.488,50.405,2.448,0.0142,3.271,222.336,1013.263,15.412,7.085,922.412,1.0111,23.23,1.216,11.822,1
132,E,HM-E441,58.158,47.275,10.798,0.0933,16.742,694.438,1012.026,12.99,7.922,936.372,0.9575,21.651,0.602,13.34,1
132,F,HM-F087,36.189,54.775,2.431,0.0222,4.011,163.733,1013.062,11.582,7.013,952.138,0.9269,22.431,1.786,12.522,1
133,A,HM-A104,34.263,43.834,2.135,0.0161,4.304,247.016,1014.015,15.051,7.076,912.662,1.0401,27.32,0.685,13.76,1
133,B,HM-B210,37.148,49.224,2.952,0.0124,3.68,178.417,1011.021,13.612,7.147,903.937,1.3829,20.966,4.596,12.865,1
133,C,HM-C305,35.55,54.323,2.768,0.0248,4.413,237.83,1012.915,13.629,6.872,909.796,1.0033,26.336,0.636,13.271,1
133,D,HM-D118,33.879,53.139,2.418,0.0221,3.799,175.856,1013.639,14.011,7.468,1019.259,1.0179,30.843,1.585,12.31,1
133,E,HM-E441,59.055,48.131,10.724,0.0879,17.112,716.404,1012.521,14.448,7.238,962.823,1.0333,27.171,1.044,12.413,1
133,F,HM-F087,35.103,45.534,2.52,0.0207,4.381,191.411,1013.12,13.831,8.188,931.052,0.9982,31.291,0.716,11.092,1
134,A,HM-A104,35.224,52.734,2.909,0.0181,3.454,223.94,1011.822,13.915,7.684,996.611,1.0262,24.241,0.623,11.941,1
134,B,HM-B210,35.563,57.966,2.569,0.0252,3.349,209.118,1012.22,13.602,6.263,898.039,1.3787,25.625,3.937,11.693,1
134,C,HM-C305,34.577,52.572,3.219,0.0253,4.194,204.153,1012.224,15.705,6.725,985.837,0.9949,18.658,1.35,12.653,1
134,D,HM-D118,34.511,49.319,2.801,0.0178,3.703,229.658,1013.706,12.067,6.781,939.808,1.013,24.187,1.101,11.382,1
134,E,HM-E441,58.14,57.236,10.157,0.1007,16.462,719.384,1011.839,13.472,7.382,984.222,1.058,23.103,1.331,11.84,1
134,F,HM-F087,34.639,55.064,2.741,0.0197,3.62,200.039,1013.208,16.249,6.952,904.126,0.9997,23.865,1.089,10.892,1
135,A,HM-A104,36.667,51.698,2.541,0.0192,3.211,210.29,1012.291,14.515,6.268,978.857,1.0008,29.83,0.645,12.005,1
135,B,HM-B210,34.122,56.813,2.752,0.0244,4.174,157.868,1013.582,13.215,7.708,929.397,1.3752,18.958,4.891,12.468,1
135,C,HM-C305,35.409,58.169,2.605,0.0276,4.003,160.15,1013.532,16.356,6.869,952.808,0.9636,29.573,0.729,11.262,1
135,D,HM-D118,36.242,54.945,3.026,0.0205,3.649,203.635,1013.536,14.625,7.018,818.122,1.0072,21.138,0.669,12.381,1
135,E,HM-E441,57.311,49.982,10.958,0.0959,16.393,715.411,1012.795,15.253,6.56,987.044,0.9553,26.491,0.961,12.463,1
135,F,HM-F087,35.513,49.648,2.683,0.026,3.73,232.445,1013.586,15.127,7.701,960.648,0.9622,28.308,1.358,11.515,1
136,A,HM-A104,36.866,54.362,3.099,0.0198,3.809,182.0,1012.811,13.186,6.87,904.125,1.0108,25.526,0.79,9.609,1
136,B,HM-B210,35.869,51.509,2.271,0.0274,3.694,204.36,1012.526,11.737,6.738,853.457,1.3572,21.858,5.666,12.266,1
136,C,HM-C305,35.109,45.67,2.016,0.0341,3.736,218.223,1013.303,16.612,6.564,903.796,1.0137,32.441,1.199,13.223,1
136,D,HM-D118,36.818,52.595,1.776,0.02,4.539,199.072,1012.25,15.048,7.102,987.534,0.9691,17.994,0.969,10.169,1
136,E,HM-E441,57.962,57.189,11.112,0.1057,17.347,699.27,1013.191,13.282,7.074,947.833,1.0166,29.159,0.199,13.139,1
136,F,HM-F087,36.061,49.911,2.676,0.0233,3.821,211.052,1013.086,14.739,7.084,931.73,0.9191,25.894,1.23,9.652,1
137,A,HM-A104,36.553,55.989,2.143,0.0202,4.122,246.084,1011.313,15.656,7.751,967.936,0.9921,24.117,1.68,12.35,1
137,B,HM-B210,36.012,47.762,2.25,0.013,3.958,211.842,1012.661,13.978,6.568,880.091,1.3732,17.948,4.8,12.79,1
137,C,HM-C305,35.721,54.273,2.095,0.0205,3.56,203.145,1013.786,10.319,6.547,963.865,0.9991,17.029,0.913,13.537,1
137,D,HM-D118,36.499,60.099,2.416,0.0253,3.213,210.366,1013.043,12.622,7.076,946.796,0.9826,26.159,0.653,12.145,1
137,E,HM-E441,56.567,53.867,10.969,0.107,16.705,690.428,1012.514,13.927,7.729,937.322,0.9509,23.565,1.083,12.041,1
137,F,HM-F087,37.792,51.165,2.853,0.0137,3.535,197.341,1012.953,11.281,7.373,929.949,1.0072,24.234,1.142,13.649,1
138,A,HM-A104,35.777,52.647,2.619,0.0228,4.842,262.296,1012.79,15.67,6.98,937.98,0.9489,23.789,0.572,11.908,1
138,B,HM-B210,36.232,55.439,2.15,0.0174,4.227,174.114,1014.681,12.84,7.362,919.373,1.3826,15.886,5.279,13.017,1
138,C,HM-C305,34.148,50.434,2.887,0.0121,4.007,241.616,1011.823,15.413,6.899,1007.42,1.0207,24.727,1.576,12.238,1
138,D,HM-D118,36.28,53.063,2.142,0.0222,4.079,185.857,1012.469,14.425,6.159,895.827,1.0562,31.43,0.513,12.584,1
138,E,HM-E441,57.887,57.598,10.575,0.0951,16.835,716.455,1014.034,14.553,6.943,957.997,0.9458,28.952,1.13,10.72,1
138,F,HM-F087,35.181,59.055,2.614,0.0248,3.55,174.423,1013.062,13.323,6.268,915.24,1.0162,25.761,1.124,13.502,1
139,A,HM-A104,34.921,46.984,2.48,0.0235,3.848,242.796,1014.392,12.602,6.532,951.313,1.0194,23.345,0.715,13.365,1
139,B,HM-B210,37.632,56.94,2.915,0.017,3.9,162.005,1010.383,12.685,6.538,925.573,1.3894,15.559,4.975,13.062,1
139,C,HM-C305,35.038,55.025,2.784,0.0196,3.36,194.383,1012.551,13.162,7.294,935.654,0.9562,24.436,1.464,10.541,1
139,D,HM-D118,33.882,57.301,2.317,0.0255,4.507,183.833,1012.284,13.55,7.018,919.385,0.9769,25.02,0.875,9.73,1
139,E,HM-E441,57.667,49.227,11.076,0.1011,17.218,743.808,1014.356,12.261,6.174,895.735,0.9599,29.416,1.084,12.437,1
139,F,HM-F087,36.296,53.86,3.03,0.021,4.545,155.634,1013.473,13.493,6.766,941.295,0.9596,27.487,0.777,12.039,1
140,A,HM-A104,34.999,46.773,2.822,0.0185,3.966,188.365,1012.65,13.058,7.577,985.509,1.0419,22.709,2.009,11.44,1
140,B,HM-B210,36.293,47.426,2.077,0.0148,4.067,211.811,1013.306,11.858,6.519,929.431,1.4528,21.596,5.97,14.416,1
140,C,HM-C305,35.566,49.63,2.94,0.0312,3.675,209.354,1015.184,12.404,7.677,1028.949,0.989,23.354,1.693,10.738,1
140,D,HM-D118,34.982,47.645,2.232,0.0204,3.43,209.766,1012.958,14.839,6.607,994.409,1.0624,32.053,0.315,10.99,1
140,E,HM-E441,57.855,42.776,10.607,0.0955,16.863,684.763,1012.573,15.259,6.339,987.599,1.0114,24.819,1.478,10.817,1
140,F,HM-F087,35.689,49.41,2.206,0.0226,4.264,206.693,1014.786,15.183,7.948,1007.692,1.0258,28.618,1.229,11.603,1
141,A,HM-A104,36.019,50.979,2.542,0.0187,3.542,178.123,1012.04,11.827,6.112,926.855,0.9649,26.5,0.615,10.721,1
141,B,HM-B210,35.487,53.83,3.185,0.0256,5.256,257.167,1012.651,12.474,7.695,965.186,1.4525,13.102,5.598,11.864,1
141,C,HM-C305,36.168,53.563,2.859,0.0265,3.622,214.713,1013.879,15.942,7.038,940.707,1.0592,20.459,1.142,12.692,1
141,D,HM-D118,35.293,50.049,2.228,0.0194,4.348,219.295,1012.377,12.781,7.325,992.482,1.0748,25.896,0.792,12.655,1
141,E,HM-E441,56.359,53.24,10.343,0.0986,16.385,698.424,1012.774,14.566,7.043,948.766,0.9828,24.105,1.39,11.323,1
141,F,HM-F087,38.265,44.112,2.567,0.0206,3.725,209.998,1014.127,14.899,5.758,918.931,1.0065,24.412,0.952,12.293,1
142,A,HM-A104,35.083,46.551,2.666,0.0268,3.934,184.051,1014.167,14.331,7.648,951.895,1.028,30.106,1.282,10.958,1
142,B,HM-B210,38.634,51.308,3.181,0.0162,3.908,196.545,1011.371,13.731,6.729,886.295,1.4742,27.941,4.858,13.481,1
142,C,HM-C305,36.358,45.156,3.322,0.0224,4.273,171.552,1012.357,11.479,7.392,925.58,0.9956,21.65,1.482,10.281,1
142,D,HM-D118,36.22,49.206,2.744,0.0141,3.834,203.214,1011.131,13.247,6.951,904.683,0.9154,20.879,1.043,11.508,1
142,E,HM-E441,57.269,47.723,11.045,0.0965,17.312,724.217,1015.13,12.166,6.445,986.514,0.9507,16.598,1.128,13.626,1
142,F,HM-F087,38.42,56.448,3.422,0.0226,3.633,159.334,1013.482,13.996,6.775,959.465,1.0236,29.598,1.178,11.287,1
143,A,HM-A104,35.112,52.968,2.591,0.018,3.196,165.706,1012.802,13.494,6.789,964.845,1.0085,22.366,0.811,11.472,1
143,B,HM-B210,36.275,48.626,2.831,0.0233,4.016,202.149,1013.902,12.881,6.026,900.844,1.3858,21.74,5.449,12.346,1
143,C,HM-C305,37.422,47.385,2.794,0.0139,4.101,251.913,1013.67,16.125,7.149,938.352,1.0347,15.495,0.694,11.795,1
143,D,HM-D118,35.548,50.561,2.688,0.0223,3.228,196.223,1011.952,15.421,6.964,963.828,0.9965,32.727,1.509,13.013,1
143,E,HM-E441,56.323,51.519,10.667,0.1013,17.049,701.327,1012.629,16.351,6.176,985.174,0.9764,25.868,0.257,12.564,1
143,F,HM-F087,35.486,47.036,2.92,0.0224,4.343,234.356,1014.141,14.045,7.651,953.716,1.0047,21.345,1.79,13.463,1
144,A,HM-A104,35.073,56.038,2.664,0.0241,4.088,162.733,1013.192,15.522,6.151,880.627,0.9526,25.166,1.192,13.952,1
144,B,HM-B210,36.961,56.731,2.689,0.0245,3.859,209.202,1010.335,14.9,6.742,977.612,1.4119,21.942,5.375,12.615,1
144,C,HM-C305,36.455,46.285,2.879,0.023,4.143,263.912,1012.668,14.354,7.598,913.029,1.0306,26.737,1.057,12.132,1
144,D,HM-D118,38.928,54.423,2.795,0.02,4.006,216.204,1012.17,15.404,6.763,937.754,0.9155,24.011,0.934,11.496,1
144,E,HM-E441,57.515,50.019,11.174,0.1014,16.511,679.832,1013.849,13.317,6.794,996.112,1.0634,23.893,1.077,14.108,1
144,F,HM-F087,35.65,51.721,2.84,0.0217,4.383,188.185,1013.503,15.017,7.218,941.404,1.0207,18.96,0.768,9.864,1
145,A,HM-A104,35.172,56.756,2.745,0.0247,3.516,205.642,1015.087,12.722,7.078,935.548,1.0126,34.349,1.112,13.16,1
145,B,HM-B210,34.96,57.048,2.666,0.0146,3.594,208.043,1013.874,12.341,6.75,970.009,1.4929,30.179,5.897,11.428,1
145,C,HM-C305,37.256,52.592,2.922,0.0271,4.016,206.558,1014.259,11.277,6.708,875.675,0.9911,27.721,0.752,12.906,1
145,D,HM-D118,35.081,50.759,2.695,0.0178,4.138,148.055,1014.343,14.728,6.929,989.814,1.0088,21.382,1.525,11.617,1
145,E,HM-E441,57.702,49.339,10.994,0.0982,16.264,702.599,1013.394,12.8,7.225,987.595,1.0424,25.543,0.758,10.814,1
145,F,HM-F087,35.547,55.899,2.64,0.0262,4.279,196.467,1013.274,14.19,7.223,932.73,1.0331,22.457,1.227,13.703,1
146,A,HM-A104,35.909,41.672,2.356,0.0236,3.994,241.414,1012.213,13.382,6.898,1001.587,0.9934,28.913,1.126,12.213,1
146,B,HM-B210,36.013,46.803,1.666,0.0245,3.766,193.636,1012.122,14.047,6.992,921.583,1.4604,22.235,5.8,11.09,1
146,C,HM-C305,37.03,52.298,2.573,0.0154,3.805,194.305,1011.564,12.919,7.781,900.345,1.052,19.565,0.637,11.161,1
146,D,HM-D118,35.158,54.916,2.858,0.0151,3.559,149.919,1011.998,12.556,6.914,983.427,0.9733,17.799,1.568,13.264,1
146,E,HM-E441,57.202,57.609,10.507,0.0982,16.109,692.206,1013.57,14.091,7.519,946.344,0.9819,24.714,0.547,10.953,1
146,F,HM-F087,35.151,54.805,2.107,0.0236,4.233,219.759,1013.589,13.55,7.415,1029.555,0.9897,20.946,1.41,13.561,1
147,A,HM-A104,36.436,53.214,2.722,0.024,3.902,182.425,1012.377,16.824,6.303,923.663,1.0578,24.842,1.567,12.286,1
147,B,HM-B210,37.553,44.706,2.93,0.028,3.36,231.807,1011.928,13.46,7.098,910.964,1.4948,23.844,6.023,10.339,1
147,C,HM-C305,36.76,47.985,2.047,0.0169,3.711,167.074,1011.662,14.705,6.235,968.68,0.9822,29.782,0.745,10.629,1
147,D,HM-D118,34.837,56.308,2.538,0.0142,4.084,216.207,1011.23,13.026,6.969,901.174,0.9833,24.882,1.216,14.508,1
147,E,HM-E441,58.298,53.798,10.355,0.0986,17.048,742.562,1011.771,15.074,7.185,980.404,1.0048,27.413,1.741,12.387,1
147,F,HM-F087,34.512,49.985,2.71,0.0195,4.309,215.883,1014.655,14.363,6.344,972.87,0.9667,23.039,1.306,11.87,1
148,A,HM-A104,37.854,46.602,2.562,0.0231,4.175,192.695,1012.272,11.221,7.616,933.616,0.9855,25.781,1.187,13.296,1
148,B,HM-B210,35.296,48.696,2.833,0.0177,4.447,157.912,1014.467,12.328,6.541,1001.635,1.4802,23.184,5.778,12.813,1
148,C,HM-C305,37.242,59.377,2.387,0.0179,2.933,178.929,1013.335,13.927,6.096,981.913,1.0585,22.274,1.333,14.618,1
148,D,HM-D118,36.358,48.521,2.377,0.0171,3.854,236.39,1011.95,13.707,7.758,965.65,0.9929,30.344,0.492,12.954,1
148,E,HM-E441,57.191,53.494,10.876,0.1047,16.693,724.732,1012.78,12.682,6.287,949.668,1.0672,19.508,0.392,12.558,1
148,F,HM-F087,35.9,49.32,3.079,0.0224,3.579,184.302,1011.315,13.167,7.064,911.467,1.093,30.974,1.667,13.478,1
149,A,HM-A104,35.606,50.439,2.296,0.0211,3.359,237.117,1012.355,12.763,6.645,921.585,0.9647,33.811,0.834,10.271,1
149,B,HM-B210,36.179,50.178,3.183,0.0243,3.735,222.586,1013.421,13.118,6.743,961.239,1.4784,23.44,5.73,11.114,1
149,C,HM-C305,35.12,48.771,2.904,0.0215,3.847,165.616,1011.835,15.205,7.222,952.984,0.9224,38.08,1.147,12.861,1
149,D,HM-D118,35.881,54.81,2.13,0.0235,3.833,254.24,1011.803,15.564,7.012,963.727,0.9956,19.571,1.295,12.91,1
149,E,HM-E441,57.978,53.824,9.894,0.0916,16.797,702.41,1013.439,12.407,6.878,956.086,1.0423,26.873,0.844,11.562,1
149,F,HM-F087,38.242,49.577,3.35,0.0225,3.644,224.63,1013.718,11.842,6.764,974.874,1.0056,29.095,0.968,10.956,1
150,A,HM-A104,37.522,56.757,2.147,0.0208,3.444,174.13,1013.046,15.35,6.982,953.753,0.9498,21.442,1.119,9.034,1
150,B,HM-B210,35.748,53.713,2.969,0.0185,3.819,190.665,1012.841,15.217,7.765,942.542,1.4961,20.183,5.95,11.833,1
150,C,HM-C305,36.647,41.493,2.942,0.0261,3.594,171.976,1013.435,14.745,7.391,918.262,1.0126,25.875,0.967,12.605,1
150,D,HM-D118,38.065,52.71,2.73,0.0254,4.311,174.796,1014.029,14.149,7.161,943.169,0.9302,22.096,1.118,12.102,1
150,E,HM-E441,55.667,54.69,11.103,0.1001,17.371,700.348,1014.555,14.513,5.719,980.42,0.9756,20.833,0.798,11.844,1
150,F,HM-F087,34.372,48.586,2.35,0.013,3.661,176.635,1010.724,14.48,7.301,988.249,1.0129,15.677,0.968,12.511,1
151,A,HM-A104,34.551,56.687,2.546,0.0195,3.251,133.986,1012.259,12.608,7.228,983.259,1.0353,32.249,1.059,10.63,1
151,B,HM-B210,35.514,53.528,3.195,0.0136,3.555,172.379,1012.91,16.488,7.255,955.264,1.5387,26.125,6.512,11.963,1
151,C,HM-C305,36.605,49.454,1.573,0.0188,3.563,216.903,1013.445,12.814,7.415,949.889,1.0341,20.258,1.066,13.887,1
151,D,HM-D118,35.419,60.851,2.846,0.0239,3.897,174.907,1012.699,16.214,7.256,964.833,0.9533,27.48,1.155,12.053,1
151,E,HM-E441,61.098,48.17,10.972,0.1077,16.812,687.421,1014.4,12.87,7.768,916.036,1.002,28.751,1.06,13.174,1
151,F,HM-F087,35.314,53.392,2.377,0.0235,3.82,212.776,1013.66,15.943,6.816,960.706,0.9865,26.571,1.615,11.126,1
152,A,HM-A104,33.177,58.568,3.876,0.0245,3.641,178.205,1010.602,13.888,7.553,934.034,0.9832,21.026,0.677,12.904,1
152,B,HM-B210,36.294,55.988,2.824,0.0136,3.622,188.503,1013.629,13.717,6.496,1031.167,1.5538,28.027,5.285,11.311,1
152,C,HM-C305,34.793,45.061,2.502,0.0171,4.219,219.715,1011.595,14.621,6.647,887.905,0.9939,18.595,1.902,10.265,1
152,D,HM-D118,35.694,49.024,2.69,0.0211,3.872,192.523,1012.093,11.037,7.631,930.319,0.9537,28.218,1.091,12.502,1
152,E,HM-E441,57.662,52.485,10.213,0.0948,17.104,681.697,1012.52,10.823,6.909,903.165,1.0239,23.962,0.0,8.848,1
152,F,HM-F087,36.506,52.74,2.831,0.0162,3.683,181.445,1012.225,10.821,7.354,963.991,0.9659,29.113,0.78,12.058,1
153,A,HM-A104,38.045,51.276,2.35,0.013,3.544,208.473,1013.676,12.772,7.353,925.438,0.967,29.133,1.305,12.22,1
153,B,HM-B210,35.472,43.694,2.678,0.0276,4.282,236.376,1014.375,13.953,6.137,955.749,1.468,15.295,5.968,12.134,1
153,C,HM-C305,37.298,53.91,2.401,0.0221,3.777,221.248,1012.841,14.554,7.333,1003.238,0.9867,27.847,0.689,12.983,1
153,D,HM-D118,37.499,45.749,2.917,0.014,4.032,225.978,1012.616,13.146,7.808,980.518,1.0078,23.727,1.482,10.768,1
153,E,HM-E441,60.4,48.561,10.709,0.0975,16.443,661.708,1012.323,15.961,7.01,989.534,0.9439,25.068,0.742,13.736,1
153,F,HM-F087,34.505,49.082,3.059,0.0223,3.064,193.721,1012.089,15.176,6.881,987.654,1.0181,21.522,0.026,12.207,1
154,A,HM-A104,35.186,56.255,3.019,0.026,3.405,228.521,1013.868,14.342,6.871,918.724,0.9994,26.372,0.937,10.082,1
154,B,HM-B210,34.231,52.832,2.662,0.015,3.7,173.184,1014.153,13.202,6.555,966.826,1.5473,29.192,6.314,11.437,1
154,C,HM-C305,37.49,53.564,3.009,0.0146,3.195,222.238,1014.758,13.29,7.383,939.929,1.0654,17.452,0.935,13.66,1
154,D,HM-D118,37.819,50.347,3.02,0.0148,4.16,191.491,1013.088,11.634,6.776,963.791,1.0168,23.432,0.832,13.918,1
154,E,HM-E441,58.423,59.371,11.485,0.0981,16.822,659.603,1013.336,15.06,7.219,920.972,1.0086,23.248,1.313,13.244,1
154,F,HM-F087,36.0,57.171,3.057,0.0207,3.836,188.033,1012.103,14.387,7.157,909.992,1.0264,16.859,1.332,12.485,1
155,A,HM-A104,35.498,52.04,2.795,0.017,3.428,267.363,1014.217,12.481,7.041,897.298,1.0578,14.967,0.785,10.742,1
155,B,HM-B210,36.757,54.612,3.1,0.0226,3.785,184.097,1013.044,13.052,6.489,971.263,1.5697,22.075,5.796,11.723,1
155,C,HM-C305,37.282,45.071,3.229,0.0243,4.305,222.193,1012.083,12.918,6.657,979.021,1.0038,27.757,0.558,9.839,1
155,D,HM-D118,35.772,52.735,2.612,0.0247,3.388,183.452,1012.88,12.918,7.345,934.437,1.0284,30.045,1.616,11.949,1
155,E,HM-E441,57.463,53.504,10.524,0.0989,16.169,733.225,1012.698,14.597,6.845,954.051,1.0498,23.454,0.05,12.358,1
155,F,HM-F087,37.753,50.785,2.988,0.0188,3.852,176.566,1012.622,14.185,7.313,929.405,0.8994,27.802,0.665,12.095,1
156,A,HM-A104,35.819,53.553,2.37,0.0217,3.868,196.79,1011.524,13.607,6.499,976.931,0.8953,27.749,1.362,12.235,1
156,B,HM-B210,36.507,48.294,2.19,0.0215,4.204,222.3,1011.746,12.222,7.534,936.962,1.4914,26.882,6.634,11.954,1
156,C,HM-C305,37.029,55.486,3.098,0.0134,4.245,177.48,1012.193,14.502,7.154,984.297,0.9819,27.112,0.526,11.829,1
156,D,HM-D118,38.448,49.354,2.435,0.0321,3.95,219.552,1013.964,15.416,6.845,946.476,0.997,24.058,0.428,12.608,1
156,E,HM-E441,56.499,54.245,10.422,0.0961,16.663,713.673,1012.814,14.79,6.789,969.658,1.0132,30.317,0.47,13.22,1
156,F,HM-F087,35.807,52.316,2.326,0.0153,3.137,197.602,1012.003,13.808,7.287,913.451,1.0315,17.737,0.346,11.076,1
157,A,HM-A104,35.629,52.102,2.0,0.0144,3.529,164.312,1012.304,13.061,7.053,918.494,1.0522,25.157,1.123,10.248,1
157,B,HM-B210,36.046,46.669,2.939,0.0179,3.901,195.378,1013.591,11.295,7.56,953.292,1.5205,22.942,6.665,13.624,1
157,C,HM-C305,35.207,42.86,2.885,0.0192,2.944,168.34,1013.934,14.53,7.155,918.768,0.9005,17.934,1.66,13.083,1
157,D,HM-D118,35.6,45.848,2.202,0.0206,4.418,223.394,1013.417,13.462,6.179,925.822,0.9746,21.255,1.14,10.174,1
157,E,HM-E441,58.984,49.404,10.625,0.1147,16.747,694.934,1013.055,12.638,7.388,943.047,0.9629,20.628,1.506,11.879,1
157,F,HM-F087,36.192,52.624,1.873,0.0177,3.208,170.039,1012.66,15.022,6.629,908.798,0.9555,22.386,0.754,11.635,1
158,A,HM-A104,38.712,46.666,2.317,0.0126,4.148,177.091,1014.133,15.775,7.156,991.34,1.0036,23.438,0.952,12.783,1
158,B,HM-B210,34.13,46.434,2.898,0.0208,3.505,217.157,1012.866,14.306,5.102,893.167,1.5502,30.097,6.109,10.599,1
158,C,HM-C305,33.75,51.281,1.926,0.0238,4.034,194.827,1012.398,11.094,6.745,969.942,0.9406,24.231,0.706,11.938,1
158,D,HM-D118,35.046,49.398,2.667,0.0206,4.469,236.609,1014.55,13.152,7.417,929.535,1.0133,32.701,0.09,12.244,1
158,E,HM-E441,57.301,55.151,10.48,0.1027,16.305,701.171,1010.772,15.589,7.597,900.053,0.9954,26.596,0.484,13.071,1
158,F,HM-F087,36.319,52.167,3.132,0.0296,3.262,187.508,1013.557,15.711,6.811,935.438,1.0521,21.286,1.057,12.024,1
159,A,HM-A104,35.931,61.163,3.113,0.0135,4.133,176.505,1012.501,12.064,7.006,933.077,1.0332,25.085,0.951,10.654,1
159,B,HM-B210,34.854,53.457,2.704,0.0184,2.671,175.088,1013.256,11.14,6.816,969.549,1.4908,17.894,6.946,11.633,1
159,C,HM-C305,35.544,50.836,2.887,0.0245,3.46,228.351,1013.349,14.363,7.44,944.946,1.0141,34.081,1.159,10.39,1
159,D,HM-D118,36.999,60.028,2.886,0.0276,3.779,188.693,1013.338,15.158,7.384,966.876,1.0148,28.149,0.525,12.719,1
159,E,HM-E441,59.103,46.332,11.135,0.1031,16.556,665.083,1012.641,12.1,6.89,1015.438,1.0369,25.863,0.278,11.838,1
159,F,HM-F087,35.763,53.792,2.787,0.0282,3.472,168.422,1014.353,16.596,7.079,929.441,1.0352,17.365,1.727,12.055,1
