Timestamp,Helmet_ID,Temp_C,Humidity_Percent,CH4_ppm,H2S_ppm,CO_ppm,VOC_ppm,Pressure_hPa,Mud_Level_cm,Mud_Viscosity_Index,Mud_Salinity_uS_cm,Accel_Z_g,Light_lux,Impact_N,Fluid_Level_cm,Target,Danger_Level
2025-06-18 10:00:00,HM-A104,36.87270059423681,36.01074166800233,5.0119918265372965,0.0305466452481379,4.205373627993131,239.28020319777167,1013.2566727305972,14.406217276884185,7.32269641262384,957.6591800881904,0.955700003764102,19.56836688422645,1,13.997380667472491,1,потенциально опасно
2025-06-18 10:00:01,HM-B210,39.75357153204958,37.05585862643824,6.482571081861451,0.0414609596504146,4.931671542279483,269.6111173621964,1013.1647411263168,15.706974861398749,7.216140895398163,984.19304036021,1.0277796261771226,21.930703511381097,2,13.660757863241958,0,опасно
2025-06-18 10:00:02,HM-A104,38.65996970905702,36.88405018492137,4.001793816504386,0.0449656460577651,3.673512835472175,250.803511777664,1013.9738073328704,13.641786761636029,6.216299196026525,990.5158104530628,1.018882311193983,20.803176660772213,1,11.17598249480147,1,потенциально опасно
2025-06-18 10:00:03,HM-B210,37.99329242098519,33.74552887020121,4.923457450078358,0.0455560908507642,4.919396739504623,234.67159334212496,1013.7738647926344,14.466322170525531,7.312029159183012,942.6998092745484,0.9664131428625928,23.37820708549755,2,11.383647393248976,0,потенциально опасно
2025-06-18 10:00:04,HM-A104,35.780093202212186,31.668602016987528,4.723495642923286,0.012598304906559,4.60004227209814,254.21714511360625,1012.8216863549618,16.580755134072007,7.84790981964986,857.9161873898922,1.0086862586628582,24.07172490385921,2,12.48320996404798,1,безопасно
2025-06-18 10:00:05,HM-B210,35.77997260168101,34.305293384622075,4.700702083205833,0.0529873902842533,4.456248204401245,234.5419090530707,1012.7431716818252,16.77827712620767,6.322219810371666,961.129394494266,0.9852974454268508,20.38586092045208,0,11.735603344594145,1,безопасно
2025-06-18 10:00:06,HM-A104,35.290418060841,31.425941440819088,4.204559859296388,0.0329126657382524,4.467916632985345,236.44686527099088,1012.59370406856,16.635345580255926,7.194124041885775,866.514295789283,0.9511262782617104,22.62277454589568,0,11.242907711530492,0,безопасно
2025-06-18 10:00:07,HM-B210,39.33088072887468,38.90097035183808,4.5613728112315055,0.0231208040848107,4.740091472594424,241.98049160141028,1012.3048138400758,13.3122403348192,6.683730743873388,950.4622176531736,1.0088811515242928,21.84333388262409,2,11.763663478237156,0,потенциально опасно
2025-06-18 10:00:08,HM-A104,38.00557505871605,33.45877460737857,5.66664870965686,0.022088225373984,3.660379796569732,272.9763852623745,1012.276167313204,13.162345201083816,6.919223343547208,966.9048753621814,1.0025248731699568,19.949111430388037,0,11.183534293021408,1,безопасно
2025-06-18 10:00:09,HM-B210,38.54036288898023,31.54459747223324,4.874083218513233,0.0341507056421975,4.257131485348313,276.2306266166486,1012.2645674160192,13.48832252964657,6.57400035815794,958.879706623971,0.9928641663290404,19.90358561969101,0,12.589737326346947,0,потенциально опасно
2025-06-18 10:00:10,HM-A104,35.10292247147901,30.25447759905751,5.252184346987444,0.0543415769734479,4.545636707391138,271.31288646660346,1012.2282295143737,14.2065555619423,6.70826127269539,992.7825708641697,0.9926933281564876,21.77042153272613,2,12.470750311011908,1,потенциально опасно
2025-06-18 10:00:11,HM-B210,39.84954926080997,36.45822386286484,5.130600641041566,0.0289173790841323,4.380230667610346,246.7038608708924,1012.4810240848112,13.570837063959818,6.057823646533114,960.7219426701084,1.0024472988490465,19.078020114726097,2,11.01897846066845,0,потенциально опасно
2025-06-18 10:00:12,HM-A104,39.16221320400211,36.36902317454744,6.627714774999683,0.0474862873391771,4.749168606534942,243.6223220554416,1012.6133372606264,13.87106397869529,7.9631034758344414,953.9814666972712,0.9576818268963808,23.675669275377302,1,12.447549186931788,0,опасно
2025-06-18 10:00:13,HM-B210,36.06169555339138,33.406041665812914,6.715896997031546,0.0148409365493609,3.6084075635170274,257.457784539512,1013.923157942078,15.103184760603796,7.249599844145496,889.2614758274653,1.0303613722601557,18.48303387440281,2,12.559415441782972,0,потенциально опасно
2025-06-18 10:00:14,HM-A104,35.9091248360355,30.71711888847651,5.47887091496758,0.033802835107553,4.536051559248749,266.0926580266556,1013.1569465020036,15.812628385469878,7.001411180987771,988.7153029653851,0.9243461768244692,18.662021403458212,1,12.817111223034797,0,опасно
2025-06-18 10:00:15,HM-B210,35.917022549267166,34.09628894895232,4.990467850946813,0.0595843070196367,4.301041595577077,279.66863940800874,1013.9751915490266,15.677790991339585,6.767430699000654,876.931580619125,1.032582819485873,20.395584162490877,1,13.910299173219514,0,опасно
2025-06-18 10:00:16,HM-A104,36.52121121479769,33.112174950633936,4.320402112007091,0.0485218901396168,4.068741295969915,236.5785355939463,1012.7449338956512,16.07211783539576,7.078749117648055,985.7344917209688,0.9513422764547992,18.82664230737993,0,13.948077281156,1,потенциально опасно
2025-06-18 10:00:17,HM-B210,37.62378215816119,36.77120639735009,6.860208638146285,0.0205264244220306,4.010412473351046,232.46459995119025,1012.9152532651788,12.160922016077013,6.760211997431608,896.8993815018865,0.9187547423412934,21.329900148788447,0,12.580787932012466,1,безопасно
2025-06-18 10:00:18,HM-A104,37.15972509321058,36.05779249452691,4.180680834700892,0.0350720736848955,4.431248949161289,264.7177944497636,1012.6491573183306,12.23866894839378,6.719815854987346,869.5245390816503,0.9900041104018696,20.79773123309309,2,13.535560092829348,0,безопасно
2025-06-18 10:00:19,HM-B210,36.45614570099021,33.6459372819754,4.892950832704841,0.0216812381824283,4.836493061966397,271.6112891751953,1012.3657753017932,15.946914803443146,6.927893083444026,974.0024540906757,0.9563980003605608,23.05266857120002,2,11.255497309970927,1,потенциально опасно
2025-06-18 10:00:20,HM-A104,38.0592644736119,32.1789255425499,4.894198603510013,0.0304780463631254,4.244263889151673,272.3174389933212,1012.2863294155552,14.66539411162316,6.551966067342382,850.3743180401244,1.022324959065528,24.67102908646804,1,12.593463867290223,0,безопасно
2025-06-18 10:00:21,HM-B210,35.697469303260206,39.88035966155592,4.961203858420645,0.0490042011867482,4.73708474611538,263.92317745385805,1013.8901583956156,14.890703368810602,6.360099799933571,974.8132476521246,0.9646178202793152,23.27491009317388,1,13.036700177671886,1,опасно
2025-06-18 10:00:22,HM-A104,36.46072324267609,34.540016211961145,4.492860529817228,0.0485612407645201,4.103234572765952,277.7007902059594,1013.9736213635975,12.262934301071883,7.113211796360587,889.3467763068963,1.0002843788343163,19.25614064016423,0,12.694186458708645,0,потенциально опасно
2025-06-18 10:00:23,HM-B210,36.83180921646846,36.88274235780237,6.349484292771091,0.0214050188951192,3.653591694189765,255.55023817722932,1012.0898189930176,13.276569005856354,7.685530872300602,982.7081909133432,0.9462386984257238,24.548648998250822,2,11.692162983362556,0,потенциально опасно
2025-06-18 10:00:24,HM-A104,37.28034992108518,31.405529675783608,4.367493585897968,0.056111165907743,3.5922586046879577,275.6907399168106,1012.3006917494636,15.191771524427388,6.305656355451784,953.7218773362368,0.931417856253801,20.74493402787147,2,11.187973958913831,1,потенциально опасно
2025-06-18 10:00:25,HM-B210,38.92587980696507,34.85589699659398,5.9047199774594885,0.0396284091382413,3.5770015569855165,278.39060684957616,1012.847048184602,16.29590945055338,6.065468681208437,949.9274999275884,0.9582073546423236,21.31932552648839,2,12.160007853725569,0,потенциально опасно
2025-06-18 10:00:26,HM-A104,35.9983689107918,30.275367198694656,4.371538080117452,0.0289962145481007,4.070225212936505,272.3578728501554,1012.3726669526887,16.584916985907014,6.493623490308073,904.7979344747264,0.991021175190365,20.951033661594447,2,12.942927493360276,1,безопасно
2025-06-18 10:00:27,HM-B210,37.57117219206806,35.0545511791045,4.21160691277887,0.035096779039043,4.005856626253763,245.48792816293104,1012.7277607872536,14.502097479175408,7.959441286907621,858.9104460836156,0.9985420108817028,19.963829163014037,0,13.975139220966684,0,безопасно
2025-06-18 10:00:28,HM-A104,37.96207284431021,39.64017407117702,6.728288511057629,0.0402535626718871,4.576905535433854,239.8107825585148,1012.2581926997192,14.727371163690988,7.657516147486678,974.5109647308366,0.9867309997947028,24.265310014582383,0,11.70960035415184,0,потенциально опасно
2025-06-18 10:00:29,HM-B210,35.23225206359999,33.842067129858,4.570386298956117,0.0379945265922892,4.614232252377299,257.40600324909093,1012.9130235134436,16.165248155344955,7.191732107057193,875.6355692764791,1.0482083577936163,20.325672061276315,1,13.753369729134151,0,потенциально опасно
2025-06-18 10:00:30,HM-A104,38.03772425950719,30.38996012574912,6.463750463679113,0.0343202517768089,3.5762809532506097,252.65073751900945,1012.5433892323384,14.688123003736774,7.858497830486272,905.8387962842128,1.003663527974275,22.050175287756822,0,11.204784198575792,1,безопасно
2025-06-18 10:00:31,HM-B210,35.85262061843646,30.30955790919344,5.633892613321407,0.03524664020447,3.8316848943335216,273.88791710963665,1012.7038101115172,14.584292627686589,6.890558233674489,940.0532028263624,1.0397279441395375,19.68023509062031,1,13.792967821771937,0,потенциально опасно
2025-06-18 10:00:32,HM-A104,35.3252579649264,33.879867599468696,4.233569558826309,0.0188205955213943,3.9113927752383497,235.00158355335768,1012.1886253029256,16.52542018880477,7.966561205150348,922.3380607840932,0.9176899792342762,23.581627623391263,0,13.49710030361009,1,безопасно
2025-06-18 10:00:33,HM-B210,39.74442768626667,31.600249364631942,6.866344574314202,0.0506366452152339,4.321417976214214,242.88700306557595,1012.8562561014204,15.9496636052794,6.592604090238568,879.7990952756977,0.909205939472022,23.419390616704305,0,11.062836058195543,1,потенциально опасно
2025-06-18 10:00:34,HM-A104,39.82816016537279,30.23352096328186,4.740883500975677,0.0370880159970507,3.7167728358604255,267.5899472259354,1013.9665152219231,16.545362631806473,6.480611499031879,871.0924535323426,0.9466492053017932,20.07418496912931,2,11.894556122265994,1,потенциально опасно
2025-06-18 10:00:35,HM-B210,39.0419867405823,37.56213613950177,6.57893603605782,0.0165539930852351,3.7009118291000007,234.7493322488656,1012.6576660937624,13.091235273905768,7.276096402294022,868.4869408375436,0.9204883407564636,22.77087851200417,1,11.1528699610356,1,безопасно
2025-06-18 10:00:36,HM-A104,36.52306884586685,34.5852300888189,4.506430017353693,0.0483078550791388,4.915683333811937,246.038220701085,1013.7528585496848,14.621877433276785,6.756307935900721,979.45118222488,0.97888027923424,22.92711473166465,1,13.986517614588678,0,потенциально опасно
2025-06-18 10:00:37,HM-B210,35.48836057003192,32.89244771972655,6.561828646425559,0.0566221989188675,4.706304360946671,249.3577697026992,1013.6863982832474,16.21236064296679,7.252731083952516,854.7339323592,0.9778471880284918,21.93757991273336,1,12.283532013751328,0,потенциально опасно
2025-06-18 10:00:38,HM-A104,38.42116513256079,39.000831830164806,4.039686438715882,0.0573653449618481,3.770982353136755,261.1296898281345,1013.9041168365944,12.555739137335545,6.609991036605372,996.5521389399842,0.9862570749665924,22.20418867590169,0,12.986520558831913,0,потенциально опасно
2025-06-18 10:00:39,HM-B210,37.20076246869801,31.161389602005254,5.535341369708442,0.0284508866205586,4.109851711858236,237.9066322859682,1013.5802190245342,15.973310771469809,7.235836513675983,879.7793035578121,1.011784182124661,22.02118246803557,2,11.70257172446716,0,безопасно
2025-06-18 10:00:40,HM-A104,35.61019117422389,39.55918828955319,6.308327738264671,0.0167758436780377,4.033432998886348,273.03022451748546,1013.3191936541176,12.914866917074349,6.551492521170073,866.5483445318617,1.045699455031848,18.57305082796392,0,13.801208716002655,1,потенциально опасно
2025-06-18 10:00:41,HM-B210,37.47588455055635,33.13966717377353,6.80438655247835,0.0359199813316532,4.686506111098111,252.3771117733137,1013.7131688884548,16.040593774926606,6.10194413763778,936.5457482165192,1.031738803715872,22.69185741299649,2,11.822522265618415,1,опасно
2025-06-18 10:00:42,HM-A104,35.17194260557609,38.88403672308681,6.727606408619462,0.015630461467461,4.265319374717183,275.85108559402784,1012.1512893613148,15.06000468778434,7.824271803846367,861.9978936911045,0.9177550859363371,21.28842506887084,0,11.780643821906896,1,потенциально опасно
2025-06-18 10:00:43,HM-B210,39.54660201039391,36.029428764794616,6.458874608642935,0.0566993709256308,3.6917746054902008,253.39349568169655,1012.9256613143976,12.966179957424336,7.766410403746924,940.3679894745392,0.9507770533155986,21.069200963789896,1,11.94380028782406,0,потенциально опасно
2025-06-18 10:00:44,HM-A104,36.293899908000085,38.26707359741488,6.664574048983912,0.0191789813677573,4.608488094734366,243.75201294703663,1013.97851247723,14.366770896664006,7.941596298545344,977.593996722042,0.9383734537572064,24.019994531472605,0,12.38746749395212,1,опасно
2025-06-18 10:00:45,HM-B210,38.31261142176991,39.84013163210464,4.59765905751123,0.0226382929975582,4.095331967337378,237.0914414343837,1013.5392003025896,15.409525832303858,7.433054352442809,857.1847032201138,0.9265226036669688,18.162586994227823,1,11.055598178689133,1,потенциально опасно
2025-06-18 10:00:46,HM-A104,36.55855538044705,32.88405437818746,4.852552887135186,0.0303318263442485,3.894386371448221,230.18725473556424,1013.9241507560744,15.169264504417711,7.365442355470606,969.9802906792816,0.9817087314983676,19.759204425711285,2,12.793512500384251,0,потенциально опасно
2025-06-18 10:00:47,HM-B210,37.60034010588905,39.61135485407593,4.866905574763176,0.0291582234279562,4.06324793303108,256.6078742492418,1013.559268712267,14.13623598115852,7.118006140149662,909.1716161473178,0.9829896603049096,18.849824498899224,1,11.094997391422217,0,потенциально опасно
2025-06-18 10:00:48,HM-A104,37.7335513967164,33.894818949024206,5.131161793005097,0.0497331446198944,4.246634845410345,235.35783484634615,1013.7497639348844,16.496832644604634,6.251884832705045,873.9235950746815,0.9340867241832091,18.24738731226808,1,12.617607463218778,0,потенциально опасно
2025-06-18 10:00:49,HM-B210,35.92427227762764,33.85511904736922,5.179962011155566,0.0328158410275481,4.0146732746255145,249.5863881815589,1013.4130592646064,14.596317072439222,6.37847062189854,876.4144720401189,1.0067845875460029,19.92973898373163,1,12.373654706546336,0,безопасно
2025-06-18 10:00:50,HM-A104,39.84792313882279,33.403871042545056,5.6336659739640265,0.0185384130001668,3.862858658887637,259.46358806185435,1013.5210040088344,14.52933649264344,6.578939377345073,987.814681554134,1.0099371448754255,24.919333909562745,1,11.72764117440923,0,безопасно
2025-06-18 10:00:51,HM-B210,38.87566411680557,35.414076073475854,4.479639290099324,0.0233604947743037,4.09775304320597,243.784294845135,1013.046356019679,12.31125294970727,7.780312725146789,866.5908627910997,0.90314699922509,19.891604212453014,2,11.98930405151248,0,безопасно
2025-06-18 10:00:52,HM-A104,39.697494707820944,31.54145043178487,6.073739991357968,0.0354556692593761,3.5287593661248478,238.76121461830576,1013.8484754016284,16.610601948988187,6.34593904920615,980.0174180673486,0.9593636555583476,22.6459407385704,0,13.11697943373401,0,потенциально опасно
2025-06-18 10:00:53,HM-B210,39.47413675213824,35.537114853580114,4.502699617913519,0.0173726958713067,4.658746769144471,268.7360811304671,1013.6500778212468,12.885582843391864,7.845746348975782,931.6366931475422,1.0335210961802432,18.82809223028505,0,11.028792559614187,1,потенциально опасно
2025-06-18 10:00:54,HM-A104,37.98949989405543,35.41704812410004,4.930925446313642,0.0405827837823007,3.7564173403513785,277.33955861408106,1013.6877699313312,14.641723467182771,7.045571466102834,855.8584268224658,0.9780477912365758,22.21293341033061,0,11.94994141407728,1,безопасно
2025-06-18 10:00:55,HM-B210,39.609371175115584,37.6190181260487,5.510035391818462,0.0382873653275572,3.565856920445956,235.0220208930983,1013.346018201926,16.01783800700155,7.431139270946145,919.6714218576008,0.9521441702158492,24.891370381968198,0,13.040891762494605,1,потенциально опасно
2025-06-18 10:00:56,HM-A104,35.442462510259595,38.33649961937586,6.389321684570432,0.0457351158191128,4.480548039357619,237.7795162192504,1012.6091598941744,13.077266384778216,6.2204889733611335,972.6174271714452,0.9380514227392696,20.042862664223257,1,11.45682159620765,0,потенциально опасно
2025-06-18 10:00:57,HM-B210,35.97991431209572,34.40441350312424,6.218407699716182,0.0568852307689683,4.660904193235508,278.00063286263594,1012.0712595907804,14.636866449854203,6.538067097551822,958.930418145865,0.9365031779877424,23.93652931462908,2,12.68115696255831,0,опасно
2025-06-18 10:00:58,HM-A104,35.226136444552694,33.023332493514935,5.936603069231567,0.0556127280550577,4.720743697389265,231.88921109061232,1013.8713102588192,13.203424546116704,7.917037216362853,923.3173626527076,0.914965205077621,24.98299966256575,2,11.506798785448138,1,потенциально опасно
2025-06-18 10:00:59,HM-B210,36.62665165381632,32.59334897317095,4.46731978174051,0.0573037809034415,4.2402637739909,278.8816168275236,1013.172240697611,15.798474988999558,6.532299893859463,979.0074819544326,1.022583962863964,22.11987862104521,0,11.464285630570998,0,потенциально опасно
2025-06-18 10:01:00,HM-A104,36.94338644844741,31.94623836704872,5.641136036846733,0.022235779851185,3.808052277034978,230.23222415424945,1012.5962859422964,14.821705839365752,6.593043440782292,868.0547142670345,0.9129986108091256,20.165807702996247,0,13.31684028717127,1,безопасно
2025-06-18 10:01:01,HM-B210,36.35674515886948,30.57647582199025,4.262339505399656,0.0165782653319677,4.60584151587474,273.68343278256657,1012.2982702156952,16.27987930197572,6.395194769682159,986.4911580088552,0.9438442148792724,22.71471881929409,2,11.799576059903414,0,потенциально опасно
2025-06-18 10:01:02,HM-A104,39.14368754575965,33.424479788347135,5.132089530389952,0.0251138350248224,4.549569615731506,245.36625904938748,1013.6590463310016,16.472790014386916,6.258147330613659,976.9661812725024,0.906851360784953,23.91393744388033,2,12.127307356857582,1,потенциально опасно
2025-06-18 10:01:03,HM-B210,36.78376663346795,32.702476921307834,5.240549590869877,0.0547542586383157,3.86940610115476,276.9294429088648,1013.6730403888952,15.24366741222699,6.466515282907996,956.2415238485854,1.0172079854585552,19.19945170073385,1,13.19005419687491,1,опасно
2025-06-18 10:01:04,HM-A104,36.404672548436906,39.66417385866407,4.1194343183372615,0.0586026737311744,4.8551116337941895,245.84726443177928,1013.6290159362612,15.626956230794722,7.284653783901597,972.6831613193124,0.9058925523340186,21.16761034689017,2,11.538558801628929,0,опасно
2025-06-18 10:01:05,HM-B210,37.713480415791246,35.57708826250044,4.821964298409916,0.0529662475535238,3.656557187124244,262.7153160767028,1013.2901653839336,14.746100499434318,6.910735467007127,931.5723260264,0.9462451655802312,20.23431397086689,2,12.595211063998573,0,потенциально опасно
2025-06-18 10:01:06,HM-A104,35.70462112487381,33.47277039030507,6.866948401799468,0.0155008860563771,4.974032359386989,234.00162848829683,1012.7320307751836,13.922143665336916,7.107511672675797,951.27436436465,0.9859946055129996,19.98351297873666,1,13.75345899129399,0,потенциально опасно
2025-06-18 10:01:07,HM-B210,39.0109849037702,35.80467600993696,6.8608978234890685,0.0573713999029896,4.790371716466197,242.11649057268696,1012.6081405695604,15.240589615104174,6.244729657532049,934.0897106061668,0.9614342040440166,24.02574882518121,1,12.661480458135468,0,потенциально опасно
2025-06-18 10:01:08,HM-A104,35.372753218398856,31.39196701345696,5.0569811627576176,0.0311679013675392,4.531847968218613,268.6839673239625,1012.0171095402364,16.541443117436643,7.604232894325801,903.3142795761923,0.9423406600873652,20.951578047752868,1,11.146537299870287,1,потенциально опасно
2025-06-18 10:01:09,HM-B210,39.934434683002586,34.44043749202203,4.129300326844972,0.0104655145381176,4.908124832419749,256.434292683941,1013.6672151173764,14.08340190215719,7.568189401159696,935.3291196041766,0.9412783608641312,20.37353439262739,2,12.769091824031332,1,опасно
2025-06-18 10:01:10,HM-A104,38.86122384648328,36.26234321421064,4.537284817984545,0.0321196870374096,4.5834667524855615,276.39845308935224,1012.1748653949873,13.572050131868975,6.043179822285351,888.6197998797888,1.0196685459009374,22.22457378998209,2,11.270460198543194,1,потенциально опасно
2025-06-18 10:01:11,HM-B210,35.99357840767086,34.88897831792451,5.17665338030062,0.0123034584837733,3.785685495545069,251.4375704170677,1013.2615099960816,13.94218469276287,6.76703018902061,916.0418756261178,1.0460967142630868,19.535811057461668,2,11.846373621299849,1,безопасно
2025-06-18 10:01:12,HM-A104,35.027610585618014,34.01778800654324,6.843339093907689,0.0371938960580558,4.163234207169218,273.49061829069615,1013.0081498936802,14.176988151057998,6.137541203942296,892.1163110890365,0.952206160567319,19.609254433976552,1,13.549025316030534,1,потенциально опасно
2025-06-18 10:01:13,HM-B210,39.07730714227417,39.93848388899698,4.423597190611555,0.0269277013718525,3.607254536497453,252.44777187391188,1013.0533787178528,12.367805144888582,7.584211558829916,868.4331684192083,0.9058718270413524,21.642021116100533,2,11.033207384205854,1,безопасно
2025-06-18 10:01:14,HM-A104,38.53428671923808,38.80314762148927,6.290547531004637,0.0336717466797024,4.084486133432173,278.9624139350993,1013.8534256906156,14.492209202174973,7.474539366251409,898.2792784584859,0.9054848666863664,20.86490910052329,2,11.231039925993866,0,опасно
2025-06-18 10:01:15,HM-B210,38.64503584020494,36.2340595815944,4.326047618124076,0.0406585180371558,4.612404529605813,277.9917190699438,1012.0632300225424,14.4715712402503,7.803976188586312,977.7980827277156,1.0138820122816077,20.06487668745627,1,12.090092386041112,1,опасно
2025-06-18 10:01:16,HM-A104,38.856351733429726,35.69377361182283,6.94377273217383,0.053440054790891,4.079665026396226,246.45683527780403,1013.5467844492576,14.942219138202615,6.472807917906229,907.162115596346,0.982855473241369,18.377657925918715,0,13.998187639698047,0,опасно
2025-06-18 10:01:17,HM-B210,35.37022325867045,36.20660479824584,5.144849497327405,0.0430950788235964,3.995441263202201,274.29618352084015,1012.1041047967346,13.814100152356655,6.912591766255598,962.2005473453304,1.0175388986125995,21.64541967046965,0,11.87559171821553,1,потенциально опасно
2025-06-18 10:01:18,HM-A104,36.792328642721365,32.01312107822433,6.325703616697168,0.031702443423909,4.393033583765468,272.3805687107825,1012.0763072118708,15.065537979777949,6.368975754328796,876.2796781357242,1.0046245515432863,23.716264439207524,2,11.471823856208092,0,потенциально опасно
2025-06-18 10:01:19,HM-B210,35.57934529762565,33.951377432643184,5.027773248433396,0.0509713926835182,4.808306793498343,240.53401986637812,1012.8596353962828,16.391081551371016,6.742469868948239,913.6628738751464,1.0361259523898094,23.95964043700241,1,12.648266398544749,0,потенциально опасно
2025-06-18 10:01:20,HM-A104,39.315517129377966,30.39459532890899,5.883006631476427,0.0552791068786566,3.5713747888191687,261.21452003916346,1012.126150348686,16.77735495247582,7.0444865031337685,867.2284104002765,1.0328736436569936,19.64807985808256,1,12.55776506471121,1,опасно
2025-06-18 10:01:21,HM-B210,38.11649063413779,34.755460374868264,4.57604825422011,0.0159879983216098,4.078205652049603,233.63411577949077,1013.5782879025858,14.918061080705249,6.106661579677178,870.7931595051234,1.0182491093431767,22.19748842763242,2,12.348858765286511,0,безопасно
2025-06-18 10:01:22,HM-A104,36.65449012426325,35.43024583957663,4.438063057890887,0.0365966488776395,3.737361112722894,271.8355360291731,1013.0591261872968,12.212954769851564,7.429740821354771,942.6154569835104,0.9712783740063216,23.99116916624058,2,13.839961256128849,1,безопасно
2025-06-18 10:01:23,HM-B210,35.31779175143012,32.2774973610321,6.814192418704394,0.0242255979871222,4.5430313760978045,238.7272941751748,1012.0580775653196,16.846179986335546,7.086586720742151,941.1222726173517,0.946218961140578,20.861081497933853,0,11.840448112851556,0,потенциально опасно
2025-06-18 10:01:24,HM-A104,36.55491160857831,39.64028847165514,6.752941833713301,0.0123530598938473,3.658586840646702,233.54073506928825,1012.0810013729638,15.529310304481282,7.657918034421346,882.0057861032293,0.976054018116696,24.5249577211527,1,11.879972687785898,1,безопасно
2025-06-18 10:01:25,HM-B210,36.625916610133736,39.094546109372416,6.662406820638648,0.0434273347556992,4.497211637870366,250.01095477694057,1013.225337059479,13.67981824276826,6.543561002382394,921.1634791433198,0.9753107410979736,24.32084970390687,2,11.420770914161253,0,безопасно
2025-06-18 10:01:26,HM-A104,38.64803089169032,37.221432354559056,5.876300350499781,0.0531385388729612,3.929271306196861,258.84610692998217,1013.6122236353168,12.735788504818617,7.806642210538509,979.4959250466922,0.9915413323334008,19.456937281931665,1,13.091864053748528,1,опасно
2025-06-18 10:01:27,HM-B210,38.18778735677606,35.33386628765363,6.424804633648835,0.0181451327238697,3.798375220605837,272.74584792798856,1012.8755990625496,12.717093061181377,7.9973885060608865,876.1302263014725,0.9279146351674356,19.812753830301425,2,11.964108413241616,1,потенциально опасно
2025-06-18 10:01:28,HM-A104,39.436063712881634,38.69969159647685,4.207110810734124,0.050620682881195,4.904528836737478,278.71212627608685,1013.1091613430712,12.838722030698014,7.838596876755349,852.8815799610272,0.9983429820667484,19.26309399052178,0,13.408220879136955,1,опасно
2025-06-18 10:01:29,HM-B210,37.36107462580975,31.306523438234628,5.0043671256720375,0.052669786676847,3.5277868651189337,251.9746256284932,1013.5996589081,12.2278626080691,7.555784951666308,947.799271099536,0.9684901386308724,19.37238046018292,2,13.91527363211876,0,потенциально опасно
2025-06-18 10:01:30,HM-A104,35.59797122969151,37.90509794274885,4.941109374271469,0.0557170221333241,4.156665907834354,233.0223461492635,1013.2210123480836,16.510770943264557,7.624737605747562,858.0247312133027,0.993030724791129,24.355034610214485,0,11.131055725971777,1,безопасно
2025-06-18 10:01:31,HM-B210,38.56622393611497,31.248208139668485,5.90693596585784,0.0232642544543026,3.5324404886926906,267.45577895129355,1012.4495204753176,14.703841164136682,7.147488485089173,996.9910357858668,0.935940723437932,24.51796536434836,0,13.979365670174374,1,потенциально опасно
2025-06-18 10:01:32,HM-A104,38.803925243084485,37.942106625494056,5.0678733204119215,0.0551976532594944,4.225389572156494,258.25866281119687,1013.226104051739,15.499797063569186,6.3803077258252205,941.4430425698322,0.9651592340816032,18.36328068829592,2,11.762312679071254,1,опасно
2025-06-18 10:01:33,HM-B210,37.80638598784749,32.75767568251357,4.445520344931042,0.0260331377368216,4.251571066691628,252.3945672422232,1013.2565589181304,16.140542546341536,7.354081370295434,920.559452926596,0.931530182167878,22.155223489705435,2,12.260331071763584,1,потенциально опасно
2025-06-18 10:01:34,HM-A104,38.85483589977281,38.77090581018189,5.789401226240631,0.0376169006727751,3.9824937070921207,245.46344393960948,1013.4682139617622,15.957705031666002,7.425506004119863,914.498881003646,1.0312957735135202,21.949620940003,0,13.333230063478076,0,опасно
2025-06-18 10:01:35,HM-B210,37.46897798182195,39.44042093825398,6.443151762007244,0.0125253735416141,3.698242666287536,255.1199263921768,1013.2417483751136,16.413028118644206,7.970770280535811,935.9605987775398,0.9731941567562308,20.73383352707122,1,12.995993426417972,0,потенциально опасно
2025-06-18 10:01:36,HM-A104,37.61366414690997,31.48795969405116,5.146370483379919,0.0121940544184371,4.064581306601713,246.93398022285157,1013.938484260916,16.83627311262476,7.082602632512644,863.5936655080322,0.9337472123360718,22.421883149761747,1,13.33531076250462,0,потенциально опасно
2025-06-18 10:01:37,HM-B210,37.137705091792746,34.62675605065394,4.396806145295445,0.0460186606366101,4.508394409898849,267.850593387368,1012.3945766174342,14.195353073709695,6.542738030050113,989.5028588229244,0.906181304361232,24.631574778575956,0,12.398996047156576,1,потенциально опасно
2025-06-18 10:01:38,HM-A104,35.12709563372048,39.80987378162685,4.590064591938469,0.0322239988988895,4.673593712966689,257.1946848246321,1013.902181359134,16.751677333341952,7.367345043479013,943.8463102827816,1.0013607996980314,19.191784179055023,0,13.74820123571859,0,опасно
2025-06-18 10:01:39,HM-B210,35.539457134966526,34.83407435973147,4.712449915508152,0.0228146187684608,4.2961259035822135,273.8423887077056,1013.0766789807,15.616449741714082,7.95875163933291,877.5967746416363,0.9321967070984634,18.84287636801519,2,13.369822416215332,0,потенциально опасно
2025-06-18 10:01:40,HM-A104,35.15714592843367,38.635475225145456,4.899692778983608,0.0195206748012455,4.384751591659633,257.1771957324721,1013.3439122809898,12.353340951540392,6.354427816538188,934.3871580646994,1.0484373288478168,18.23373399580283,2,11.927683926301029,0,потенциально опасно
2025-06-18 10:01:41,HM-B210,38.1820520563189,35.8873152213132,5.928385211518927,0.0434976745429609,3.800924556686979,241.9131206669965,1012.1989231949044,15.408915606061727,6.651995837071206,869.9884758749517,0.9800550560122758,20.546833154881003,0,13.84544066404628,0,потенциально опасно
2025-06-18 10:01:42,HM-A104,36.57177990538163,33.75329907919602,5.802836453613157,0.0100200772012669,3.930995499841474,272.55459411160723,1012.7611518827562,15.433583298024242,7.083761907545362,852.6329076337469,0.9433465494372048,20.36339933954506,0,13.883162580279064,0,безопасно
2025-06-18 10:01:43,HM-B210,37.54285345582351,32.8578355552587,6.0882395847011175,0.0502945584598427,3.7428434150785375,257.8609522465022,1013.5387582929264,16.529302818962634,6.34042926976401,944.5775477820996,0.9986516150688944,21.01573781711051,1,12.245160667270232,0,потенциально опасно
2025-06-18 10:01:44,HM-A104,39.53783236963047,32.032230910860875,5.08750595359454,0.0139624803064964,3.873943025006917,240.34205190717807,1013.413822030198,13.86466066235046,6.0444412790398765,947.2725012805192,0.9412829885157128,21.523170216166644,1,12.955881463962772,1,безопасно
2025-06-18 10:01:45,HM-B210,36.24646114574438,37.61798191377697,6.471992955639935,0.0195744807454059,3.837330170338298,261.1753904978111,1012.0802787763308,14.92455750135909,6.673966244882501,937.5544874205124,1.023041144086462,23.304767958213183,1,13.444305605641713,1,потенциально опасно
2025-06-18 10:01:46,HM-A104,37.05191461517815,33.86540506823028,4.61226298346728,0.0293118197649544,4.279173179586857,247.88583824712137,1013.0931885269944,12.060937755058712,7.730741603002116,877.5224806540035,0.9462354076394912,20.744793733202627,0,13.45190215061434,0,безопасно
2025-06-18 10:01:47,HM-B210,38.777755692715246,35.112754622007515,5.407122242554462,0.0342429369858051,4.344033133686094,272.22028061460327,1012.1765563859368,13.66037621090668,6.08693679864743,940.514478774215,1.0482371598593865,20.31429176552864,0,11.042370634072272,1,потенциально опасно
2025-06-18 10:01:48,HM-A104,36.14399082745811,34.92325480001182,6.402816164624291,0.027749755790697,4.917421131232256,252.66498693232717,1013.9917128583564,12.311218630793904,6.857858118033835,858.476641138678,0.990771717816794,23.788151741817387,1,12.887040899139624,1,безопасно
2025-06-18 10:01:49,HM-B210,35.38489954914397,35.772790292331315,4.540475943197857,0.0260356082492146,3.793355970652285,266.32206790537083,1013.7945931770666,14.609364863824483,7.524401545852164,941.3857533357884,1.0266616723413995,23.948576694575596,1,13.92109789235182,1,потенциально опасно
2025-06-18 10:01:50,HM-A104,36.44875726456884,38.655771456245525,4.3295893412223485,0.0581958006036594,4.462513565242244,234.77681038181183,1012.0421613208572,16.087238252534767,7.90636519382177,933.1025528661428,0.9109223204367634,19.629361750053476,2,11.694041443388514,1,опасно
2025-06-18 10:01:51,HM-B210,35.80610643627002,39.80739343583429,6.651051903063969,0.0420789840621697,4.725888903481284,249.8012173151173,1013.7172991578052,13.032213460645345,7.970950798008864,948.2882246258648,0.9522449126079282,20.20270275897916,2,13.386826577530815,1,опасно
2025-06-18 10:01:52,HM-A104,39.64848826171286,34.07584208573817,5.028788988277588,0.0111716477683694,4.340362195674579,279.16207182361995,1013.8388592011167,14.637205227788892,6.843938761217483,984.3213408628592,1.0106230629249224,23.77581459637062,0,12.602742863230947,0,потенциально опасно
2025-06-18 10:01:53,HM-B210,39.040601897822086,38.27518922106303,6.051610374727096,0.0315087954222156,3.8825054787516136,270.4230144738574,1012.7070964451268,13.020043182553836,7.900768588758235,977.5537157859304,0.9982588526010876,18.555857710084357,2,11.664410633416734,0,опасно
2025-06-18 10:01:54,HM-A104,38.16701878255212,37.645277946547175,4.076045812791816,0.0537504349871985,3.89382534503,237.99704011834643,1013.4390033100956,12.603442339231202,6.070837946561728,997.0981287343808,0.9291364682150636,20.280927462735164,0,11.153113922251988,1,безопасно
2025-06-18 10:01:55,HM-B210,39.35730295093859,35.73528951455573,6.070140665228349,0.0250728093205333,3.5588795796065,243.88820247386275,1012.8842074924156,14.554983959671713,7.491833875997113,996.4361549404864,0.9534304395764566,21.13845074928603,0,13.279765133051022,0,потенциально опасно
2025-06-18 10:01:56,HM-A104,39.01836038449557,39.56047143611933,4.948303934640912,0.0147278172387194,3.9581663398227223,246.49079044281805,1013.3104649691528,12.395743104748638,7.285492069267226,965.8479540060628,0.9395165111231312,19.309501306404,0,11.94941104857448,0,потенциально опасно
2025-06-18 10:01:57,HM-B210,35.93285029443018,32.00474515528403,4.167222560762325,0.0479192385794958,4.61690551850507,262.51827802477226,1012.6806348085964,14.936773155689949,6.499043715172305,993.4629433266592,0.9920055254642764,19.25939937627489,1,12.126758084195314,0,потенциально опасно
2025-06-18 10:01:58,HM-A104,39.462794992449886,31.09264210309621,5.829438284644351,0.040300691596804,3.5712766358106656,267.8497379744828,1012.6451184732664,12.156687303383633,7.014637001359298,980.0925828833668,0.9516852344188164,20.974034406094702,2,12.455693159747034,0,потенциально опасно
2025-06-18 10:01:59,HM-B210,37.696711209578254,38.53961966955422,4.722411448219519,0.0385156253913251,3.828942923757246,267.4763304403955,1012.8488677777152,12.533574859341876,6.259107475520992,959.137367484246,0.9463581363000524,23.281652073143988,2,12.521584708913924,0,безопасно
2025-06-18 10:02:00,HM-A104,39.03720077582031,34.391498166337485,5.16042172615564,0.0126788279803703,4.559348747797673,255.49370281532012,1012.291135517305,14.749987427436787,7.743194301903122,861.3076381965633,0.9311066970654512,23.881630856833397,2,11.618556730911234,0,потенциально опасно
2025-06-18 10:02:01,HM-B210,39.48045649961747,38.46968854207061,4.241742436859541,0.0170249504897758,4.673977344234315,270.5410268919076,1013.6622779288708,14.95703706449457,6.715796171091296,857.3574832404831,0.9613540681371971,24.854645647753213,2,13.011925970565413,0,потенциально опасно
2025-06-18 10:02:02,HM-A104,36.59001737485932,38.93090205195415,4.441489753284836,0.0411274698106556,4.182977615092892,251.8539041378737,1012.6973957907232,12.144934650468793,7.252088940931433,975.6399351258656,0.9293253885294832,18.517888350642032,1,13.07761993986762,1,потенциально опасно
2025-06-18 10:02:03,HM-B210,35.550259622638386,30.62457593619072,4.893931706487531,0.0203911920729417,4.547111507717974,236.1940282647781,1012.8002991078116,14.866883940007792,6.317552572574525,923.4483786807548,1.0443854381066449,19.51677540802195,2,11.42690277349773,1,безопасно
2025-06-18 10:02:04,HM-A104,36.13967581270971,38.834647629860605,4.269278501680471,0.0352035039874212,4.081928252982338,258.22209208269066,1013.7881092254042,16.192512626618186,6.412329689262414,972.1910026562382,0.9231752717242956,23.296408896689385,2,12.598728619737743,1,потенциально опасно
2025-06-18 10:02:05,HM-B210,37.13553894313128,34.48319055369422,6.732478794058945,0.0372440843014696,3.739869867536192,277.6150692300553,1012.9932476281264,15.61158088646977,7.983912741606304,896.9377405982829,1.0369957072438163,21.784190942389632,1,12.82777804468188,0,опасно
2025-06-18 10:02:06,HM-A104,39.090073829612464,35.10432489004232,4.018141129551935,0.0241753595135469,4.09722424028436,269.64968256962555,1013.0885078187016,12.655925519603992,7.506172788882658,909.647478748452,0.9642709647234872,20.293758417736928,2,11.558754630200877,1,безопасно
2025-06-18 10:02:07,HM-B210,39.30365291628172,36.2659251109321,5.451580656592935,0.0574212577770746,4.369951730304714,258.9350323846121,1013.9129962495542,14.962373237818074,7.923943739548141,955.0280081517898,0.9566798987342584,19.439127628730706,2,13.683386379587944,0,опасно
2025-06-18 10:02:08,HM-A104,35.034760652655955,39.26382606730087,4.369742374397655,0.0521232053417787,4.922079922779336,262.34028301745485,1013.77345276629,15.361262500371067,6.591702330424088,987.299010539814,0.9346979701357272,19.963342861497136,1,12.448477583525865,1,опасно
2025-06-18 10:02:09,HM-B210,37.55373651288783,30.19116094429764,4.923037268433846,0.0461186753816399,3.603126428133016,276.5281013517786,1012.3389334177768,12.18615600876146,6.329125753239641,863.1642211718329,0.995363450155128,21.005022652106664,1,11.345085072998051,1,безопасно
2025-06-18 10:02:10,HM-A104,37.08705501574389,34.76843468317817,6.778178679454797,0.0138996933204704,4.261091140767441,251.417139721748,1012.9464300598362,16.276738343418113,7.006136926957662,979.2217216951908,1.0028292022516254,19.24005853654223,1,12.003188532863584,0,потенциально опасно
2025-06-18 10:02:11,HM-B210,36.11053905235365,36.877220424305605,4.48508365982196,0.0153065009654509,3.9933796673160864,246.56970694713183,1013.942592454857,16.53133698644915,6.989336564454687,968.9519087319048,0.9701356443378626,24.74958169113725,1,12.430881344823964,1,безопасно
2025-06-18 10:02:12,HM-A104,35.59932683666841,37.22706957698229,6.8974969591549975,0.0346390672932477,4.262467541415042,278.8620782500225,1012.7447325964572,16.252261366811293,6.349893027515976,897.3308906094782,0.9083560343540136,18.75311911219912,0,11.030432459242112,0,потенциально опасно
2025-06-18 10:02:13,HM-B210,36.68807585701814,36.92532431537108,4.617383130968265,0.0180356674595492,3.5359631710647976,273.17215667551665,1012.7431462170324,16.123157339945564,7.46643913916282,903.282492119734,1.0377765226032825,24.899042041424533,1,11.095729627092425,1,безопасно
2025-06-18 10:02:14,HM-A104,39.7145485195626,31.344351294081218,6.224698325400489,0.0589132731764737,3.969538032052372,246.15217923093013,1012.3900604635784,15.724825992304469,6.723555068877468,856.9692215832864,1.0470493699314571,23.89325300200471,2,11.166561785931854,1,потенциально опасно
2025-06-18 10:02:15,HM-B210,36.61601466010378,32.993955883716815,5.640031794691935,0.0179260117013704,4.729802221290507,253.18902986804613,1012.2286462282384,15.1671601564098,6.3727304618610345,852.3610916675077,0.9646565122817752,20.96206132259617,2,12.6144056776983,0,безопасно
2025-06-18 10:02:16,HM-A104,37.59395310871683,33.587155254170135,6.653436182790277,0.0343733917731986,4.330912600781956,250.75390645039,1013.480609581512,15.39313502494126,6.663966789086577,921.5509189536592,0.9920491211113992,23.17871434071747,2,12.008264588712564,1,потенциально опасно
2025-06-18 10:02:17,HM-B210,38.515094794475885,38.04437207679505,5.661979766509393,0.0282060528420752,4.175873739224176,237.4547839335717,1013.540060937403,16.031976466674916,7.12731739927003,864.3309468245966,0.967544793936562,22.7006067058747,2,13.679312144167998,1,потенциально опасно
2025-06-18 10:02:18,HM-A104,36.81814801189647,32.78759872414553,5.603677657468926,0.0419693210727048,3.928287607573009,277.89096619066294,1013.938025927006,15.312492291806524,7.452941864360886,879.100272162282,0.948281947632918,19.49300842564252,0,12.677701616986685,1,потенциально опасно
2025-06-18 10:02:19,HM-B210,39.8589104136048,32.10704963867203,4.5863740011052,0.0164518204444712,3.947063784187034,250.21562156098796,1013.5468364218108,13.638634783410357,6.963781772114969,977.0150799289996,0.9115978189286712,20.373490602832625,0,13.279688986462734,1,потенциально опасно
2025-06-18 10:02:20,HM-A104,39.81223647471056,39.57448019038096,4.498688086154976,0.0315158214021195,4.074652150385877,273.7664541318954,1012.4867049880672,13.879805510806769,7.051189979656747,935.654258687568,0.9684101595595948,21.591857939638206,0,13.061399530265216,1,потенциально опасно
2025-06-18 10:02:21,HM-B210,36.25891147912682,30.08863285113469,6.749467453346543,0.0237352516403571,4.753356064946841,239.46781138403327,1012.080233156577,16.48528734186146,6.277891871885497,945.044865589917,1.0227576834539178,22.46490925921409,2,12.560962181713176,0,потенциально опасно
2025-06-18 10:02:22,HM-A104,37.486242529461926,39.97820855681978,4.983514596550102,0.0543875762335844,4.950819810212403,257.393540531861,1013.9708747687392,12.08561042898581,7.829381849416464,878.121899624788,0.9025547191632004,21.800264869496356,2,13.234161319295374,0,опасно
2025-06-18 10:02:23,HM-B210,36.50439154908385,36.76821298857396,5.116246764888688,0.0120292856067347,4.157983072025562,231.1980692562135,1012.6809013910872,15.49410290622141,7.857448395984089,974.2992706681628,0.9873161524770334,21.31091222704532,1,12.634117108603188,0,безопасно
2025-06-18 10:02:24,HM-A104,36.42420247188734,38.28469299449117,6.279470975285165,0.0556863747003229,4.090029258121643,268.2110241921154,1012.6239430848648,16.773887762126076,7.366853180836007,980.1969658659622,1.0321158163090034,21.1020659141843,1,12.15636891557135,0,опасно
2025-06-18 10:02:25,HM-B210,35.184434736772666,32.94619396346193,5.016470447268422,0.05164970692765,4.769826163729794,259.04569491231393,1013.8119104194988,15.531140849789868,6.035262817868049,928.4991390569566,0.9326324145021536,21.48785149506513,2,12.307414497522943,0,потенциально опасно
2025-06-18 10:02:26,HM-A104,38.04782166989949,30.1431527766706,6.856187339917009,0.0248785358220407,4.140357980954455,261.27947917348763,1013.17019979709,16.96955994115891,7.074148431806652,986.883665781799,0.9274883797033594,21.040460638921797,1,13.515504018631644,0,опасно
2025-06-18 10:02:27,HM-B210,37.51339511614431,37.3786951856153,6.213783306996401,0.0494645327338552,4.328027258443477,232.58604412773263,1012.4297423476984,15.437724527641654,7.258437944177227,976.7242937431872,1.0158414938552915,21.78931054282001,1,12.68982067437064,1,опасно
2025-06-18 10:02:28,HM-A104,35.25739375624995,38.34144597000676,5.79228772772026,0.0115606780169373,3.846412496898117,240.5519165104308,1013.7781924854324,12.171815146084306,7.98930844591622,959.6986265011656,0.938262964667894,24.215897093326667,2,12.131888444486949,0,безопасно
2025-06-18 10:02:29,HM-B210,36.393232321183056,37.40476131953519,6.642685481634258,0.0583432775146696,4.615253803668613,233.716543617679,1013.9867217101096,16.135049408234618,7.992133910389594,960.1113873540444,0.9287976401340972,22.42980519138228,0,11.539229454758743,0,опасно
2025-06-18 10:02:30,HM-A104,39.54132942983327,31.428502873008387,4.148817725048448,0.0363297471294894,4.297982477406173,244.44571579019055,1012.1733571223016,13.423149559696595,7.715222470651115,865.8090210926295,0.9566983875853852,23.05834612491978,2,12.486073526605116,1,безопасно
2025-06-18 10:02:31,HM-B210,36.19780945333486,37.534279222569694,4.771188076567626,0.0251640513032722,4.713551825360512,261.37195038410755,1013.724503256605,14.230286128322206,6.127661984052227,890.6254056543498,0.9588753018405328,22.18238193611544,2,11.757212328597424,1,безопасно
2025-06-18 10:02:32,HM-A104,35.724474360456114,37.68922782107641,5.39510900266273,0.0281291606297338,4.6710990950430045,258.30929921586875,1012.7810313953688,13.56045957953541,7.90655278155746,860.0270829726514,1.031115159452485,22.501123776898016,1,13.86673963438511,0,потенциально опасно
2025-06-18 10:02:33,HM-B210,37.44726380138781,36.58540515670055,4.680935618414563,0.0133202676730248,3.8225071524050422,260.6074910806695,1013.0481448930134,13.342770531048398,7.225322494303998,851.3021813839463,0.9927665207900516,22.04844879913726,1,12.472946253953264,1,безопасно
2025-06-18 10:02:34,HM-A104,39.928252270553,37.661159327955865,6.231715561906456,0.0594674757021019,4.573453325836644,257.4625635688947,1013.82963195153,14.157028518348929,7.601773540958359,873.7464297075866,0.9608942184509384,18.188065655370764,2,11.02684482166777,1,опасно
2025-06-18 10:02:35,HM-B210,36.210276357557504,38.45921439677732,6.757624093161176,0.0119645972575346,4.700081611927057,243.65143978379297,1013.9467583915502,13.89375724220337,6.814385699371707,982.0730773970412,0.980158194642865,24.99718867540014,0,11.278631568483425,1,безопасно
2025-06-18 10:02:36,HM-A104,38.36067773702939,36.13604114237458,5.27131035979277,0.0427453561573929,4.019160861173592,242.2253748672213,1012.5243278208176,15.166692909212948,6.63933894246918,885.9811088554077,1.0430947849987913,18.23526468149028,2,11.852973475131629,1,потенциально опасно
2025-06-18 10:02:37,HM-B210,38.80809807664359,30.886047139696792,5.026397800335685,0.0321367963853229,3.758913669353412,236.85298417682907,1012.4257015419198,16.065756004937555,6.926488290967616,995.5230943887584,0.9169822014914843,20.76603605763557,0,11.276488525094932,0,потенциально опасно
2025-06-18 10:02:38,HM-A104,36.188187719962,34.87627809667211,6.8846521964126985,0.0574458109094357,3.5039482333693823,272.4535437451746,1012.161033117183,13.485443265936205,6.293749025937654,939.5936499341808,0.9311573282587038,18.73580974809253,0,13.681886676486204,0,опасно
2025-06-18 10:02:39,HM-B210,38.641081743059296,30.77649334671605,5.334557298482622,0.0222999870153397,4.176355479639723,260.8239679270622,1013.1235957053244,13.068605764110089,6.714132277506613,885.5887731452035,1.0443793059879831,18.678499153086527,2,13.563054700401592,1,потенциально опасно
2025-06-18 10:02:40,HM-A104,36.83891566359627,34.07543031032431,5.46714520134785,0.0366043411969005,4.028649097308263,239.325550625203,1012.0272087909012,15.334476354351713,7.715234999536557,924.569620522632,1.0435987272790808,23.554688661721386,2,13.912584526630267,1,опасно
2025-06-18 10:02:41,HM-B210,38.16152915296789,34.07106489125628,5.054949617025716,0.0341178104291376,4.332364750738114,238.860468991062,1012.8237965952198,15.351600329153907,6.075900972521763,882.8642234050174,0.926574813189716,20.98148045550654,2,13.11939684303143,1,потенциально опасно
2025-06-18 10:02:42,HM-A104,38.16764855380448,30.66009844140241,6.728645419036415,0.045143322202505,3.7820616388831785,273.65178007630686,1012.146768033304,16.50565619643086,6.3017560936492085,997.596033727356,0.9217663225687948,23.607970958091357,0,12.936393638636048,0,опасно
2025-06-18 10:02:43,HM-B210,37.67887342037379,33.488205339694794,5.706866449845553,0.013400511597621,4.789498321499712,267.13654318816594,1012.8104515658588,12.079728432266554,6.250232319298971,977.0897475857446,0.963162770150793,19.90950529476582,1,13.77048991368733,1,потенциально опасно
2025-06-18 10:02:44,HM-A104,35.451448850272044,31.109980987913147,6.286523761544935,0.0196894565011677,3.886632823442164,262.9699539952685,1012.0798643785312,16.26520331058255,6.806151085400456,853.9358183173493,0.9074577438731954,19.79523954264364,0,13.839179434418972,0,потенциально опасно
2025-06-18 10:02:45,HM-B210,39.17651247794619,38.08235210009222,6.435420155052659,0.0207282410046424,3.839644407631475,250.343205376965,1013.6704345212175,14.605010864741786,7.993973801781723,992.1664047201208,0.9982355298427712,19.75861967270124,0,13.632463528650808,0,опасно
2025-06-18 10:02:46,HM-A104,36.60390032485868,39.47688025964471,5.025547125751775,0.0469075377420844,4.221071084726534,243.09877821392587,1012.4194779878771,15.106510445860494,6.346715860422766,958.159766095433,0.9116244032492612,22.31301938485544,0,13.584418531459468,1,потенциально опасно
2025-06-18 10:02:47,HM-B210,35.93259255199927,30.723164752579383,5.30108299396114,0.019456934816337,4.248276535616411,278.9725381556412,1012.656617420716,12.456857202807074,6.29096529919852,862.3571878031918,0.908704444064142,23.7049957289192,1,13.015109766331184,1,безопасно
2025-06-18 10:02:48,HM-A104,35.20387570777382,39.55115207291701,6.545415323218794,0.0386745881945488,3.82262784317764,269.86197875114,1013.7400959932128,14.163074664360227,7.830111459552309,950.5956619489668,0.9727780404313274,21.165827070526685,0,11.004817841718934,1,потенциально опасно
2025-06-18 10:02:49,HM-B210,37.95446471594121,35.22576599336745,5.089766055027431,0.0207621910250476,3.9077910900888737,245.0889611568138,1013.4925321226644,13.136512036192618,7.764101033931931,947.0390046948528,1.0436679954165151,20.65474223448758,0,12.288551150988958,1,потенциально опасно
2025-06-18 10:02:50,HM-A104,38.38782180921141,32.99565677953874,6.381805400355554,0.0530812475041989,3.754557858732867,272.3782398139247,1012.438076723284,13.271125150412546,6.064480739993109,882.8183118711376,0.964019390409474,24.815056879411543,0,12.906988313538044,1,безопасно
2025-06-18 10:02:51,HM-B210,35.08293914463928,30.768620752761635,6.822976967723312,0.0571092727244819,4.57769026748475,267.9465974307341,1012.143798837315,14.520475573380136,7.50341192035863,963.7670050011365,0.9534721737990828,18.817278252081472,1,12.641382141333814,1,опасно
2025-06-18 10:02:52,HM-A104,37.560465291496406,35.006242680704176,5.869631119204021,0.035924648747112,4.655133546881123,244.8540274938999,1013.4313475537108,16.062279752015563,7.310931402952859,863.0597054969451,1.049693507325343,21.406428774314247,0,13.463379889672616,1,опасно
2025-06-18 10:02:53,HM-B210,36.13247887598969,37.945155444907485,6.224881862355667,0.0276154442104589,4.193492746188924,251.327642712082,1012.7814051013762,15.71890465072428,7.535481619705418,923.4167771846872,0.9797953441168776,20.85941427227004,1,13.456706829542387,0,потенциально опасно
2025-06-18 10:02:54,HM-A104,38.22586395204725,37.07086477266698,6.415291936123404,0.0217028887508749,4.571130534027526,239.29767226955133,1013.5321599982364,14.954999795429767,6.989004909591844,851.4884810744632,0.9562862110335372,18.68688617610823,1,12.796046028384817,0,потенциально опасно
2025-06-18 10:02:55,HM-B210,35.87183214502496,30.50226011463974,6.535118946689927,0.0124890500761521,4.603903087906168,235.55262221890547,1012.8905895447504,14.697090963767335,7.982758436896591,995.310623334212,0.9578791220012404,19.87740253461753,2,11.06598215977719,0,потенциально опасно
2025-06-18 10:02:56,HM-A104,38.45468869051233,30.729018353679034,5.185160013570388,0.0234250038098747,3.707413291516713,266.13810164198486,1012.6920048259444,14.13653021617245,6.087694037421926,962.7345447665364,0.9292439244050266,18.199088488053786,2,12.107989857004153,1,потенциально опасно
2025-06-18 10:02:57,HM-B210,36.933676731502686,34.02873282632637,4.1537903775279945,0.0427117889972658,4.949267037251805,243.3755928676933,1012.9024108164248,16.86354986780693,6.468743172807612,873.8278114239484,0.9768334586171308,24.1386800228807,2,11.686449756030422,0,безопасно
2025-06-18 10:02:58,HM-A104,39.68364994368368,32.952904940479435,5.205628813710218,0.0366808465654605,4.731547920644647,271.0029682873127,1013.4971179713414,14.800962771171166,6.79309197394723,901.2511059926924,0.9658282542252008,22.25494670293281,1,12.016364326265752,0,потенциально опасно
2025-06-18 10:02:59,HM-B210,35.687604720729965,32.32384323056048,6.0212686893522696,0.0572020639140463,3.8067251917937353,279.7804355757213,1013.8044405730808,13.26983199156111,6.899555883131407,874.0843566712265,0.940619294452112,23.705129485091756,2,12.851877963548183,1,потенциально опасно
2025-06-18 10:03:00,HM-A104,36.705331755251294,32.81004498908714,5.351051157342378,0.029813863124585,3.7792475536191055,233.83099069648244,1012.0995343931772,13.150453960200196,7.842734805399037,964.9926196193971,0.924081012990264,21.65088116682093,2,11.199385708048183,0,потенциально опасно
2025-06-18 10:03:01,HM-B210,35.56736760620294,38.03482743296885,6.246889452581195,0.0446931671164197,3.688491718369374,253.65175625418505,1013.048223082454,15.056765153875707,7.1200087281545175,858.8344488141573,0.9466858303001332,22.196568805953262,2,11.066726147146914,1,безопасно
2025-06-18 10:03:02,HM-A104,39.623468091392816,39.29228053631854,5.070947288405992,0.034466137373756,3.707567843812877,270.1031279655401,1012.0656708581678,14.614137636554643,6.090221991040788,976.0609983345572,0.9763024991531596,22.90598134466416,1,12.310618747940913,0,потенциально опасно
2025-06-18 10:03:03,HM-B210,39.386696766904905,34.051026945275666,5.904232423312089,0.0356288107962105,4.622242698543044,269.4475448270617,1012.9368190900487,12.038489014773564,6.815725926851323,991.3294508253596,0.9087499908427202,24.356081392249504,0,13.380721496742934,1,потенциально опасно
2025-06-18 10:03:04,HM-A104,36.289708138575776,39.06111002132497,4.559259414561923,0.0233887157302058,4.204481385427435,267.9998579165484,1013.7705656581938,16.150326860978897,6.83298082473814,951.494191420945,0.9230616042875934,18.64226321478092,2,11.092095723795657,1,опасно
2025-06-18 10:03:05,HM-B210,38.2999202301709,33.21495701247882,6.248108309934871,0.0327475388420999,4.674401259109801,247.44974676509557,1012.7231805328406,15.520611771162171,7.9309818768755695,881.9448175002151,1.0421485900453644,20.316638763150088,2,13.54714575527919,1,опасно
2025-06-18 10:03:06,HM-A104,39.08611100100608,34.76436986343791,5.637087906439078,0.0335392498506353,4.619382341525308,252.6926627842526,1013.8649008421612,15.309146448390518,7.198394182042216,904.0135143720328,0.9814283026547008,22.9631833349,2,12.151638898250024,0,потенциально опасно
2025-06-18 10:03:07,HM-B210,37.77600405799731,32.26028997816,4.612193165639802,0.0453321260874466,4.406919070257833,259.7484178670735,1013.2612169433012,12.343903288488296,7.271302142317878,921.5859812213396,0.9095173955490056,24.70845394100975,2,11.354706286836356,1,безопасно
2025-06-18 10:03:08,HM-A104,37.64825289178003,36.40476042175844,4.875733520493422,0.0570319999593056,4.529549909868019,278.6970291786629,1013.868310687586,13.810279250862456,7.426506062502542,940.693715830338,1.003963163815436,24.86565199943004,1,12.702493186394308,0,опасно
2025-06-18 10:03:09,HM-B210,36.20926145450226,39.78981115174809,6.245826125745497,0.0264660638741252,3.5275335865687127,246.37736354692464,1013.5143332508252,16.676911303663932,7.5400786313642465,950.2994634717533,0.9092704305118552,22.46672106396084,0,13.857081684273227,0,опасно
2025-06-18 10:03:10,HM-A104,35.4655138390295,36.03493096043378,5.447803706984562,0.0121100234290649,3.967666470207533,276.1571943858429,1012.2068703332976,16.31294620670682,7.270102140404978,933.1322072978325,1.010831134056956,19.35518934428407,0,12.627538697116446,1,потенциально опасно
2025-06-18 10:03:11,HM-B210,39.48607878976664,33.578140841135486,4.648094321179217,0.0348147562750319,4.456733268889115,243.4678459090247,1012.4623027351254,13.427714689347669,6.474388702267871,902.6970881232784,1.012494408258004,18.834462379897698,2,13.059904267357917,0,потенциально опасно
2025-06-18 10:03:12,HM-A104,39.50209028581665,36.47817445990528,6.9018135711108926,0.0372230666074584,3.5140174302293663,279.4537232736852,1012.788340909167,12.785294420495694,7.748091828682329,983.6375920847354,0.997661846362388,24.622305509962978,0,13.44926386067306,0,потенциально опасно
2025-06-18 10:03:13,HM-B210,38.16550728636634,31.22920678465388,6.145375059450664,0.0184220275565957,3.54946541552389,263.5131843413796,1012.3402137640242,14.245439785842883,7.46423960082126,862.2088087026938,1.0098306816929026,21.03749382623755,2,13.39802036674226,0,потенциально опасно
2025-06-18 10:03:14,HM-A104,36.6951489552435,38.886590802653984,6.871404497619388,0.0480232303138033,4.777831973705575,253.17557401792757,1012.9898232095532,13.779151893338303,7.483740970193912,919.9384081365242,0.9131948671519586,19.363712232838797,2,11.21935618554122,1,опасно
2025-06-18 10:03:15,HM-B210,36.7460478730633,35.03083950779836,5.28131513608103,0.0592464554220745,4.526037292538108,260.6695214031802,1012.942736311403,15.411131883529954,7.993113478469498,966.334725770122,1.0090170828532905,24.53724761044321,0,13.222986239692776,0,потенциально опасно
2025-06-18 10:03:16,HM-A104,38.6297783943512,34.49349742039642,5.425301022075161,0.057288735850423,3.898054599680516,243.62655845201036,1013.9125183960548,16.8321740504216,7.605053069726631,859.1308997937101,0.9205032479585824,18.731669900950184,0,13.848348697618624,0,опасно
2025-06-18 10:03:17,HM-B210,39.48555129976289,35.858647884535195,6.693865648555057,0.0198553019411826,4.531944260178063,243.7086928755733,1012.867455765792,13.815007249912806,7.658302806310306,955.8002825216952,0.9509258860907766,23.106997677999527,1,13.101956701941733,0,потенциально опасно
2025-06-18 10:03:18,HM-A104,39.43543212132559,36.247838627894026,5.575148020736154,0.053768161995038,4.688685003708895,235.6777271921747,1013.571253608576,12.31112086326121,7.902811031420317,972.9567434129988,1.041411788025095,22.37684119280334,2,13.509328681131404,0,опасно
2025-06-18 10:03:19,HM-B210,38.89937772928812,30.71775806226513,6.121836735717002,0.0452246818205842,3.960191424665152,235.70251488526995,1013.8838210897028,16.488070041711925,6.302267999697788,949.1246947790578,0.975431321648871,18.61414265066624,0,12.45664910303336,0,потенциально опасно
2025-06-18 10:03:20,HM-A104,38.21015823077144,36.82617221223403,4.75651863248659,0.0326923281903455,3.554056066248781,247.3835870734456,1013.753977661948,12.189748651199354,6.995454752956135,851.9405338413034,1.045113964812452,20.37124156947609,1,11.957207979118614,0,безопасно
2025-06-18 10:03:21,HM-B210,35.420699824975244,32.4193168031553,5.3401794061079215,0.0370305497162364,4.899168687031602,268.14277389481856,1012.4173352490232,16.763829485766664,7.161134047181575,877.020554069831,0.9133383688330108,19.04951482678008,0,13.028717669272622,1,опасно
2025-06-18 10:03:22,HM-A104,35.80814357047307,37.1395263250659,4.3703495974310655,0.0524800087491229,4.017769757443446,260.39855837990814,1012.992059788507,15.3228971400452,6.658551458444915,901.3169618337926,0.9716334899344772,22.231490147732128,0,12.476599934358246,1,безопасно
2025-06-18 10:03:23,HM-B210,39.4927709426354,38.22534794384197,4.617940107630885,0.0340067469819186,3.65972264492706,235.12922801655105,1012.695479564592,16.708446042209744,7.678806687789011,885.0535053457069,0.9093603480415308,21.339791221742,2,13.685866568943217,1,опасно
2025-06-18 10:03:24,HM-A104,38.03214529829795,38.0395850755252,4.002830245802893,0.0286603684552563,4.237785307089721,272.6118262487955,1012.7997173902744,12.99829843324489,7.524839243291447,994.397821034114,0.9945315393598928,18.02992587262344,1,13.923145905781578,1,опасно
2025-06-18 10:03:25,HM-B210,35.04598525808315,35.52500967407889,4.117795154945981,0.0346623746512992,4.6527016934962,260.06838134950334,1012.7216136524916,12.20349897626904,7.441766149016248,947.7390871170692,0.9118060502052776,24.82997396398736,2,13.459406202527004,0,потенциально опасно
2025-06-18 10:03:26,HM-A104,35.50735771433016,35.201698923107514,6.931851469530788,0.0389564902017524,3.832470971926339,278.04277883923896,1013.65271842035,14.44104989138246,7.994298879516334,894.5456436027356,0.9263051703810566,20.44709254922678,0,13.978038852456333,0,опасно
2025-06-18 10:03:27,HM-B210,38.31750884554028,31.42875961339412,4.727061085410287,0.0194538826889174,3.904235075200045,263.5092733705604,1012.904278110245,14.253117072850626,6.5187627468167815,989.4546247998168,0.9388245465103922,19.80743074985935,1,12.04511179518291,0,безопасно
2025-06-18 10:03:28,HM-A104,35.025307919231096,37.75346150403136,5.989932128512006,0.0550453865133495,3.8640724801978745,238.75874318520903,1013.0473886644894,13.657461366274417,7.470914503350842,961.089129921428,1.0123115777496725,19.55710069055872,2,13.68726613626345,0,потенциально опасно
2025-06-18 10:03:29,HM-B210,35.80404025708749,32.71409380446714,6.517299096398835,0.0437093474414806,4.987509579247517,253.6891681153911,1013.9648947140942,16.788282371943488,7.102808949811801,892.6910817740563,0.9245943178227112,19.111711273214976,1,11.98980088639214,1,опасно
2025-06-18 10:03:30,HM-A104,37.74366894683293,34.96695422817947,5.651981377709693,0.0416634458668744,3.796105600595814,262.4248798773602,1012.119958544383,16.11291866080716,6.625978364987752,906.8322354102932,1.02699480799396,24.993959533515568,0,11.35411422591786,1,потенциально опасно
2025-06-18 10:03:31,HM-B210,38.45947598846347,32.842740929275166,4.459433500251869,0.0149748113090319,4.363280325449186,231.4132350524989,1012.9759152795816,15.307910106877966,6.321173741446252,879.9143287455935,0.9197855908246202,20.065766275171235,1,12.864121085934348,0,безопасно
2025-06-18 10:03:32,HM-A104,38.259806297513,31.33828362999693,6.184349312008499,0.0402086969086295,4.887896962485447,230.7455132077404,1013.5481234138922,12.81429145818914,7.7917676741350945,995.6610997398732,0.9052866673605234,20.83859448056997,0,12.364965902935989,0,опасно
2025-06-18 10:03:33,HM-B210,36.1213465473028,36.295576968917366,5.800754230298749,0.0160480331119246,3.7203448533166688,236.4701500299284,1012.3023239163764,15.671617041092624,7.190910965415691,927.5944743835108,0.9592568128454502,24.09949141324662,2,13.765097700291854,0,потенциально опасно
2025-06-18 10:03:34,HM-A104,38.56089610673768,30.54332034822904,6.193751768042125,0.0139348837597699,4.95628129680155,242.58322175227357,1013.2230631892296,15.63506227349862,7.649867675281589,984.4085031246976,1.0469162462956942,22.493212524800143,0,12.476581662734043,1,потенциально опасно
2025-06-18 10:03:35,HM-B210,36.186245437484,37.486452341262,6.309239868571261,0.0363655447821196,4.921215851593437,251.47745617603377,1012.4789295590688,14.125340868080038,7.0906899680030895,901.9749656525272,0.9165513341683166,20.580860882216907,0,13.782897737942909,1,опасно
2025-06-18 10:03:36,HM-A104,36.62699849079634,33.17586795261116,6.926231103054235,0.0301392767023247,4.826857980587394,254.3720236879894,1013.7348082264492,16.623929548570068,6.439954161308039,979.1262404646212,0.9152577666059444,24.28829905146697,1,11.235901601585308,1,потенциально опасно
2025-06-18 10:03:37,HM-B210,38.73245702559012,30.001346930044853,5.72068984008013,0.0394405135078111,3.8218347819950034,236.90138044689485,1012.6541993308,12.834889411145053,6.6750976262006505,858.0830272640746,1.0126749766193437,23.2480694154952,1,13.491535507239004,0,безопасно
2025-06-18 10:03:38,HM-A104,38.24816449523608,35.111291392372294,5.0249233380718055,0.0144611084028619,4.451082584016475,263.6695789557916,1012.6581256338018,13.336687812058322,6.763077684947093,997.3135476286432,0.9468242540990348,19.595303552791897,2,13.277342805393149,0,потенциально опасно
2025-06-18 10:03:39,HM-B210,39.24611705247089,30.468519085276032,5.945393670700711,0.0315491531423629,4.64133720944186,259.8069030848268,1013.1963877570358,12.316121696253168,7.945869625007404,986.8051550549952,1.0075922425838575,22.506172962199443,1,13.159934820435629,0,потенциально опасно
2025-06-18 10:03:40,HM-A104,38.28806446150172,32.76169557820899,4.205322127727879,0.0187393357522578,4.979041892294644,244.723204942058,1012.3671258162398,15.977254790887937,6.011266556762765,904.4804417164984,0.9300015884165044,24.45678948804681,2,12.06540756520637,1,безопасно
2025-06-18 10:03:41,HM-B210,37.84154301667736,37.069764874557166,6.692191954964759,0.0593550042962058,3.770635733122056,230.6829941717646,1012.569777277806,15.108796930476986,7.971332046049014,966.2083247971866,0.9690107991297244,21.47522614915289,0,13.351278907992723,1,опасно
2025-06-18 10:03:42,HM-A104,35.46837383914046,30.626896216218658,4.35814303401459,0.0380575106217587,4.649038849278945,233.88239576766452,1012.8332637002388,13.574701528406248,7.960923270219661,962.838688971074,0.9397934816623376,23.13528681982167,0,12.449889737734331,1,безопасно
2025-06-18 10:03:43,HM-B210,36.83857901529717,38.39338492356002,4.983528513657455,0.0443718430470433,4.00820175489067,249.584738775542,1012.7072757262804,12.819068317971578,7.992301581060273,985.1882195654398,0.967729232231863,24.797726207924114,1,13.145610532654304,0,потенциально опасно
2025-06-18 10:03:44,HM-A104,36.32601183840863,30.03819922658583,6.447236141878363,0.0262709140341303,3.7634396983520033,237.6987175582842,1013.0497544360112,12.200738850143702,6.953176357839269,896.0882471693217,1.0153645638877955,22.832898986266493,0,12.656681440355513,1,безопасно
2025-06-18 10:03:45,HM-B210,36.21994821689542,32.46823869201902,5.791937134992136,0.0147369457389672,4.132065411820783,248.84098030739852,1013.199280288138,12.833727843129685,7.927617939241999,919.8280007971224,1.0143014910716492,18.71707082836257,0,11.472319113600234,0,безопасно
2025-06-18 10:03:46,HM-A104,39.86505277376223,37.40904056152071,5.180906560832327,0.0587935431391768,4.690753868222925,261.40913022551774,1013.1333349075004,14.266423231688291,6.791198363699655,979.749941890908,0.9773658431510586,19.711916856519025,2,11.193675770519906,0,опасно
2025-06-18 10:03:47,HM-B210,36.965488623333805,33.16270149729307,5.420306978125064,0.0243129517691591,4.197274705556078,257.3618713939642,1013.308336623984,13.23588484505303,6.052588881336773,966.7869181202824,1.0392557765581576,22.16567506139854,1,12.098559953610213,0,безопасно
2025-06-18 10:03:48,HM-A104,39.460232775885565,31.018923880660136,6.563642179606541,0.0311904092586787,4.306284650304573,241.5587941568697,1012.6154990332157,13.294910887159832,6.448694372743529,909.020007811042,0.9395676153672412,19.928890707603344,2,13.798366468837546,1,потенциально опасно
2025-06-18 10:03:49,HM-B210,38.15569312998632,33.60233918800428,5.020013158179676,0.0424931960851287,4.992739115300182,247.19112456293763,1012.25285245431,16.37788183333857,7.890592489874769,976.8587849368184,0.936046702667885,24.70279193772398,0,12.58920506246466,1,опасно
2025-06-18 10:03:50,HM-A104,38.97405651770824,32.70393286384525,6.608949054436514,0.0112348648843055,4.098663949336139,260.7015599224325,1013.521615082862,14.575688367305505,6.0275293866708,857.0431058848602,0.9920709601763152,20.837464238155217,0,13.406576202850612,1,безопасно
2025-06-18 10:03:51,HM-B210,37.51318546552596,38.42711902160555,4.264403292930075,0.0505129565258643,4.423101132063859,273.0427514021724,1013.7015607652612,15.646259865642072,7.09198827084595,967.3069454444484,0.9931945551325184,21.20061284012656,0,12.727859211946496,1,опасно
2025-06-18 10:03:52,HM-A104,37.88451942313179,33.133479175851434,6.330395311625892,0.036828909501431,4.047866302423058,267.66067193694386,1012.5140124644448,12.178554745140715,6.151203177789358,881.0148789150551,0.9069810059347462,22.91121465429082,1,13.873715858820312,1,потенциально опасно
2025-06-18 10:03:53,HM-B210,37.46258846909432,37.88932471776008,6.542642899164209,0.0239108593534411,4.089178469493057,257.67000134167074,1012.814183912316,13.825816778390143,6.572793156855157,892.9181361735681,0.9911666568580346,21.66974811939312,0,12.108366686463803,1,безопасно
2025-06-18 10:03:54,HM-A104,35.976214938990225,38.91872144810735,4.5454529585120165,0.0130803992646234,4.543461130168112,248.11464991582432,1012.9971384339271,14.395846736977209,6.1761857014237735,923.9822265393392,0.9561654236023522,20.675021768221377,0,11.17115136613392,0,безопасно
2025-06-18 10:03:55,HM-B210,38.61226057630753,34.3381741957653,5.291039597116601,0.018124920773722,4.906830464142326,248.25256387709027,1013.066653685506,12.932084276050924,7.719057242226112,917.460175160496,1.0121163787980838,18.536465126082053,2,13.342005149916757,1,опасно
2025-06-18 10:03:56,HM-A104,36.40386181220428,39.09943143854392,4.496499323990967,0.0547516929426718,4.313538425738482,273.9708655132198,1013.3189803421752,12.600957707227693,7.182141419295411,928.0855160304822,1.021215849681791,22.17511912655505,1,13.116369524993274,1,потенциально опасно
2025-06-18 10:03:57,HM-B210,35.121579832157266,33.77318053963193,6.1198123869826535,0.0443012111967945,4.65259989342317,231.96217880202727,1012.0832064667106,16.351518892499215,7.804212931436625,931.7163393508037,0.9828230729320556,24.073060215558243,0,12.58260314671504,0,потенциально опасно
2025-06-18 10:03:58,HM-A104,38.22736147953584,39.64078416490108,5.60604330418497,0.0224950860818444,3.633809838225446,279.399132221013,1013.442954165468,16.69715813549898,7.376706399080456,899.7291536547245,0.9002557547253398,22.800337092320397,2,11.979173729570944,1,опасно
2025-06-18 10:03:59,HM-B210,35.885553397035245,30.89289524525573,5.905970040124963,0.0132800382472514,3.8167370561478906,263.2187705425781,1012.1239420139588,12.394033490227038,7.9420582624902,876.2841269525545,0.9954548715249965,20.670465070328664,0,11.564795443068318,1,безопасно
2025-06-18 10:04:00,HM-A104,39.702292921764574,36.87019266503243,4.589460900868634,0.0445307656193318,4.253197461379298,264.05688495361954,1012.9365771353456,13.745093562712215,7.019755309520813,965.272184393096,1.0123321919498902,18.894082452361907,2,12.446828132528942,0,опасно
2025-06-18 10:04:01,HM-B210,39.769642885012935,34.93814040456929,4.635237586157259,0.0386203862983882,3.5300175854431624,231.8998918652371,1013.6553422711384,16.791428140722367,7.277421163525749,909.9964223630714,0.9373474899347272,23.714367308329702,0,12.99860422787146,1,потенциально опасно
2025-06-18 10:04:02,HM-A104,39.57432195110224,33.87648805455647,4.124491976529719,0.0302259762229117,3.8792824681438383,260.2764637445636,1012.9024306265568,12.415808665662324,7.152617639778113,925.8761293688588,0.9696969001711184,24.592238535618435,1,12.736659288110578,0,безопасно
2025-06-18 10:04:03,HM-B210,36.85079350127722,36.32711878748601,4.966202605587189,0.0281805724595031,4.276101934737449,254.23890300452237,1012.2981794975364,15.21820686439363,6.968520858893226,946.7045077526676,1.0448589935117685,20.71791093557385,1,12.312471531114824,0,потенциально опасно
2025-06-18 10:04:04,HM-A104,35.077283082644335,37.03857091634331,5.679233984001025,0.0208407137964554,3.522441797384451,235.2889453447033,1013.970067690012,16.86110685483503,7.691918730846025,986.4456883459984,0.9447173330091156,23.10049532428843,2,12.619083332987586,0,потенциально опасно
2025-06-18 10:04:05,HM-B210,39.64159281293863,30.04363269650309,6.573804741991987,0.0434805628268758,3.896819429339063,243.89610053846795,1013.7785709241484,16.89111834290687,7.28905027134072,956.132924671033,0.9334729876562612,20.87534407923529,0,11.323864790943796,1,потенциально опасно
2025-06-18 10:04:06,HM-A104,37.14092074158657,31.669530887471986,6.000782342376042,0.0585334013896935,4.2710462292138045,274.5157228106826,1013.54262726645,14.356116654518717,7.602624529710946,856.8188838385577,0.9316282185717016,21.515868571965395,1,13.087520311579764,0,опасно
2025-06-18 10:04:07,HM-B210,39.83327409521835,37.130460506343184,5.306188970199255,0.0187857622918412,4.359723871971869,257.49942079329765,1012.8230232057984,12.813745538911904,7.572727873204826,975.7840545097026,0.9838201251530996,23.855334664314867,0,13.2027681313878,1,потенциально опасно
2025-06-18 10:04:08,HM-A104,39.818099885446266,36.66385413578207,6.859360343182413,0.0398558310007751,4.888627539582958,250.67082875869545,1012.3676914537784,13.010421574887197,6.38209032131059,998.4032522691278,1.042468065196201,18.58397039547808,1,11.034357812291272,0,опасно
2025-06-18 10:04:09,HM-B210,39.2650472773368,39.66047505128677,6.157735601727495,0.0312092527872988,4.468018434875912,233.6341077920405,1013.882822362837,16.448006975621972,7.300327065035288,920.8727538057074,0.9913035193800532,21.71234744150693,2,11.811558667582608,1,опасно
2025-06-18 10:04:10,HM-A104,36.47224446034793,37.61037790250783,6.79049560858765,0.0323344360872332,4.12210370379499,265.7060763701153,1013.0647022530344,16.558415021648678,6.399296038362668,995.43855046819,0.9454984680356492,19.50234192269856,1,11.27635058051982,0,потенциально опасно
2025-06-18 10:04:11,HM-B210,36.92548864300963,39.507727077313376,5.582763919816497,0.0227073640063907,4.895526765699602,265.14254116980163,1013.7047109207748,15.039398219367774,7.166640956487542,932.0993113514724,0.995785466710118,20.378641618470336,0,13.99469639562349,1,опасно
2025-06-18 10:04:12,HM-A104,39.25568335758428,37.02540501534807,4.776712824379419,0.0512567437830709,4.677324475081692,260.7021803486282,1012.6841900115188,15.830881997349556,7.354869368892601,918.9423993807924,0.993726344639668,22.51100177249592,0,12.780028501265493,1,потенциально опасно
2025-06-18 10:04:13,HM-B210,36.58461002578139,32.98052208639443,4.158480059094166,0.034262780207362,3.8000133816691215,255.51313231103245,1012.6705766341588,15.69965625735204,7.994470143175174,899.7107147091183,0.989538770359448,18.19059888635794,0,12.397214282679688,1,безопасно
2025-06-18 10:04:14,HM-A104,35.84746373343046,31.053649222508565,6.178254554451551,0.0371702926099132,3.6962635420232295,251.68922011036864,1013.971080961348,15.309107989945534,6.061083956299477,948.6332313750008,0.9239139310332454,22.15677569281214,2,12.38900305694317,1,потенциально опасно
2025-06-18 10:04:15,HM-B210,37.78400631229175,37.81823863344936,4.363908994016603,0.0252380456398662,4.513717453614099,259.6635546493996,1013.0436660969896,16.136384774359694,6.182484788227442,884.4730630787567,0.9951850199017492,19.98409567617625,2,13.89432175768631,1,потенциально опасно
2025-06-18 10:04:16,HM-A104,39.680773870803904,36.44149221475916,4.908325384815901,0.0190904232833474,4.339824748365476,241.66977258642032,1012.2813908477216,15.427033115201606,6.154053392742463,865.7401327771606,0.964524667877175,22.686390525656503,0,12.979566914448643,1,безопасно
2025-06-18 10:04:17,HM-B210,38.48014898337487,30.48186012393296,5.597412723651692,0.014295519410141,4.684510420689134,277.0629532088824,1012.4393493559894,14.670011528737495,6.79672257253348,854.0855653876321,0.902788808793455,18.99106946339138,0,11.50597867474127,1,потенциально опасно
2025-06-18 10:04:18,HM-A104,37.85030585044682,33.600504659009786,5.693249763339243,0.0457059570462458,4.60820757511803,259.43972645901147,1012.9638885587856,13.184781812940784,7.643176722971628,893.8570169072896,0.9809646730721244,23.15068122671325,1,12.344476483987602,1,безопасно
2025-06-18 10:04:19,HM-B210,35.485882468853845,39.56799815484286,5.801749590961408,0.0198117140843927,4.437817300786272,245.55962221771884,1012.0849418209768,15.719440720593097,7.688112665574271,909.3656248250558,1.0483900117827627,22.519478038340846,1,13.322590522837697,1,опасно
2025-06-18 10:04:20,HM-A104,38.07503613349585,35.00401145710201,4.498765991049102,0.0445037677094398,4.979573257443338,252.48399254425783,1012.9250679707566,14.367189339191372,7.473959191442304,932.8115044421872,0.9524609386265976,24.79869283016246,1,12.27005020057638,0,потенциально опасно
2025-06-18 10:04:21,HM-B210,39.95026925052132,34.327291360197044,5.139212214464946,0.0295188223023476,4.300384595165613,270.2842394438446,1012.8378816841604,13.473958420037548,7.793756483659895,893.912473778051,1.0448338827477988,24.37864754280704,0,11.928600277660577,0,потенциально опасно
2025-06-18 10:04:22,HM-A104,35.70042007618262,34.57699605159294,5.8515826813509,0.0307887400494825,3.66965863475258,238.08080303651488,1013.558672530639,16.009731378708878,6.645719888338905,997.6089358578116,0.9144308612493892,19.98312004239792,1,13.973648229740766,0,потенциально опасно
2025-06-18 10:04:23,HM-B210,37.59164826181868,32.08882724005164,6.909456593901354,0.0334588748046385,4.742410347223983,244.64178112301303,1012.7098839289785,15.483568001765144,6.176309288504598,893.7617752361751,1.009867517380096,18.191216009078055,0,13.806911403836686,0,потенциально опасно
2025-06-18 10:04:24,HM-A104,39.38686535963978,33.68707170864795,6.182893413099066,0.0283854254063771,3.877780043518563,263.97540113682777,1013.9650975230792,16.6866978156235,6.116306055979701,916.1463082669612,0.9171494991994252,22.587579927782304,2,13.824681107971877,0,опасно
2025-06-18 10:04:25,HM-B210,38.70384308877102,33.698132559871766,6.767811271281873,0.0150309988611295,4.665953222215878,245.7744603241112,1012.361539838602,12.827208200094388,7.704265439238773,865.491424829785,0.9410357360332912,22.22021172303271,1,11.395017589018211,1,потенциально опасно
2025-06-18 10:04:26,HM-A104,38.48507870497634,30.523550201874723,6.286636174942531,0.0254815905001422,4.935660644000077,269.62508409307327,1013.1819733699364,15.245946423182469,7.460872588707383,889.0939770005614,0.9856261252983188,18.192001381365124,0,11.702765770427488,0,потенциально опасно
2025-06-18 10:04:27,HM-B210,38.512420419935545,37.67567628517918,5.775150906677201,0.0431867180346969,4.545193270946512,236.52267435886804,1012.1793985940166,13.22119734044088,7.397230612022241,857.2498209683487,0.9889169540965124,18.858742704418148,0,12.326200874497523,0,потенциально опасно
2025-06-18 10:04:28,HM-A104,36.79745575609878,34.16504431903879,4.576070107409033,0.0432892200734435,4.394045241424702,268.1343085227304,1013.467727967988,16.517914926508208,6.679352677091337,933.9262950155992,1.0162816975851257,22.0929119317519,2,13.496387774697675,0,опасно
2025-06-18 10:04:29,HM-B210,36.46795922132247,38.22179886816424,6.00005695567754,0.0243112153619997,4.190579263512561,233.4175857425283,1013.989507376124,12.497497071283078,6.759810377236453,962.6597024698648,0.992296711084116,24.382790848304445,2,13.21048262068287,0,потенциально опасно
2025-06-18 10:04:30,HM-A104,39.04680577739257,38.50348001119895,5.870138697879721,0.0330051313278843,4.0466147989931045,230.62963063337477,1013.6382772755032,15.280809032224386,7.916227057798638,879.3564721504102,0.989042205657084,24.34550193559385,2,13.549002185457288,1,потенциально опасно
2025-06-18 10:04:31,HM-B210,39.0505669733959,32.119940546986584,5.8074075113718,0.0196723614005968,4.029507126457754,274.9111759416081,1013.1114070814406,15.95542860764015,6.12760948819587,905.1866406724106,1.0368529630483707,19.06039538228453,2,13.762289873472112,1,опасно
2025-06-18 10:04:32,HM-A104,39.33536159290052,36.57353482170129,5.469357603964722,0.0205186040764917,4.454559058564386,259.06696084661496,1012.9694827147994,13.774589201823536,7.5474634738755855,852.492434009074,0.9678241128313736,20.692017624836748,1,13.342300529151562,0,потенциально опасно
2025-06-18 10:04:33,HM-B210,39.56620276278235,34.722818041629814,5.585969811967827,0.0111523544203303,4.626909675406619,247.59134485434055,1013.6700599225336,16.770690396919047,6.6192666474167865,975.9283083583318,0.9337898668042582,18.30242005046522,2,11.785310030434935,0,опасно
2025-06-18 10:04:34,HM-A104,37.55671199430469,38.80156737921485,5.003327581354313,0.0548373274953872,4.517775604226621,241.6297318481925,1013.8719481694214,16.253653422930185,6.078109236825112,966.9945287397504,0.9242682877535444,21.284902924540503,0,11.856337047161508,0,опасно
2025-06-18 10:04:35,HM-B210,37.507581473436,32.157406791764544,5.557938077926909,0.0205353332537453,3.797615151790344,260.8442891630408,1013.978413051596,13.473091498424516,7.485140221484912,859.4881046311439,0.959999189521425,23.27158421771244,0,12.057463044869294,0,безопасно
2025-06-18 10:04:36,HM-A104,38.99147589483388,36.77813200310044,4.592667717035435,0.0213766938468231,4.240980770215237,255.4501091768369,1012.7930784551288,12.037705463579991,6.661823771356749,904.7301413980616,1.0069129132790544,23.52980897955928,0,11.909226100500852,1,безопасно
2025-06-18 10:04:37,HM-B210,38.24981965388883,36.07752122252722,6.41552319208113,0.0239800716322565,4.687460108274594,279.5798887764993,1013.981834949589,13.483285880590303,7.444295037485594,993.2929920774244,0.9063815227394852,21.49292626617601,0,11.74729684910934,1,опасно
2025-06-18 10:04:38,HM-A104,38.50983438628852,32.95301477571833,4.557330864096123,0.0163704035847714,4.213556117283584,279.1607993326873,1012.3118525043476,13.406552352353712,7.41530876623624,908.8040584118464,0.919358007976411,18.67108772295753,0,13.257458179627228,1,потенциально опасно
2025-06-18 10:04:39,HM-B210,38.9789633471805,31.366009036511727,4.254898869668399,0.0419631441590681,4.304934919603241,261.7512283070805,1012.5070995518638,16.449823037504544,7.06957375086623,928.9313015086024,0.915917019015546,20.669547826270964,2,11.101973152701143,0,потенциально опасно
2025-06-18 10:04:40,HM-A104,39.45002670908783,36.51639760477276,5.308738079071472,0.0137571476588793,4.656704072256233,252.14352530529453,1012.1780322494678,16.835605891273737,7.554746258421098,903.2864291515532,0.9877875229577188,24.52471371982055,0,13.185181214285194,1,потенциально опасно
2025-06-18 10:04:41,HM-B210,36.68997578425768,37.38597458132331,5.9749223185181854,0.0167101213163175,4.491897959397638,254.5570484567331,1012.543477032969,12.352199929851302,7.162076648342487,939.4197082192392,0.93642969757969,19.607287895638,2,13.470691314544904,0,опасно
2025-06-18 10:04:42,HM-A104,36.87791476319972,33.1562734376335,5.313150474800624,0.0422378363295046,4.114017381323589,264.1239533118431,1013.535875103236,14.356474142666585,6.573273705696521,996.7235313455232,0.9249389142452096,20.238281149389085,2,11.198132130034454,1,потенциально опасно
2025-06-18 10:04:43,HM-B210,35.469909699204344,36.44832604022314,4.830262395853926,0.0269830310240721,4.843119066791329,235.07872721176903,1013.7058487163569,14.741659992648978,7.468230602128838,999.6253755221796,0.9889156079614534,23.227790228241496,2,11.185541321602988,1,потенциально опасно
2025-06-18 10:04:44,HM-A104,37.89140070498087,33.95130907611503,5.674513551671322,0.0453973913350594,3.743850602995218,246.4176036905359,1013.5577852902052,12.464558306648517,7.178279631755447,966.2072467016786,1.0141964873178568,23.135065522201568,2,11.856391408679904,0,потенциально опасно
2025-06-18 10:04:45,HM-B210,35.17971136898371,37.13206883282618,5.041007006236599,0.0378712372335071,4.993274672885487,233.7636120501802,1013.2621315563354,13.887488545687614,6.025454563379841,910.646664703066,0.9498232374678997,24.385416016174528,1,11.624920446804996,1,безопасно
2025-06-18 10:04:46,HM-A104,37.3279900906623,31.99215274894053,6.798603070379899,0.0228010586530756,3.678278867714356,233.668037975846,1013.0279330250452,13.585412086964752,7.803288355540618,924.1648301243482,0.9867306908514896,20.71683083504263,1,12.74340102107058,1,безопасно
2025-06-18 10:04:47,HM-B210,37.71322317353789,38.90215002636175,6.767935418810716,0.0425413975244664,3.5224249566563586,239.7919620947117,1013.4174085784272,14.680281771635435,7.091287236648627,903.5096992168458,0.914718661979919,21.60219106712004,1,13.0263546305049,0,потенциально опасно
2025-06-18 10:04:48,HM-A104,36.432706260641424,32.874095964655794,5.507115459916286,0.015813684014644,4.835028351723147,254.26266272966132,1012.7816670985344,15.305954498659691,7.737254530959063,997.836194485652,1.0402786545686356,21.271747228543344,1,12.902425988312974,1,опасно
2025-06-18 10:04:49,HM-B210,37.95416630284505,33.67785987756153,4.983651982054775,0.0368205191540015,3.8674302625489343,269.23871605813946,1013.6826167029994,15.517425552482834,7.765473677964489,956.1640458738106,0.950534427797216,24.494265197157173,1,12.072042110786668,1,потенциально опасно
2025-06-18 10:04:50,HM-A104,35.15250124969525,30.580919520803494,6.211397241869918,0.0318574052522517,4.594549441170082,254.2747945582936,1013.3543801879536,12.683775118066938,6.889933313470177,917.3397168150268,1.0496258539760253,23.38531412177245,0,12.495193503840907,0,безопасно
2025-06-18 10:04:51,HM-B210,35.186740943746074,31.115122123212764,4.1101388304492,0.023393679140872,4.716523062398104,246.77383052804348,1013.3956093969888,16.064738509723107,7.015319992902462,851.8172905164404,1.0467881633774674,23.82009245883694,1,12.919972488512355,1,безопасно
2025-06-18 10:04:52,HM-A104,39.11300280329829,35.15861902712328,5.424307018130953,0.040200249886975,4.788479586548175,234.1176495168379,1013.071871986258,15.392710148953794,6.831508775351204,928.0725121585824,1.0168235174003717,18.931687881805875,0,11.358278806419111,0,потенциально опасно
2025-06-18 10:04:53,HM-B210,36.80095320705632,32.67592676727971,5.008970182811001,0.0535666796170141,4.98739135349625,257.5147761591565,1013.7704579684224,16.445374583733596,6.898873550616091,997.5892302552428,0.903010064311045,23.54292685007712,0,11.68853574336168,0,опасно
2025-06-18 10:04:54,HM-A104,35.63530256325942,38.35480225742194,6.761607655307664,0.0599452349881538,3.9410595650599984,243.56342932415885,1012.504029467358,14.246680297177171,7.790294317943456,928.4591363459576,0.9815212380576546,21.03085136240248,2,13.671488461958548,0,опасно
2025-06-18 10:04:55,HM-B210,37.61121630027402,30.14693388654954,4.036009081818047,0.0403881384371712,4.565365012890888,260.7467088958573,1012.762295306722,16.46944881361096,7.5762880279358225,877.3640028233671,0.9130254630660016,18.163370779814528,2,12.026979129647344,0,потенциально опасно
2025-06-18 10:04:56,HM-A104,38.849967765493055,33.790940486719364,5.658444627155047,0.0302352937164585,3.6730997874212425,278.85938695662094,1013.5552851393554,16.328870611780378,6.253051352631156,853.3140620657163,1.0342707038942274,18.420618469202992,2,13.403469145759116,0,опасно
2025-06-18 10:04:57,HM-B210,36.07910513748421,33.373455467690924,6.221990743199878,0.02126035501081,4.110213937035274,235.5657160738775,1012.9854977922588,14.192046661796349,7.220615563080192,903.2055637186312,1.0184454378971104,22.74535557814391,1,11.752969257011433,0,безопасно
2025-06-18 10:04:58,HM-A104,38.114452379095,30.19327630917601,5.455053962572124,0.0228548044697555,4.771957539968886,240.606269936097,1013.7784280268484,13.905716576464894,7.991813280772685,987.7342083544912,1.0458510564893524,20.60408708802179,0,11.124921054608066,0,потенциально опасно
2025-06-18 10:04:59,HM-B210,35.42673732496884,31.243683990005103,4.256209090488165,0.0339727489074882,4.051487069088663,253.65472690496875,1012.6927986395256,16.664060074851285,7.191101402464971,999.4831162263822,0.9912574429724692,24.07680901256436,1,12.50120177742023,0,безопасно
2025-06-18 10:05:00,HM-A104,35.25840860584304,34.13642674918636,6.917384170083706,0.0283638850640354,4.386643070803421,278.4306907672965,1012.7386603376392,15.575823672692188,7.571743251186211,991.8051962218004,0.9783259206726508,23.139911937131064,2,13.67744613068746,0,опасно
2025-06-18 10:05:01,HM-B210,37.65677315784074,34.92864584447447,5.554031294128293,0.0556907261312472,4.255660165586951,268.5904888134998,1013.7774715787732,16.64122673219038,7.538122946762342,959.4129989881384,0.9778460783916582,18.151760081668733,2,13.457853647426411,0,опасно
2025-06-18 10:05:02,HM-A104,37.70317560805053,34.04289747254869,5.842558732957034,0.0284147733827854,4.468927296668068,274.9114596581415,1012.928740640364,15.984873894479064,6.700635051744657,933.7214092660982,0.9579672561681518,22.808218182852013,0,11.75881750677347,0,безопасно
2025-06-18 10:05:03,HM-B210,38.18714950749104,35.309376784120936,4.709829348122522,0.0286722295572717,4.959341584081543,246.68574242378963,1013.032249168405,15.046487196457072,6.743698605407918,938.6029219573378,0.9703035100843712,19.34646730912649,0,13.72980732327304,0,потенциально опасно
2025-06-18 10:05:04,HM-A104,38.630456668613306,35.951316749056815,5.450494255320411,0.0291767256216988,3.5836032897521037,279.60192368892973,1012.6655274306712,12.579263885018822,7.448152843580806,930.848801363794,0.9953118874703026,20.958077980927385,2,12.43914768474891,0,потенциально опасно
2025-06-18 10:05:05,HM-B210,39.87926039731267,30.099238211278355,5.287448475874966,0.0518310105183829,4.360942276252445,235.14164080320788,1012.553339884358,13.457403362895493,6.99996706320967,956.0573957384482,1.0399421411334415,22.373146414860734,1,11.146997011366013,1,потенциально опасно
2025-06-18 10:05:06,HM-A104,37.58150174150597,34.64095159453504,4.224687526005951,0.042539416042345,4.794543168875427,232.64864530230503,1013.3118974216768,16.844212035491957,7.141141418260776,912.8309840043028,0.9893826507384048,24.10902488906985,1,11.083773859303257,0,безопасно
2025-06-18 10:05:07,HM-B210,36.61478236470623,39.63499240887588,4.318481060642402,0.0407084425159446,4.222074067622641,272.7801313527014,1012.2396813230824,13.597110493571025,7.425811580729675,950.3806007433648,1.0285673913476052,21.192685218743573,0,12.455341202009976,0,опасно
2025-06-18 10:05:08,HM-A104,38.97593097384352,35.19032280129549,6.512417558856324,0.0267071511191931,3.6177907789123593,276.3632435103493,1013.7585452823658,12.466274348926854,7.5551500540781,868.2418172435802,1.029416986695375,23.65943317933794,2,12.638968567141449,0,потенциально опасно
2025-06-18 10:05:09,HM-B210,36.35416125631037,36.775422674589535,4.719459856619771,0.0508952088416219,4.340809028625157,234.52926787730507,1013.5584062735302,15.537766779596598,6.543033155466143,889.8542959842225,0.9778249013772388,23.48075963960443,1,11.239738761747772,1,безопасно
2025-06-18 10:05:10,HM-A104,37.19485710352818,33.11863857916883,4.584874814495891,0.011918193067785,3.9981108362357305,235.67137133729207,1012.3814965274116,15.670021272718422,6.293587518873926,975.4004558212944,0.9521204462246432,20.901769589958807,0,13.766721961175538,0,безопасно
2025-06-18 10:05:11,HM-B210,35.39228190671133,37.739913781527626,5.514734353750418,0.0535398586169056,3.732412678006904,231.6587078877887,1013.3880398916492,13.427288601435754,6.58358929344745,985.5623396115086,0.9959360809998122,21.50686114403032,0,13.15465048547247,1,безопасно
2025-06-18 10:05:12,HM-A104,35.126753717077285,37.72921481876115,6.306241394087539,0.0356374949896964,4.773551769925209,235.2253781321362,1013.2052658425712,13.488359896731518,7.015076650184151,930.851235634045,0.9668816012872264,22.903395070348694,0,13.403847075460224,0,безопасно
2025-06-18 10:05:13,HM-B210,39.81324207338962,35.21296047654139,4.185839555736964,0.0299125117431706,4.282399269486683,240.47099084001405,1012.3690701014732,14.34446492754392,6.684282634594078,854.7453425819399,0.91221613009829,18.218039042528577,1,12.752069753649057,1,потенциально опасно
2025-06-18 10:05:14,HM-A104,39.17990060256103,39.76013823279214,5.730423758914768,0.0348583640358842,4.8999146185686,278.50383094550006,1012.5464070121004,12.108944748811275,7.136725517695187,989.0460356187652,0.956671365064865,24.23567989659472,0,12.990632228463545,1,опасно
2025-06-18 10:05:15,HM-B210,38.47987103046849,31.255502147626533,4.35763132852172,0.0433707765266915,4.709024756904603,263.39301111198404,1012.8179730074676,15.946615051805818,6.106931448251257,955.309638704093,1.0491108207073987,23.38871311606385,1,12.16358068948136,1,потенциально опасно
2025-06-18 10:05:16,HM-A104,37.04476472207135,30.16947664889581,4.109383152476855,0.0106382713258948,4.539457690660501,268.92765127592713,1013.398485470491,13.585443936370629,7.019500823227535,912.104188563304,0.9072767805039432,19.745911169816317,0,13.03789125483228,1,безопасно
2025-06-18 10:05:17,HM-B210,35.86647160035423,37.70158211757096,4.158231856486652,0.0535775928229123,3.507538255047968,268.80697018457613,1013.277446817634,16.268815510009887,6.735969813875416,939.7568414799244,1.004500036785139,24.86825967232283,1,13.934548674212808,1,потенциально опасно
2025-06-18 10:05:18,HM-A104,35.78218521335543,38.07155537364883,6.502492324625324,0.0323369762655696,4.141735184957375,256.75368748896074,1013.0644696953534,16.01315210800017,7.069333509785765,914.4662251662048,1.026178305760687,19.25573246812733,2,12.943147731832909,0,опасно
2025-06-18 10:05:19,HM-B210,36.251214490822974,31.202072291205763,4.353917450884184,0.0271483259850039,3.796229422478048,269.87444888565085,1013.536821086228,15.307010165593915,6.845066709769954,919.8008840098076,0.9973088855213068,24.39860671593081,1,12.02490116861951,0,безопасно
2025-06-18 10:05:20,HM-A104,37.7461333235306,32.65582832958606,4.135454093236876,0.0169122782817028,4.8661968665733015,259.7903766194985,1013.5158754792124,13.624374335496444,6.568451701275085,983.0214798489104,0.9854622346744936,20.271314208261774,2,11.855717367147404,0,потенциально опасно
2025-06-18 10:05:21,HM-B210,38.57297961350031,30.175523633666288,5.313699661428737,0.0319732687179221,3.76187597701454,245.72730488016788,1013.2357183081244,14.58158280830585,7.808215810915271,874.1626370375667,1.0061331625468135,23.34202697114895,0,13.890037822541188,1,безопасно
2025-06-18 10:05:22,HM-A104,38.300986883588656,32.93308610780565,6.531980415826075,0.0348161385642189,3.929090077488928,258.05550543842,1013.5739801667696,14.224146287989797,6.369529976842713,865.5503703223355,0.9644014105949484,21.19463615273561,1,11.555006891324195,1,безопасно
2025-06-18 10:05:23,HM-B210,36.39966948472971,37.73141873918672,4.787225129467906,0.0301823347246738,4.2752551516017485,256.6754293067257,1012.6685267495584,13.694409431243372,7.362731151161119,850.4093116769524,0.9137042605963316,23.15527171215001,0,13.41858983500886,1,безопасно
2025-06-18 10:05:24,HM-A104,39.77432640331597,35.17960527712579,5.265137852577749,0.0439330046913448,3.895045428497119,271.17265268796604,1013.7624990566452,16.240681446515893,7.849289425164828,897.100056341819,1.0443557631455074,19.090481335575564,2,12.395786876026277,1,опасно
2025-06-18 10:05:25,HM-B210,38.68948458347885,33.48095593168288,4.119767597691253,0.0310448264379612,3.814797015918682,279.08636086908297,1013.229820171604,14.417535372888327,7.077339919370866,872.1120649726641,0.9648451154976294,19.88654520870538,0,12.331279263058402,0,безопасно
2025-06-18 10:05:26,HM-A104,37.771770262557006,33.7173929490633,5.347235542404627,0.0580708788923286,4.398648987654129,250.5521282710465,1013.6447270276248,16.163615488985734,7.752816977158965,882.9978242707167,0.9998083855752028,18.69900477130418,0,13.242613363936549,1,опасно
2025-06-18 10:05:27,HM-B210,38.05860373117176,30.01353625715468,5.732839241911401,0.0399638758911795,3.633394284132536,268.169533922068,1013.0925582095806,12.526092370709122,6.249702956866569,851.6858473998066,0.9796965655333943,24.056007870064622,0,11.44411529013783,0,безопасно
2025-06-18 10:05:28,HM-A104,37.09800031213895,32.99800527565236,5.712721161256434,0.0503738967825954,3.587251638081387,234.98815020190668,1012.4368764899774,12.70512394300168,6.987577540512817,884.0793122031555,0.9082009607966331,20.074050914386497,2,12.398887778434762,1,потенциально опасно
2025-06-18 10:05:29,HM-B210,36.238654947505786,36.4645874163793,4.997280076523095,0.0154677951554739,4.058367942779107,268.84156847241445,1013.0848202573566,16.886601525564885,6.914050560961879,899.9067372898561,1.0429119901488808,22.861333605916645,2,11.107501063303244,1,потенциально опасно
2025-06-18 10:05:30,HM-A104,36.77986339325631,39.74194443816357,4.946599541989406,0.0298645646472952,4.5809966817617935,248.5708455996616,1012.7422233275532,14.938842313030449,6.01623761407399,854.7351244614822,1.0188805839171486,23.741548384190697,1,13.011220464534407,1,безопасно
2025-06-18 10:05:31,HM-B210,38.78923055232185,38.47060826983899,4.319870856809794,0.0268423850723576,4.332210137410922,231.96950814448437,1013.394998072074,14.548848367495244,6.886514682718669,941.1856186445722,0.9223646841704092,24.30992765465542,1,11.175131851861,1,безопасно
2025-06-18 10:05:32,HM-A104,35.07196744314878,30.235949646455293,5.100394961938806,0.0384741194068295,4.134314702700168,248.16230892810887,1012.9515875834696,14.615780315720558,6.738059512765195,935.3200523325636,1.04724733144324,18.744079807182025,1,11.26186639302166,1,безопасно
2025-06-18 10:05:33,HM-B210,35.58036320253458,38.9856060467484,4.298484006618894,0.0530556760030712,4.348627346336873,260.53213754608225,1013.6722256098552,13.0763438701643,7.339597455549231,864.5553667764888,1.0105352058257562,24.251104534588286,1,13.534479143687609,0,потенциально опасно
2025-06-18 10:05:34,HM-A104,35.230013210108766,37.83198413298626,6.299787834136155,0.0139169108881003,4.04817722697991,235.9625083840733,1013.356145024644,15.593519747509866,7.876659557153037,939.25146662776,0.9708482475642464,19.380769444115035,0,12.328865561047785,1,безопасно
2025-06-18 10:05:35,HM-B210,35.203644011594854,37.80376123570981,6.898822893244557,0.0136287399022355,4.90421950314817,276.2017246215127,1013.3690888660626,12.423903118648772,6.171582176524073,999.7980877913316,0.991705508483936,23.15831408113673,2,11.602927065644728,0,потенциально опасно
2025-06-18 10:05:36,HM-A104,39.27730292005504,34.57995759003572,6.9102233700001205,0.0525158854078799,3.5823573363661616,233.88362066364192,1012.434310666982,14.866618565515116,6.654952773429246,991.6703429217312,0.9160105023021896,23.10194313555228,2,12.77775372786614,0,опасно
2025-06-18 10:05:37,HM-B210,38.51828929690012,33.980052929545025,6.595213298126182,0.0206425043019178,4.5100872185447525,276.5003359916583,1013.9684995329826,14.853843982929508,6.888129474788504,850.4006490051495,0.9840617265023416,18.05952199218668,0,12.557849793753594,1,потенциально опасно
2025-06-18 10:05:38,HM-A104,37.37086914543663,33.02915728833192,5.802376448018857,0.0434376627224906,4.836923997241626,265.35687589678435,1013.683350418543,16.570942120667553,6.910370756068767,969.306746699554,0.9110491608025588,19.54436735817178,1,12.232724980228577,1,опасно
2025-06-18 10:05:39,HM-B210,35.48917080325501,30.656948589543656,6.10259709173164,0.0371439066180402,4.7058270631028805,246.48560877071017,1013.5780097691214,14.630914050524302,7.5496194416845075,903.0407914354728,0.9817282885678952,21.44335960265407,2,13.716251200248042,1,потенциально опасно
2025-06-18 10:05:40,HM-A104,37.45807937558416,32.28235363493699,4.855617408041242,0.0516446797443614,3.77606155223217,249.53751738545463,1012.66043045032,12.685313479870898,6.886791331666881,859.5477055501941,0.9829043533144178,20.94024294664297,0,13.248373994457038,1,безопасно
2025-06-18 10:05:41,HM-B210,37.36735885390283,32.466036349780246,5.892311260517862,0.0162544454918201,3.9438895234704328,267.0404682366372,1013.0712633056944,14.863766296240811,6.054322602907307,894.3974820574313,1.0311658177741116,24.430014359192267,0,11.45477861376589,1,безопасно
2025-06-18 10:05:42,HM-A104,35.86600934955008,34.840770697102016,5.3669486483196325,0.0164891482861305,4.575571908060657,260.0735550440604,1012.2742063761486,12.456638221826662,7.420208189185662,898.2604774469444,1.0087586250408442,20.518186086517662,1,12.71232394984226,1,потенциально опасно
2025-06-18 10:05:43,HM-B210,37.16925824618986,37.47444406596694,5.446052019330797,0.0378409180139153,3.626405838771148,263.58214607274726,1013.0769519533254,13.018969176499608,7.769659390291343,928.4866358963584,0.937432858832268,24.558886003851736,1,11.266231702114302,0,безопасно
2025-06-18 10:05:44,HM-A104,36.99252367198687,34.73809828397947,6.273329681125474,0.0573189326679185,4.717792549748876,249.458230825674,1012.2917784929666,12.15554292093708,7.0278094250993455,949.162565090328,1.0332639213281785,21.21600522874772,2,11.73396191132842,0,опасно
2025-06-18 10:05:45,HM-B210,38.07925049026108,30.578444494471604,4.845755066791755,0.0307498879185377,4.578360416907185,254.39067409037995,1013.1060756879792,14.566467912297492,7.1622170433970105,962.3583418312612,0.9859863997272008,24.75047027648116,2,13.72958104016192,1,потенциально опасно
2025-06-18 10:05:46,HM-A104,38.17546825433822,39.57789800988204,4.95411883508356,0.0263471050127347,4.594409973853014,279.49337420189465,1013.2974437603098,12.42266307646786,6.325872877938092,886.88545638449,0.9909569217861052,23.16148367017403,1,12.386239777124729,1,безопасно
2025-06-18 10:05:47,HM-B210,35.22652004886022,39.42724319094113,6.77392537338591,0.0403344661598942,3.650362055401387,240.69614352498587,1012.7803919344998,14.346971892656644,6.441291889357914,898.2655855372745,0.9253472053833268,23.805342141425093,2,13.676318304853105,0,потенциально опасно
2025-06-18 10:05:48,HM-A104,36.87306307313236,37.85189543148408,4.168672884552917,0.0565224300272515,4.576640817224346,250.89280932610657,1012.9970897566626,16.66472517662072,6.470340478249224,896.2572560289602,1.028666039395367,18.734138218443007,1,11.497996896774692,0,потенциально опасно
2025-06-18 10:05:49,HM-B210,38.12929957857118,39.9132790156422,5.456902895240021,0.0518463916422311,4.519727187829955,244.5911593786984,1013.7513067753492,15.59880706509666,6.86148394976259,904.4105302181316,1.0396447672524816,22.10299003269657,0,11.616025242534915,0,опасно
2025-06-18 10:05:50,HM-A104,37.51568129290044,35.44482332800263,6.738402401223585,0.0597741805366609,4.746383736232776,268.2555755219925,1012.2171262894057,12.387058371126464,7.856290441791284,999.9484463434508,1.0162485974242363,18.99890251880545,0,12.05847416920128,1,опасно
2025-06-18 10:05:51,HM-B210,39.28244920594161,39.62768350253207,5.831089023454471,0.0111284291601188,3.5623939343847044,268.20063128328604,1013.5834657859994,13.121049061044216,7.043569533429772,966.691495424114,1.041112867896751,20.083347014356814,0,12.0989769267784,0,потенциально опасно
2025-06-18 10:05:52,HM-A104,38.293468158094726,30.756050406167507,5.6392212226363965,0.0156429072356381,3.5346660027016883,244.6222730498698,1012.3415091019924,15.368312099467172,6.3841952904027055,996.2485697903046,0.945344985618352,22.36495784317088,2,13.235831810691874,1,потенциально опасно
2025-06-18 10:05:53,HM-B210,35.81467213540715,33.656807482613715,4.749232537688066,0.0404733881683311,4.059510649817841,234.06951583164917,1012.0734159656092,16.47350930512092,6.532175471737899,953.9666589320586,1.0291678752544158,23.083579932857237,1,12.798231685905115,1,потенциально опасно
2025-06-18 10:05:54,HM-A104,35.352843737002146,32.25381268006766,5.029826467193345,0.0510288219666924,3.723182425773729,230.5716338336102,1012.37114920549,12.164592933819767,6.768030059454368,910.9406052470928,0.9733339714295616,18.27428647407876,0,12.65974827783989,0,безопасно
2025-06-18 10:05:55,HM-B210,38.21209639103158,31.9583308413427,6.556145247414079,0.0242622171153383,4.337576716355333,251.37252666212427,1013.5300863799408,16.06225565860297,7.246517951385599,908.4616275440462,0.9245875804415378,21.716606117506554,0,12.807126520484282,0,потенциально опасно
2025-06-18 10:05:56,HM-A104,35.13255655270811,31.40802948892676,5.677654395305375,0.0219605544017109,4.876023352260123,250.5168797167885,1012.8102521466736,14.809069401691543,6.880066306008011,923.2871717462568,1.0003200898550102,21.957197904029204,2,13.196574117570227,0,безопасно
2025-06-18 10:05:57,HM-B210,37.92887790636732,36.22413641565997,5.54422658127034,0.04934878996906,4.087219595501024,279.41949393199314,1013.7450410336924,14.730456626481963,6.78488968835385,912.5304675046656,1.0026180406058818,18.55179597977141,2,13.678449915827263,1,опасно
2025-06-18 10:05:58,HM-A104,39.70115120712479,37.81321855747305,4.298739140620087,0.0128190926926615,4.767425565908907,253.490103784884,1013.0494150823644,16.78906591376679,7.129457200797989,974.2489369139118,0.9430386770635036,21.504816239405343,0,12.24421986943166,1,потенциально опасно
2025-06-18 10:05:59,HM-B210,37.87737088937939,35.782983994203605,4.048084469365369,0.0284691323791292,3.5003613117768,242.82091847877103,1012.0445007038528,15.738223062983865,6.483669989908931,919.750301954004,0.9041239997441356,22.996895960348787,2,13.408777828770395,0,потенциально опасно
2025-06-18 10:06:00,HM-A104,36.94084963103261,31.469627095882096,6.891055566061148,0.0352904611296164,3.752771965188776,274.5614720515734,1013.4334272192038,16.25059434028056,6.157806545169164,894.3421540316269,0.9299770888628344,18.37259099412872,2,12.485290649258086,1,потенциально опасно
2025-06-18 10:06:01,HM-B210,38.21644109221177,38.11123769933471,5.130958501860524,0.0380174337175161,3.5456353094811286,254.5533974826789,1012.2204658174423,13.769977847723334,6.0488286296444445,966.2290403044976,0.959966632151083,23.32187443426773,2,13.166234727648614,0,потенциально опасно
2025-06-18 10:06:02,HM-A104,37.29126445245758,36.35954707163729,5.809639186298513,0.0464307578396388,3.9922207707726023,259.9587817605289,1013.5787592669238,14.771820204142047,6.502518326934254,978.1630614072092,0.9251344366589804,22.03498553432896,2,13.624471364179303,1,опасно
2025-06-18 10:06:03,HM-B210,37.72808394657967,33.881657061269955,4.239145219561855,0.0277422861715329,4.862284393544754,234.78343552141064,1012.3362050996104,15.077028387138853,6.183184068288938,913.0643434210676,0.9291044922359406,23.832590457902537,1,11.0966444670945,0,безопасно
2025-06-18 10:06:04,HM-A104,39.70732404388262,36.74130295536063,6.049342857169139,0.0406342172337303,3.645428185398482,249.1458203664887,1012.6908927716112,13.607919701812325,6.672681277041534,950.1712857858298,0.9587085996573405,19.526438009978488,2,12.63988926601034,1,потенциально опасно
2025-06-18 10:06:05,HM-B210,36.93051318900387,32.59904979242833,6.797700126117883,0.0392687711395478,4.409614665115701,277.2111837236893,1013.5225428592508,14.851240624736995,7.545867080719511,858.8206800832457,1.044267992146284,23.832915789491828,2,13.968141879381427,0,опасно
2025-06-18 10:06:06,HM-A104,39.80595281911957,33.451922084942105,5.726995758992259,0.0373808050326873,4.177243908679166,259.4752692087713,1013.9084627149527,13.183276897398567,7.432588660973677,929.41972779572,1.0146365273111473,18.661926826872275,1,12.488673243567392,1,опасно
2025-06-18 10:06:07,HM-B210,39.52675320978032,39.17485843131991,4.378345967126232,0.0420241646571106,4.907702318548719,247.2250927571231,1012.7428679012936,12.716878355341198,7.221855245576058,856.7471706618262,0.9479622601839848,20.8268078751127,2,13.592911047805076,1,потенциально опасно
2025-06-18 10:06:08,HM-A104,35.97895567394648,32.9050450567142,5.74516458242043,0.0229724585534038,3.6837787138056406,261.28335903157966,1013.6588004403978,13.869851296386663,7.705000487758958,854.3786260741703,1.0427406103377823,19.39639354067254,2,11.557699557250489,1,потенциально опасно
2025-06-18 10:06:09,HM-B210,35.34680650437583,34.69988268157937,6.299041639313957,0.0142324376792314,3.818041775753344,275.5205544789058,1012.3815845309516,15.696448143732184,6.564135249088554,941.9387275784107,0.99684701883881,24.13214582603612,0,12.812861270738996,0,безопасно
2025-06-18 10:06:10,HM-A104,35.50389000688713,38.901411373960144,5.219249609722056,0.0159635836019871,3.54431295291724,243.6995300236295,1013.614359540405,16.580935740369437,7.770107506059931,895.500307359248,0.968317446696021,22.934438714112417,0,13.610917889703336,1,безопасно
2025-06-18 10:06:11,HM-B210,35.09110912825775,37.07721350267528,6.639513243824403,0.021229119132695,4.150902874447061,255.2558359235337,1013.3149881185124,14.288570257491164,6.798478339338359,961.3805743683198,0.970245029843272,18.1775324401251,0,12.294599394856313,1,безопасно
2025-06-18 10:06:12,HM-A104,35.47221480377964,30.62203226164703,5.946048860072093,0.0350098967761392,3.916749349346981,277.9345326955878,1012.3854870144248,15.214118441377158,6.801786636533253,984.4123840948888,0.9616116701753088,18.06666348929769,1,12.46016617671513,0,потенциально опасно
2025-06-18 10:06:13,HM-B210,38.41503386708178,31.473030442789703,6.697746754867607,0.052022137527301,4.804858900835481,238.61980716492263,1012.6050079207027,12.515185654875502,6.810703227251043,870.9086760595526,0.9349488078818908,20.038744781371687,2,11.246053713347054,0,потенциально опасно
2025-06-18 10:06:14,HM-A104,35.355943242301144,30.07841590771917,5.870515933742012,0.0450646671044192,4.407411219796632,265.9831962798356,1012.263541777194,16.522318792761645,6.196188732481962,958.6784257868386,0.957994828832056,19.00298179996396,1,11.126516275851817,1,потенциально опасно
2025-06-18 10:06:15,HM-B210,36.594878151468805,36.30921790229164,4.393863916014473,0.0494520302101023,4.421136106963552,260.7240504101491,1012.7659340221286,14.843021067849673,7.950980996662111,927.1779997432516,0.979184457606509,22.41213134292137,1,12.40612489874895,1,потенциально опасно
2025-06-18 10:06:16,HM-A104,39.22437655484728,34.47673425410419,4.929075133315568,0.0275487811963045,4.297866045321953,263.9837565570317,1012.4072972822464,15.901691238125784,6.277013555650319,866.8178875244048,0.9792041026095332,22.64657853717792,2,13.530425994923402,0,потенциально опасно
2025-06-18 10:06:17,HM-B210,35.11635967867913,31.342748509022755,4.605384844757371,0.0302326870824275,3.6377755058438015,247.56098153337848,1013.2879959072608,15.972206004606967,6.681771448938369,947.7388909721088,1.0142605353318777,24.59365632562957,2,13.793972816344144,1,безопасно
2025-06-18 10:06:18,HM-A104,39.07234241294468,39.579341210567705,6.7264794931505865,0.0296840942995306,4.167528025588033,245.69396867418823,1013.9890102084412,13.28240263184053,6.6386006406535145,941.4200204659708,0.953819678573603,24.664279471820887,0,12.975959010383828,1,потенциально опасно
2025-06-18 10:06:19,HM-B210,36.409273873867,35.2965972394562,6.281200201862448,0.019593659220225,4.999257784562775,264.2104835294185,1012.0240183261684,14.645872265909247,6.14935886563342,927.3462801101174,1.0075197043955928,22.612276937879415,2,13.479195798003852,0,опасно
2025-06-18 10:06:20,HM-A104,35.59082413810828,32.418932941128894,6.029195106730018,0.0130608329071786,4.752843936269022,240.7771642552273,1013.0818396265746,16.802398757804887,6.304520260223754,988.9706806839488,0.9867137758153028,18.03972578996896,1,13.204562487975217,0,потенциально опасно
2025-06-18 10:06:21,HM-B210,38.483685826820754,35.00603571154708,4.902898958894865,0.0395458046413613,4.840188581250674,250.98273724295024,1013.147333195098,12.44817272410414,6.089716672370772,928.1619544156024,1.0442768106790252,20.512985415987306,0,13.104457480701228,0,потенциально опасно
2025-06-18 10:06:22,HM-A104,38.14471423389942,36.79620332735108,4.5521343161506405,0.0594608341710293,4.73483953886975,239.4087323026459,1013.8284175793616,15.415249490147817,6.584808987121027,998.577267317532,0.9577927389050974,21.591990592730863,1,13.307099296360276,1,опасно
2025-06-18 10:06:23,HM-B210,39.387360067635264,30.762392179735645,6.269353263966735,0.0183414852475131,3.654562540146474,230.41524205616648,1013.012010669534,16.811320390175858,7.733313848057813,926.3843220772168,1.0351824696391183,21.494258295559263,2,12.515908857232787,1,потенциально опасно
2025-06-18 10:06:24,HM-A104,38.67535521901943,32.74703815047892,5.422473837637239,0.0123342409949636,3.8411723810972,278.5028680019035,1013.0874028392898,13.50288554027011,6.678884411474769,867.3778057452051,1.0230963820947434,22.223384406515585,0,12.373814310490562,0,безопасно
2025-06-18 10:06:25,HM-B210,39.017404651924245,38.06965490883994,4.677368656451887,0.0489765840911966,3.5046824770346143,251.5851489328209,1012.9433056026568,16.307239607021742,6.247383664134759,920.5706876612546,0.9956496426884186,24.72386037963332,2,11.47743056672558,0,безопасно
2025-06-18 10:06:26,HM-A104,36.41017286285653,34.59664870402661,5.849865934495825,0.0226293003342362,3.955265187317168,278.46748072099126,1012.537808609123,16.66828772704136,7.291387736767836,877.3493143832607,0.9981771700113176,24.19634884368608,0,13.531445950124269,1,потенциально опасно
2025-06-18 10:06:27,HM-B210,35.88719771889861,35.46577142032295,4.121001556415356,0.0514821902676464,3.662911103519739,237.0161759883913,1012.1120582664978,15.735431046974124,7.993201824109821,939.570022782614,0.9126974901909616,18.76235623415342,0,11.133841640311712,0,потенциально опасно
2025-06-18 10:06:28,HM-A104,38.753073758204295,34.32816002209469,4.978510762384761,0.0451968333517257,4.209190017952374,259.3683389728743,1012.8173153644196,13.15664156153479,6.464647579063855,953.96982627904,1.0425336908390148,19.861862739753757,0,11.802332363711988,1,потенциально опасно
2025-06-18 10:06:29,HM-B210,39.03417369633632,30.43899942643005,5.405670983773404,0.0572836768525402,4.515691232860853,240.048701639562,1012.1051829424814,13.67000359413297,6.559142010741139,920.265291806064,0.9160404095243616,23.831765921937453,2,12.559748441437186,0,потенциально опасно
2025-06-18 10:06:30,HM-A104,39.95252571000336,31.65749779820156,4.443875002328218,0.0304463617878336,4.811757942557115,269.50370634816375,1013.1009849389318,12.179046472088654,7.943694108561577,864.6554451524722,0.984484996311526,23.77014836173445,0,13.91479433756615,0,безопасно
2025-06-18 10:06:31,HM-B210,37.06308838455713,34.45541638741891,6.953963432772518,0.0430984919725317,4.623825747636348,269.1851494380488,1012.6145872864846,16.157266171226777,6.357552575100974,920.2962097875328,0.9495106200673732,19.927595068851694,0,13.35791882688769,1,опасно
2025-06-18 10:06:32,HM-A104,36.86009042896392,32.09185465407928,4.627292093768843,0.0332427390406635,4.907878393667758,235.6303574519656,1013.0672048030508,16.2480559325554,7.022428134918328,862.2181322101601,0.9644777967434778,23.11411621480284,2,12.106013673945885,1,безопасно
2025-06-18 10:06:33,HM-B210,38.88206480370999,30.499790286596788,4.391059390129796,0.0415294348654271,3.580847435590683,275.60322264381944,1012.2685939287904,15.163551549830965,6.47930426603219,952.31889332598,0.9915274516255226,22.704261651025,1,13.141845171537303,0,потенциально опасно
2025-06-18 10:06:34,HM-A104,36.70401770126509,38.43649664051824,4.6106046216606895,0.0324799453003868,3.5182697531248124,239.73148236016124,1013.8652599314788,13.762639256319256,7.864703795802487,968.5552337297632,1.0363277066823482,21.31466775478973,2,13.794108164045468,1,опасно
2025-06-18 10:06:35,HM-B210,39.65378662801783,39.81192529164116,6.307183399479173,0.0194316123212037,4.492007170754319,260.648867079468,1013.7890424871,12.384055138199605,7.963042029152588,994.357049084056,0.9686350685358452,19.410184668753207,2,12.616650354611227,1,опасно
2025-06-18 10:06:36,HM-A104,39.29206375921506,37.931428739967394,5.276516977815529,0.035394870800169,3.934028615333369,279.2816810043852,1012.3799930184044,15.765288049574549,7.629395692240031,872.3203160692684,1.0481594332959665,24.2205022662586,0,12.385820586502849,0,опасно
2025-06-18 10:06:37,HM-B210,37.14497013687509,38.53784921704667,5.696247819257614,0.0364292100718721,3.88025152415866,274.1198267383182,1012.686888566588,15.632630968049614,6.629567631625621,929.8630503299956,0.988921809802725,22.74495829014784,2,12.658979816822985,1,потенциально опасно
2025-06-18 10:06:38,HM-A104,38.75435533895749,32.41977130317046,4.063027470959082,0.050530192413008,3.9963306315406912,277.82819642805845,1013.226985543704,16.563012608694507,6.80697495056101,935.1306051303128,0.9240830913963262,19.182950474148623,2,11.934590123461948,1,опасно
2025-06-18 10:06:39,HM-B210,38.772714370423415,39.606269755132,4.103293925719944,0.046776035289679,3.904694086838546,247.129938560906,1012.1913724146118,15.652660105026811,6.4846113673328425,988.371480067147,0.928501394224688,22.933616413886025,2,13.722046432052572,1,опасно
2025-06-18 10:06:40,HM-A104,35.51561934417966,31.969257044534285,5.337476649481049,0.0431895811970722,4.267154609452381,235.2787821109732,1012.7091356422324,16.14347471122001,7.781515934017983,944.0914960894772,1.0074166553383876,23.19003603703886,0,13.391845437384433,1,безопасно
2025-06-18 10:06:41,HM-B210,39.51276453339784,39.51429810361832,6.449965729604871,0.0156693547776286,4.160222670836198,239.4173436644725,1012.502224573638,15.729773089519998,7.8291165553763165,871.8264468467981,0.9075596691365072,24.208161995847284,2,13.116452337059831,0,опасно
2025-06-18 10:06:42,HM-A104,37.52626186223929,39.94819293965951,6.655716636122696,0.0460308145331857,4.268642827064984,255.0247447538307,1013.8310334574334,15.153435941561582,6.837741324492095,915.4526985944784,0.972051236433334,19.559874786693545,0,12.767276241687927,0,опасно
2025-06-18 10:06:43,HM-B210,39.13228733053871,37.11722805746049,4.260119702786921,0.0350152578177257,4.509070417250655,269.6614839136661,1013.7050212725784,14.134831970955046,7.313066139806004,948.2143792759376,0.9222328664705276,24.921278737893847,2,13.908424335356564,0,опасно
2025-06-18 10:06:44,HM-A104,36.600248005153055,39.81143731791822,5.6150893063030685,0.0547049768053079,4.080695763456722,237.50768220919375,1013.1596654825336,16.51058654321139,6.331106359549388,955.0426648103946,0.9649827952766769,19.07375395768845,0,11.89311718842326,0,потенциально опасно
2025-06-18 10:06:45,HM-B210,39.47761614248101,35.695397795671035,6.739689058837811,0.0559935467065271,3.8769615307132352,262.98657661303787,1013.0406926737433,15.254842859537348,6.869871800726818,979.461099788586,1.012487613310758,22.20482224301708,0,11.849405494720548,0,потенциально опасно
2025-06-18 10:06:46,HM-A104,36.946008393670816,32.595417831760905,5.16391826319366,0.0127578295300892,3.7493008052131183,246.1788802019756,1013.8614515890908,13.991776609829545,7.262998213346995,877.0760679766596,0.9688219392362152,22.600235536914347,2,11.726414998589547,1,безопасно
2025-06-18 10:06:47,HM-B210,35.05418825740149,34.36995885665621,6.4886974942851054,0.0510320780177239,4.024211179298939,247.06010361960767,1013.8648555659576,12.417346475909786,6.770806237036039,992.7313220133248,0.924517666347139,20.932670266861024,1,13.225327965934795,1,потенциально опасно
2025-06-18 10:06:48,HM-A104,39.52690988209632,35.93560935378786,4.401086963198309,0.0118848695211335,4.612709712869258,263.0958865078963,1013.9386602507032,13.453524279521911,6.71519905137292,858.8709118023388,0.9377888055534964,21.325263961392707,2,13.3918569196229,1,потенциально опасно
2025-06-18 10:06:49,HM-B210,35.456433383930666,30.73081562027015,6.806183469003396,0.0283584812847511,4.635057365167205,253.349970976661,1012.2507577682164,14.718633674150825,6.001997984533885,997.5643201853352,0.9551309382978274,24.23637067705496,1,12.791342528500076,0,потенциально опасно
2025-06-18 10:06:50,HM-A104,36.59656818795207,36.22343264617246,6.2542699525939085,0.0371149987810539,4.500358080026316,270.6016646512997,1012.3211156215264,13.378176850080973,7.608586927554228,978.6650639299612,0.9104341775229622,22.51691960765823,0,12.955951131014352,0,опасно
2025-06-18 10:06:51,HM-B210,39.75030983525402,39.81177836762295,6.824003178360705,0.0174050399313563,3.851042262960312,237.79592548314136,1013.3534733973596,13.106176739589513,7.778675224042896,949.0409174143256,0.9876506454121684,21.479006707642803,1,12.04688229381918,0,потенциально опасно
2025-06-18 10:06:52,HM-A104,39.75303573468778,31.90107649783728,6.029851700657519,0.0473156906284538,4.382129368782047,269.4974134883519,1013.0828689532196,14.636967570439236,7.938927059091664,960.2493250396632,0.9911300686917076,18.898446937034677,1,11.119272627418647,1,опасно
2025-06-18 10:06:53,HM-B210,37.86718944061643,37.92595116288384,5.090211795998281,0.0104177352086069,4.356034492365272,233.21176240287105,1012.0369318097864,12.849101729478672,7.438542770138431,860.9038008878194,0.9093227890698852,18.05136337656194,0,11.76090753092376,1,потенциально опасно
2025-06-18 10:06:54,HM-A104,38.159186060849,39.07898793779619,6.814543517574167,0.0184299524217018,4.226399297164589,239.70269401228023,1012.123950071979,16.002050316625517,7.097584624739769,856.2219794341679,0.9603466981761244,18.874780327062837,1,12.752909681391278,1,опасно
2025-06-18 10:06:55,HM-B210,37.2422276098916,39.43701592820221,4.826700328927536,0.0390398414926737,4.324968479575796,262.80748572515824,1013.7761607645176,14.42184075671329,6.5385690396174185,865.2648694827049,0.9621001024327088,24.693291972335537,2,13.438798047153169,0,потенциально опасно
2025-06-18 10:06:56,HM-A104,36.46605385849032,39.60135604405447,4.996517566185197,0.0457193781018646,4.237685948935502,272.7462828255536,1013.7377415910788,14.86931386981325,7.998598951926997,863.1039721996207,0.9500729352828902,23.348607480939314,1,13.331584935298991,0,опасно
2025-06-18 10:06:57,HM-B210,36.64332272684958,35.21459638721472,6.102425254005221,0.0558321551346958,4.348184549111163,242.63398138696743,1012.714541843992,12.736916337986743,7.179505709064211,932.1071850204152,0.9836609610496668,24.76981429257173,0,11.538462092579543,1,безопасно
2025-06-18 10:06:58,HM-A104,38.36259228038519,39.77307907991504,6.295948898576159,0.0452748325967311,4.573258931931694,246.35958029144564,1013.7821012338612,13.622881678146836,7.362308144660893,882.3165980667684,0.9518936235090169,18.249960967957204,1,11.154338630228684,1,опасно
2025-06-18 10:06:59,HM-B210,38.7618726471884,37.57310207134439,6.788210451547462,0.0435889635127432,3.66444229160516,256.856037414337,1013.1873501487958,14.050448416305764,7.364812323910636,979.030845581009,0.9624613919216708,22.761542827010476,0,13.551680119988124,1,потенциально опасно
2025-06-18 10:07:00,HM-A104,38.95789521862924,31.61671436236962,4.614407227168629,0.0297170573175332,4.624438628223535,240.5786403244651,1013.6118112940378,16.041064152582514,7.690503591514362,916.8622934602108,1.0196285321162408,18.310054684823925,0,11.226767698107954,0,потенциально опасно
2025-06-18 10:07:01,HM-B210,38.94809071397277,34.7690010646797,6.393994105657672,0.01006422127634,3.703829225191391,270.55781307937525,1012.8548621423204,15.850797615430762,6.019345077693838,954.3265714687412,0.9243164033145302,23.47439528208176,2,12.1799337883672,0,потенциально опасно
2025-06-18 10:07:02,HM-A104,35.456030515243455,37.18331175372004,6.21563816019089,0.016007962936781,3.599941997615562,268.68183225028804,1012.2267966546898,13.114887373938409,6.440493880862744,947.930963945524,0.9928672042955132,20.66665120914636,0,11.282676970354746,1,безопасно
2025-06-18 10:07:03,HM-B210,37.4721015235129,32.473403158190834,4.1913836687607935,0.0367277272378019,4.964119529332201,237.26458559828907,1012.867454125292,15.08089540803504,7.331068000340028,897.9779558394565,0.9758391602536268,18.670357520745466,1,12.69214613134582,1,безопасно
2025-06-18 10:07:04,HM-A104,35.28779380008322,36.40615183548887,5.161669423630621,0.0437564942922209,4.935487653305662,253.1914865908316,1012.9145995959938,13.217281788859989,7.790291473649136,886.4751360288593,0.9457607456219024,21.976326492512605,2,12.090009293562549,0,потенциально опасно
2025-06-18 10:07:05,HM-B210,37.74764441161868,36.66600479046619,4.848296371180296,0.0308724141948231,3.590654817410846,268.74138833273105,1013.1018883876812,16.941235778451226,7.370677563842713,901.3684427944952,1.0091301984735617,19.96084137620972,2,11.607480853404535,1,потенциально опасно
2025-06-18 10:07:06,HM-A104,37.207652506866886,31.62699743808566,4.913471273062092,0.0465339505764195,4.164880162212443,246.86647655517075,1012.2111654258088,16.760619390654355,6.826982582987361,969.4987560774756,0.9826782539311724,22.61701759310273,1,12.785503004654124,1,потенциально опасно
2025-06-18 10:07:07,HM-B210,39.4385209137915,35.650853124527565,6.948840638664103,0.0360931147666089,3.779367407449662,261.6553411358866,1013.9828037260992,14.816323602603102,6.723110991740523,937.9415272629428,0.9716042290441044,22.60722331659653,1,12.090175369639068,0,потенциально опасно
2025-06-18 10:07:08,HM-A104,36.7545750627604,37.71626910978608,5.928332240439784,0.0137088097797156,4.228017345701627,232.51065607287865,1012.4882736416138,15.494512859470715,7.475896016566641,888.0307993778763,1.00015039721568,22.93505231884527,2,11.500364755162405,1,безопасно
2025-06-18 10:07:09,HM-B210,35.58533508213803,34.98895664535942,6.153028473380498,0.0196008125483974,4.745265864499381,260.4344380264659,1012.397104807074,16.007151911043223,7.482475394274386,972.6769664590644,1.020343546197204,24.947255551444314,0,13.10025923769279,1,потенциально опасно
2025-06-18 10:07:10,HM-A104,35.71495841026418,30.121031167761075,6.929852911945027,0.0519999111621971,4.925917662114335,237.63264900003037,1013.053605837712,15.60499210022452,7.21411598501138,858.213907916546,1.0459003185050364,20.70688396963184,2,13.51042492964713,1,опасно
2025-06-18 10:07:11,HM-B210,38.80755315858736,30.090384690792924,5.131605347372917,0.0462456373312219,4.4513789801773065,271.52916625572254,1013.0744163587898,15.499143455412105,6.582934048194674,954.8775062485444,0.994402555256456,21.257208321395705,2,11.821227713262486,0,потенциально опасно
2025-06-18 10:07:12,HM-A104,38.09109031658131,33.57029343970012,6.405520505358417,0.0547380993506247,4.030858500817725,247.77247317902396,1012.8796414756664,16.79277003974764,7.850309636781088,915.8651208623968,1.0311659978100574,23.632281907177383,2,11.55927513740552,1,опасно
2025-06-18 10:07:13,HM-B210,35.50561338061395,39.26194068431782,5.303592889913486,0.0158778624560468,4.4049883484668975,244.07769313640975,1013.5437842926503,14.982280531536416,7.103759884237278,959.6935579098832,0.9001637311534436,22.0485901611532,0,11.22575558595644,1,потенциально опасно
2025-06-18 10:07:14,HM-A104,35.420534030574984,32.28676779603609,6.60860101544494,0.0595111267307536,3.968001959162676,272.04444883557426,1013.0333088014572,15.18151335909528,7.580984712496662,989.119192036514,0.9795353539088836,18.2608004748146,1,12.58370637521062,0,опасно
2025-06-18 10:07:15,HM-B210,38.5048456572956,36.34363688871687,4.541972623933909,0.0204703356974966,4.86473546124809,232.5072011535905,1013.21939091029,16.246343752190906,6.428616524323664,962.5051146920356,0.9321971323155296,23.901549641818995,1,13.493881099240008,1,потенциально опасно
2025-06-18 10:07:16,HM-A104,35.36381503182097,32.2207587069332,6.843058531192838,0.0105889938143321,4.805600694658756,249.83043996671725,1013.4474927708156,15.349454339292034,6.688081577229456,916.2948032967074,0.9141288685624706,18.360490773566287,1,11.752369685000962,1,потенциально опасно
2025-06-18 10:07:17,HM-B210,39.10930029645178,33.216699896595486,4.656315125232639,0.0598711469526777,4.337347625419492,248.5001770287516,1012.0500502031276,15.664663110087613,7.749159032774685,872.6463522270822,0.9797956525596588,19.19574095544249,0,12.381913314891282,0,потенциально опасно
2025-06-18 10:07:18,HM-A104,38.531211135782485,38.48042089601484,4.9786615209427945,0.0240536942722556,3.987198373070541,244.24001871247756,1013.14128836509,13.170843430983211,6.100214059879937,970.952646370815,1.012023975922364,18.71455976881931,0,11.48241036034334,1,безопасно
2025-06-18 10:07:19,HM-B210,35.4067439032095,37.28861442269947,6.268576702320342,0.043400972625628,3.940084513374468,275.58771660007386,1013.7683889424568,13.856334620575357,7.024630622513325,919.1058290382056,0.961840878371157,18.54548993016784,1,12.212602471980883,1,потенциально опасно
2025-06-18 10:07:20,HM-A104,35.42418857042596,30.953992773132107,5.18126542469622,0.0188341157088152,3.550126992057589,267.5464196758361,1012.0347774858508,12.736506728559466,6.963410959688018,861.2968485185695,1.0005161174016652,18.17979412713297,1,11.046335322666426,1,безопасно
2025-06-18 10:07:21,HM-B210,39.93319789250587,34.28702020986434,5.82463413029934,0.039011426609957,4.723731276537943,233.19615820959692,1012.810364207602,14.528827211674027,7.502460377816164,957.85830966653,0.9734578880761424,18.38519399780657,1,13.732187203560358,0,опасно
2025-06-18 10:07:22,HM-A104,36.87135397878061,30.291697636452646,5.333720503208285,0.0552017493227279,4.175574819558512,265.7343724717477,1013.8524549004115,14.278637003401233,6.563787541198665,893.7777948874884,0.965562879893914,21.097074324251672,1,13.029715685001706,1,потенциально опасно
2025-06-18 10:07:23,HM-B210,36.85321073533446,34.80890146603009,6.2271098112693455,0.0260090583714219,3.9876993926003967,256.3649566564397,1012.7063088045652,16.985814071397286,6.438133643719199,857.3332344257777,0.9435384960653792,19.769965889878296,0,11.998441152904316,0,безопасно
2025-06-18 10:07:24,HM-A104,39.06399783628751,36.62434011701068,4.684993757105833,0.0435126988022179,4.206665532496631,275.04339472007894,1012.9174576484004,15.056043264077712,7.852265677546468,985.4126522461116,0.9573890271751508,18.88575818393173,1,13.643594780168067,0,опасно
2025-06-18 10:07:25,HM-B210,39.73624288691929,31.185026235981518,4.175373961710631,0.0193951794399208,4.728106985681978,245.64728086741792,1013.9630827860886,15.932224115972115,7.14341930391693,922.4651638140864,0.9524693446191642,22.61093879908568,2,11.548788888299132,0,потенциально опасно
2025-06-18 10:07:26,HM-A104,39.93000531911436,32.888849389091654,4.899788192419199,0.0412397699359362,3.6869213115612816,258.7080999804791,1012.3986477179012,13.670073353788272,6.209379136567309,892.1441579759532,0.9969280776022322,19.58278337443981,1,11.236201195567023,0,безопасно
2025-06-18 10:07:27,HM-B210,38.76689092629471,33.97836625502157,5.422925994605291,0.0268225175908755,4.786483982362741,255.0377637370493,1012.13051037825,16.157726656713983,6.386072324428643,957.4579836827368,0.917402776691871,18.132644087413667,0,13.827864743437678,0,опасно
2025-06-18 10:07:28,HM-A104,36.88129792765458,39.195310246560496,4.504060156578036,0.0205604129293975,4.846263252662531,254.4780453113803,1013.7188451817226,15.075424832438417,7.997652119028497,982.8853566523844,0.913895455303171,20.92893848637129,2,11.92705088520768,0,опасно
2025-06-18 10:07:29,HM-B210,35.41750358349334,39.93255015422964,5.064391868969166,0.0256591025351817,4.920061872550832,252.80526997586065,1013.7369306824248,15.484961657992192,6.391217992504385,850.0460612550634,0.999001949131269,20.173030943848136,2,13.80792018232536,0,потенциально опасно
2025-06-18 10:07:30,HM-A104,38.88573457963719,30.44911298995616,5.1999490548807055,0.0189420534253899,4.096231988633941,240.2814737766141,1012.94415566936,13.472153889747272,7.220951022707357,953.177827756323,0.9819447104818322,20.23023101942545,2,12.91283875781842,1,безопасно
2025-06-18 10:07:31,HM-B210,37.79202124867903,37.61007923495392,4.172175531064821,0.0550958053918941,3.825710606056508,267.7854961246196,1013.0284143489546,14.743191958477889,6.840256157991236,965.0517541027632,0.9645300145113986,21.11689019727093,0,13.940128798446414,1,потенциально опасно
2025-06-18 10:07:32,HM-A104,37.12111004623488,33.71724066402344,5.749921744552614,0.0298593443158564,4.060461227700047,252.56680163696444,1013.6716127392356,15.170184867068045,7.771198189699671,881.489114091924,0.9228664326611856,22.682397490639943,1,13.260287636637262,0,потенциально опасно
2025-06-18 10:07:33,HM-B210,39.53177192547368,33.9245818622948,6.653030283913862,0.0222639652487183,3.999368144347105,277.92581375013026,1013.4771189962316,14.945473379082904,7.510337184590655,923.443574711526,0.9616540667803968,22.31535384026596,0,11.316451600784896,1,потенциально опасно
2025-06-18 10:07:34,HM-A104,35.55598741153076,37.54264973347023,4.455228738859157,0.0324203920507966,3.76423086875429,243.04042135963883,1012.530298004434,16.575968557122835,7.193902792523632,863.3928848376904,1.0184597644980018,24.56083126852213,0,13.556686000926447,1,безопасно
2025-06-18 10:07:35,HM-B210,37.463125521454295,39.18426432145409,5.793424040204542,0.0260268083403247,4.410900005152232,264.13719198135203,1012.0337867101432,16.491363322462767,6.021477963595965,962.012482377302,1.0334431853683883,21.62401666411765,2,11.443635567583906,1,опасно
2025-06-18 10:07:36,HM-A104,35.056768223837096,39.50928594502548,5.994217614732539,0.0472209626906663,4.214936240762944,277.0358539819554,1012.9594003250672,16.854920289384353,7.759590414986919,977.1184027845028,1.005386485494633,21.307989368075503,2,13.076592817322942,0,опасно
2025-06-18 10:07:37,HM-B210,37.34330320997063,35.77122586038321,5.258004041257865,0.0585609955942747,4.798551488486005,263.1729161508046,1013.7178246521912,15.337140030034949,6.889334941677433,866.2279985986991,0.908986826382132,19.49390104651828,0,12.501222348270092,1,опасно
2025-06-18 10:07:38,HM-A104,35.28151637840919,33.57121159300503,6.10329276209281,0.0319016828348823,3.548164370723087,273.56364538086973,1013.7916693533804,16.859570650628424,7.863155306037153,972.4690380149252,1.000561466490168,23.2876690219371,2,13.12317502443345,0,опасно
2025-06-18 10:07:39,HM-B210,35.59408958134036,37.8754908585878,5.232194630473036,0.053051669998612,4.465801891332689,271.3740479878503,1013.9124523941524,16.162390000159544,6.991078025708402,965.73552557268,0.9361478384319442,18.985430433499992,0,13.294968598004594,0,опасно
2025-06-18 10:07:40,HM-A104,35.587631233885524,32.510013832623,5.513911863932305,0.0382931536779809,4.644423317767342,248.00588577445015,1013.7591264752256,13.354160701699795,7.388448978365451,902.0369980556346,0.9472876864539608,21.43793022874339,2,13.41099563423995,1,потенциально опасно
2025-06-18 10:07:41,HM-B210,38.24605151058032,35.64074028833518,4.022059133663281,0.0178617832547116,4.63922985378246,260.00619699697484,1013.1600871105962,14.137178347756484,6.138585298933284,953.5434294900376,0.9293809811939976,20.94925538871211,1,13.504940398087143,0,потенциально опасно
2025-06-18 10:07:42,HM-A104,38.73022439632712,33.585784615248734,6.075160342404066,0.044531137104067,4.829110950643288,237.8130669905678,1012.8892111984724,13.191962210945048,7.490303307053572,850.0072185841468,1.016363368593031,22.60810614883082,1,13.541673564648931,0,потенциально опасно
2025-06-18 10:07:43,HM-B210,37.9168438254858,36.56631073707876,5.984028036834173,0.035671724856291,4.593550614244241,256.77629413478,1013.5496996930682,12.020985804152826,6.675992062623846,989.7696481698998,0.997290318395592,24.42335028969661,1,12.23772327956726,0,потенциально опасно
2025-06-18 10:07:44,HM-A104,39.81086274237271,32.403989128935066,4.115202631979034,0.0425303261626051,4.891715092471545,241.5210985907169,1013.4796432687313,12.940243765734545,6.702718028663561,932.557485296256,0.9917752581898772,24.62616914048756,2,13.667684216576625,1,потенциально опасно
2025-06-18 10:07:45,HM-B210,36.87435289761852,31.91592945734826,5.104750322185399,0.0544843706285832,3.998984899731337,267.1868407476223,1013.0762868601628,12.020302931434378,6.23731168941878,943.0508296093,1.0001958914503914,19.17459487014211,2,13.15874076063676,1,потенциально опасно
2025-06-18 10:07:46,HM-A104,36.4285604314093,39.182390866754375,6.937095522375002,0.0320217285328023,4.254814125127314,256.40292109460626,1012.174654745117,15.59919230675245,6.293714297280404,949.6989120308648,0.9355158392105856,19.832720527870247,1,13.516912794254967,1,опасно
2025-06-18 10:07:47,HM-B210,39.3429956409473,31.01803682949537,5.26220968770585,0.0550588811608677,3.521119494924336,250.56136813158304,1013.852162693574,14.127671488605998,6.371518112412421,934.205352582755,0.9666966621488042,23.68144723975295,0,13.9675740585938,0,безопасно
2025-06-18 10:07:48,HM-A104,36.11797919259726,35.05957907734932,5.505836215395525,0.0475334507140827,3.510436380954937,243.43985480834888,1012.9112050750032,13.562873635389291,6.656412337142845,978.5145831309196,0.9949880582323484,21.62795833714435,0,11.349244226397651,1,безопасно
2025-06-18 10:07:49,HM-B210,39.81611269720305,32.208527829630086,6.729790474479156,0.0344302462938992,3.86018993067728,279.9349240920644,1012.7266675638324,15.80860445547594,7.783939825551211,941.4552748227316,0.995489104142745,21.171241978490123,1,12.111739093056224,1,опасно
2025-06-18 10:07:50,HM-A104,35.06077237344908,30.389299633256677,6.151785627597269,0.0401611067828981,3.651210795708628,233.58552604424665,1013.2591347903376,16.162433873098223,6.736520476460161,986.163998686071,1.0187777794132695,22.97437816666494,2,13.419641062118796,1,потенциально опасно
2025-06-18 10:07:51,HM-B210,39.8493941335382,30.360188182914264,5.746210393372671,0.0262790566259505,3.8903170519036303,232.178034028621,1013.347675922334,16.876497693249398,7.448725413126437,937.3497433351014,0.9430655950032166,22.213474668248804,0,11.258910414188774,0,безопасно
2025-06-18 10:07:52,HM-A104,35.21579955975288,31.752217721058276,6.393414044023217,0.0591798649869387,3.765564941792596,240.8628700246932,1012.4213758340608,15.210067923376206,6.165495007779743,875.668363297085,1.0155504182545234,24.794998380949345,0,12.62234319641738,0,безопасно
2025-06-18 10:07:53,HM-B210,39.45571556849036,38.66770354506,6.59309879936792,0.0433675581525197,3.5427800372579723,278.553622931391,1013.67387768962,14.30764479270026,7.182197598543985,987.0343833758956,0.9660276720925404,22.08782256601787,0,13.575193876784391,1,опасно
2025-06-18 10:07:54,HM-A104,37.6385055454315,32.82478743977027,5.3706642152118,0.0121923426248314,4.863956219609074,278.96190841599923,1012.5798741873248,13.52632150803718,6.963782462540879,952.2441247539664,1.0005259038088403,21.26181678443077,2,11.056973789624497,0,потенциально опасно
2025-06-18 10:07:55,HM-B210,39.9648239805965,39.50459170575296,5.425325094795506,0.0263310952874004,3.5123346970833373,262.7463867386068,1012.3733678518288,13.111591046071132,7.955915893909009,954.8858491653334,0.9683579070097932,21.79972153454723,0,13.818556695677216,1,потенциально опасно
2025-06-18 10:07:56,HM-A104,35.368982823676994,35.816222929891936,5.158152806955507,0.0411657216879528,4.604123216505628,274.00533336032026,1012.812799705709,13.064629752413008,7.692415539757926,997.8222625857402,1.0422915254686416,23.65977871687881,0,13.934434471713807,1,опасно
2025-06-18 10:07:57,HM-B210,37.76927142200661,34.36614189768766,6.900118420055382,0.0128166638899619,3.7282218303792742,240.69808654203976,1013.461120161795,14.045946873598991,6.909659544877299,861.2794831314369,0.9268953397112468,22.288725397496545,1,11.966842789124714,0,безопасно
2025-06-18 10:07:58,HM-A104,39.84651267809549,35.80088834669455,6.091498762871051,0.0111942095659571,4.8683444329994,278.6021047088312,1013.9309163568796,16.95893177643965,7.550285528090677,914.2888910642756,1.0012507632873535,22.529336639707022,2,13.300373574170154,0,опасно
2025-06-18 10:07:59,HM-B210,37.61548922085075,35.166983852262675,4.2496691986242165,0.0325012119763901,4.839193909384829,237.13924250697823,1013.6185625287428,12.004268487187016,6.386077482587555,885.8643089479923,0.986480250115224,24.800072160256143,1,11.381528307993356,0,безопасно
2025-06-18 10:08:00,HM-A104,38.14699319067631,37.587762537573255,6.588878869939055,0.0266345089846335,4.480851719553886,235.0562594090829,1013.8806967553404,12.986029486155005,7.124672654783556,944.5639697070486,0.9259096561421616,22.3287683909782,0,13.318592811581524,0,потенциально опасно
2025-06-18 10:08:01,HM-B210,38.47874344492308,32.824960659728525,5.441679822508805,0.0319149304016582,4.508351224700908,235.61057696236364,1012.2812116081532,12.94196491201787,6.149238111137416,971.0217525622108,0.9099009503717502,20.661996738341777,2,12.444565042502015,0,потенциально опасно
2025-06-18 10:08:02,HM-A104,37.27270532383886,33.53050391600303,4.206261719267462,0.0231346654940002,3.508008712954533,258.65639616362824,1012.1423535977274,15.585597427661462,6.696178064503366,994.9466063338618,1.0198716583457497,22.839282189089577,2,13.580819235584636,0,потенциально опасно
2025-06-18 10:08:03,HM-B210,38.13779040042032,38.94094302533251,5.649151765489933,0.018235887347149,4.9773073491704025,269.04872003590265,1013.1154095238134,13.76242363799031,6.451724363244341,918.189416043208,0.9236177000469398,22.61621577884118,1,11.637819281828602,1,потенциально опасно
2025-06-18 10:08:04,HM-A104,37.9215715596155,39.46456513150405,5.251492836927106,0.0444571678490168,4.816748905363721,248.33335889373168,1012.580594966088,14.286304022959104,7.437819630650422,967.9327345963908,0.9279760024178664,18.096933448544675,1,13.017973859726718,1,опасно
2025-06-18 10:08:05,HM-B210,39.50579005245494,38.925582274864745,6.633248214587875,0.03572855581339,4.842659338595138,278.89479938930634,1013.6561099459384,12.743120652349525,6.980181382428723,987.5577388060568,1.046765133598356,21.27130507750083,2,13.358357523247552,0,опасно
2025-06-18 10:08:06,HM-A104,35.22723190170729,34.194479939573135,4.611983810828162,0.0200077105624683,4.488866805576308,251.72100690591648,1013.3439757428048,14.02498519438474,7.502140957696021,952.4988148803828,1.0075891277214946,23.200325220176797,2,11.607476795756982,0,безопасно
2025-06-18 10:08:07,HM-B210,36.404815947961154,37.80365503006882,6.479393828476549,0.0259794713129999,4.017180392981805,237.5224275386608,1013.9414563279717,12.51599905952918,7.030590875262892,886.4098828674657,0.9375730262401832,21.493290204047906,1,13.454861832709463,1,потенциально опасно
2025-06-18 10:08:08,HM-A104,39.7520574203828,34.76335733301099,5.673066073556358,0.0395903953831662,4.8404729736357215,253.29833740930684,1012.5095847114626,14.665216439442917,6.172968884303277,941.1781226661687,0.9886423440227402,23.457347951547725,0,13.873956502825608,1,потенциально опасно
2025-06-18 10:08:09,HM-B210,39.45131891945458,34.975398521461024,4.163830909640407,0.0136114674136238,3.937275392226789,263.951858271122,1012.9715682287105,12.48969182691428,7.470735299465053,995.492807172578,0.980116775760377,21.1561858749933,2,12.848235799761891,0,безопасно
2025-06-18 10:08:10,HM-A104,37.27828376392856,32.04680109057284,6.915535903976454,0.0173726504633089,4.344067315013304,271.6112890252189,1013.0024809548509,15.95254190586578,7.666458527975611,998.1330743292348,1.0266709901270772,24.88325118346065,0,13.354551250371651,0,потенциально опасно
2025-06-18 10:08:11,HM-B210,38.10066298900768,35.91130303258517,5.5378457323096,0.0136622802053695,3.649596458515824,252.93841449782963,1012.4783535897149,14.833008587702448,7.807062451825585,946.3539735575168,1.0093981121748936,20.05024112442722,1,12.597751578078936,1,потенциально опасно
2025-06-18 10:08:12,HM-A104,36.38690591490566,31.86135897753348,4.872630562694748,0.0506158666357059,4.882933445199125,259.6803413024584,1013.180186798976,15.619839368867584,7.143983890613416,983.0481636807984,1.024758168823978,18.64485825702252,2,12.794310082986891,1,опасно
2025-06-18 10:08:13,HM-B210,35.940605798618805,33.31564699067194,5.408220525967774,0.0476204616606004,3.71115568665682,243.36723560794263,1012.8865719721584,14.09258193326342,7.50717071799899,880.0524045772904,0.9317259881966043,21.010082608078683,1,11.040057303577038,1,безопасно
2025-06-18 10:08:14,HM-A104,37.31849202469991,38.55030201619935,6.573573350552467,0.0476656465939628,3.837345208595611,262.2958263202757,1012.8934431119798,13.907456466211135,7.504088673765255,886.9117907428325,0.9960328806550508,21.791963174117438,2,12.57286180050808,1,потенциально опасно
2025-06-18 10:08:15,HM-B210,36.76676114013026,32.070758092108555,4.914709373155191,0.0458162671738014,4.337201237192323,279.2985971975172,1012.725473295945,12.491044445244318,6.311499519597889,992.933141932729,0.9060361287627572,20.44365612177723,2,12.72669124947212,1,потенциально опасно
2025-06-18 10:08:16,HM-A104,37.91828055925436,30.711582851734327,4.578029189460101,0.0434692711834934,4.646139500319473,232.45267862938968,1012.033858704851,14.619278035214112,6.328441374919142,870.2853063242212,0.910341091841883,19.69596812082571,1,13.01014263729616,0,потенциально опасно
2025-06-18 10:08:17,HM-B210,35.388673184824924,30.690075926128163,4.387213740792644,0.0338495957689087,4.429026958904449,274.3265335352584,1013.0441904738296,14.57251082428546,6.1417710116182525,878.6659657140218,1.0070290549056895,22.704410839698426,1,11.508171826498064,1,безопасно
2025-06-18 10:08:18,HM-A104,39.87197403833083,39.40784520503108,4.893578195170634,0.0421139081753557,3.8482008692002334,258.1141251383761,1012.6704956714008,14.340510222248026,6.639827270280603,913.0822898680076,0.9036630153965898,20.63987569899377,0,11.724122787155276,0,потенциально опасно
2025-06-18 10:08:19,HM-B210,39.93105372239801,35.06920437961835,6.34014426112013,0.0119180777393987,3.5014145637912355,242.604932978115,1012.0026397379688,15.702591823412249,6.947017175482129,938.4376431630026,0.9869647513350764,22.419579703704457,1,13.268013895076788,1,потенциально опасно
2025-06-18 10:08:20,HM-A104,38.49080857009873,34.09412071817018,5.4148790955857855,0.0410732211328392,4.635725870461159,277.7444855004629,1012.615887415324,16.162522000161772,7.995795705508434,940.5725828452408,1.0260607647666795,23.45350014019143,1,11.502916460082098,0,опасно
2025-06-18 10:08:21,HM-B210,37.6804818317206,38.10878581007918,4.68244481108062,0.0488938852768438,4.977810988866641,254.1677151529449,1012.5572566661796,15.75394837474254,6.861986684136339,893.7964012998347,0.9569912712627044,23.327018394320167,0,12.248078217157271,1,потенциально опасно
2025-06-18 10:08:22,HM-A104,36.54763808143164,38.35825927910516,4.498554998829247,0.0350179180192195,4.714869680459136,246.58451258366927,1012.7868963064471,12.71932871403422,7.452485177014742,988.0920846925522,0.9067260655259868,20.62716517444984,1,11.751470656966688,0,потенциально опасно
2025-06-18 10:08:23,HM-B210,39.06897509853474,33.32191033115605,4.998188429531138,0.0278756664213618,4.190309927234923,239.07488141354204,1012.2637039792868,15.11029754641054,7.386794052545069,987.2649861411794,1.0070771174443092,21.97528760265122,0,12.63555231086526,1,потенциально опасно
2025-06-18 10:08:24,HM-A104,38.423655862769394,36.93618057473795,6.819773118657126,0.0238713367400489,4.85565089209866,242.2226105128331,1013.0153676492702,12.401615528447667,6.408963900501159,908.8102079578558,1.0394529678696227,21.1476075710992,0,13.960612643464833,0,потенциально опасно
2025-06-18 10:08:25,HM-B210,35.81308469672446,37.711228158518864,5.029080137770073,0.0421401025081041,4.114771509677525,271.64245207957214,1013.3848807050364,15.473111437202382,6.117014302898873,915.1437654145444,1.0075757088087405,24.095636768967623,1,13.55611369303488,1,потенциально опасно
2025-06-18 10:08:26,HM-A104,39.55463592246921,36.54650686865955,6.964372227863906,0.0446400599314954,4.287401126365201,260.72050046585827,1013.2603711381092,13.909195482805634,7.092013503067175,955.3745675235868,0.9867670864504164,24.151309358599995,0,11.80842301988477,0,потенциально опасно
2025-06-18 10:08:27,HM-B210,39.11268621461585,31.515950748000996,5.455691367296069,0.0535483799931271,4.215694651093525,275.6622809744158,1013.6075098951384,12.662494781331432,7.400611184628952,949.4493844598352,0.934504324481859,20.406191080216256,0,12.105835431735327,0,потенциально опасно
2025-06-18 10:08:28,HM-A104,39.74899956645962,38.75883083517057,4.5374917548704525,0.0271167041230495,4.171435808998288,241.5984226078893,1012.9040165759742,16.31025428488064,7.996503580372511,907.3445522441444,0.9023063436066746,18.642162135151118,0,13.755900747493518,0,опасно
2025-06-18 10:08:29,HM-B210,38.6285975419418,35.39094552736009,6.673420275380528,0.0484886153692792,4.662786153940859,236.05692869244507,1013.0381834606794,15.070041695194687,6.7172221045623415,912.1366377281504,1.004200816271858,19.173077383268136,1,13.694884917064217,0,опасно
2025-06-18 10:08:30,HM-A104,38.06707597967895,32.824724263700034,5.381066119404481,0.0380677912094668,4.290153360904238,230.3043765487795,1013.620803881718,13.773624839737638,7.792729124162193,902.2058415132308,0.934653926376644,20.569012194916187,1,11.48158411534596,1,потенциально опасно
2025-06-18 10:08:31,HM-B210,37.09121518145309,34.25228185437694,6.129014030513574,0.0541418245339039,3.975075683037824,255.3931018807997,1012.8554023416384,12.153635898252498,6.763864911738373,885.3077510429962,1.0287244015773536,21.949749683340933,0,13.4878133952636,1,безопасно
2025-06-18 10:08:32,HM-A104,39.66364241677007,30.375710903989077,6.951134749627455,0.036390605414781,3.8872372514877176,279.9153465190994,1013.4031986997992,14.686551295018052,7.378823416861025,918.7207544386208,0.9699546178248916,22.59750907675101,1,11.892823714362356,0,потенциально опасно
2025-06-18 10:08:33,HM-B210,39.33031944750204,31.278668012224177,4.150526050959922,0.0358814914198983,3.55662097545115,264.748263440932,1012.869204737436,16.616129392431162,7.196505861034104,952.965119785381,0.9795953373558683,20.319597324002,2,12.631409477954808,1,потенциально опасно
2025-06-18 10:08:34,HM-A104,35.226093350530945,37.65546750515861,4.290083679362701,0.0388938540720454,4.374792742824569,245.4197295982573,1012.8354723890232,14.981899163511828,6.105957586605194,961.295005797144,1.013090481639955,22.672493837367902,0,11.015295167870594,0,безопасно
2025-06-18 10:08:35,HM-B210,35.13183487248626,30.00011634755366,6.161370224388269,0.0474657677571217,3.8449421231015513,273.84292915130857,1013.5204112490584,16.858253023097465,6.156776853940517,966.8310472383944,1.0169145911705015,24.564179885716293,2,13.995770572688466,1,потенциально опасно
2025-06-18 10:08:36,HM-A104,36.882316834390245,34.165658284822925,4.845475009886416,0.058234523941423,3.722200883024575,269.086113299398,1012.3496738309324,12.682255591352291,6.041528179448922,906.2098020179682,0.9963976249620852,22.56409889018265,1,13.283289408945349,1,безопасно
2025-06-18 10:08:37,HM-B210,39.05276665390917,35.22510181085588,4.552904190850297,0.0136781677107882,4.480744945741517,230.77075830382697,1012.6771719438832,14.841525522974184,6.741668169187979,964.695399142746,1.0407647723119116,19.109956606110455,2,11.725199179696174,0,потенциально опасно
2025-06-18 10:08:38,HM-A104,39.93638064657472,30.546344200009724,4.1180856394591885,0.0126717301195508,4.521813886732323,270.8430240270511,1012.4483445534938,15.990625240032148,7.491602097532022,850.9774473537813,1.047344765448063,22.057682390843397,1,13.05138468241718,1,потенциально опасно
2025-06-18 10:08:39,HM-B210,35.75208445551764,39.730781629723324,4.065540135958606,0.0568775168703669,4.628232338386499,245.0263378619248,1012.7182198859352,14.62770365562858,6.345510787981445,921.5574906575324,1.0420328166561923,21.79326861736888,1,11.87992208847044,0,потенциально опасно
2025-06-18 10:08:40,HM-A104,37.97065357676068,32.26125331249672,6.323456809359373,0.0364937812759103,4.255365344507887,237.48367322918008,1012.460749644732,12.455331779937364,7.211705936767792,969.0856600199036,1.0236268778015916,24.094900776288945,0,11.26836744195805,1,безопасно
2025-06-18 10:08:41,HM-B210,36.904454283155104,33.04198719636281,4.40330028210865,0.0407451507283468,4.84108190780583,241.3165419868537,1013.1588112621732,14.914430007736089,6.577655560062156,944.506708096203,1.0058437830366378,20.45212138649082,2,12.275929869101391,1,потенциально опасно
2025-06-18 10:08:42,HM-A104,39.84957198907301,33.03942512255027,5.403161847913452,0.0341211800797364,4.904514130097342,253.42899021875692,1013.5963416052356,15.05868952921236,7.593985247958145,921.109468623176,0.9994988786822502,20.96061927039676,0,12.841156587330936,1,опасно
2025-06-18 10:08:43,HM-B210,39.21059461567855,32.3041666211735,5.8176904455384495,0.0146828726303737,4.711056409688734,251.24339635340056,1013.5732261224358,15.643546242376765,7.596792298005981,946.6963009909524,0.91556252653808,22.190613388405456,2,11.269332374633237,0,опасно
2025-06-18 10:08:44,HM-A104,39.19164352355569,30.01473822086312,5.285055401706539,0.0484044689209333,4.453390223012281,244.4443649687113,1012.7290019290976,15.80605757582737,7.550829029932847,986.0419004722996,0.9407226520228668,21.67097718219418,1,12.555218895586828,1,опасно
2025-06-18 10:08:45,HM-B210,37.34346579897485,37.293447940879965,4.0813199570087,0.0473612322544293,3.955581430386783,238.61091611035164,1013.9775208117884,15.853863441053036,7.049667027602753,934.9572700915312,0.9008532335294066,23.03311614683622,1,12.54459269733653,0,потенциально опасно
2025-06-18 10:08:46,HM-A104,37.07409751168833,39.66845499799285,6.350504507763727,0.0255851660746406,4.974417382430332,268.11153948210847,1013.1877087294116,15.31722196819483,6.569133420159703,969.967928719016,0.9206114805350988,18.282722936387472,0,12.88593572184111,0,опасно
2025-06-18 10:08:47,HM-B210,36.36703535965353,32.24293483285045,4.031539673624961,0.02531196226142,3.911204250787908,279.5054891867459,1012.7988006035566,13.07905593209329,7.618888087757269,997.1114087837796,0.9658844215753783,21.94461213444872,2,11.733936915591393,1,безопасно
2025-06-18 10:08:48,HM-A104,35.28187748325463,36.63047191803423,6.285669683132452,0.0518920690452759,3.803985382985647,268.8895790209845,1013.6710785584828,14.021178779197395,6.372201123878483,955.835230311335,0.9219804826183612,18.85170325102713,2,11.0619244497376,0,потенциально опасно
2025-06-18 10:08:49,HM-B210,39.32361188127527,37.41896326958715,6.679913481364368,0.0136178628870663,4.163231170679874,244.79684838357707,1013.4597480252852,15.880649863071994,6.579519204057312,935.9988645833596,1.0352495122015135,20.206462947638048,1,11.974572520176816,1,опасно
2025-06-18 10:08:50,HM-A104,39.06450504565039,38.48425379090525,5.298519763171517,0.0540552574178282,3.5852608560685826,242.24044807060667,1013.4985506736482,16.767134917004064,6.367895412321243,855.6228920688011,1.0208548778002924,22.631388030726733,0,12.19574357757709,0,потенциально опасно
2025-06-18 10:08:51,HM-B210,39.99858836643065,34.22629197013609,5.606627419293394,0.0228330844947957,4.967741697007686,240.8832938032969,1012.3922786994676,12.39473482418311,7.348420320775295,906.171684738188,0.9107417868134278,19.101899404145243,1,12.90722316404128,1,опасно
2025-06-18 10:08:52,HM-A104,39.98318418536952,33.029309056404294,5.430950177852962,0.0396492373877746,4.382650334624637,236.83475372445184,1012.9366486147372,14.677683388985974,7.372472056231636,934.8164100272676,0.93733705732009,20.161892848532403,1,13.790515586825755,0,потенциально опасно
2025-06-18 10:08:53,HM-B210,37.77715852801314,33.25295134023031,5.167625855870316,0.0567997089500888,4.335428137496263,257.56652748461505,1013.7236562616492,13.562611356621533,7.305019985573506,969.5809857559047,1.0228607826917264,22.921045379847182,0,11.610156568350554,0,потенциально опасно
2025-06-18 10:08:54,HM-A104,38.84493707590255,37.12621333098513,6.66227360611108,0.0439061250768323,4.48369441984958,260.2700185976672,1013.0080760152576,13.126969471584149,6.831202933729336,915.7157184471364,1.0204569189839812,22.55563669768784,2,13.06200088630502,0,опасно
2025-06-18 10:08:55,HM-B210,39.72382864941214,38.16779466505636,6.681800532009971,0.0307214906233518,4.24553547166581,265.27513303315686,1013.366905486842,14.529053417598575,6.2003420144028665,994.008741364716,1.0418175825176683,18.637277684468167,2,11.29220272811981,0,опасно
2025-06-18 10:08:56,HM-A104,39.24823695338706,31.816139677566028,5.007449093924604,0.0444767104452707,3.5480952756418125,264.0106685466834,1013.1758674660686,15.030446702782683,7.822339169030043,890.7690628935512,1.049632164242604,22.04087945444627,1,11.571865266664451,1,потенциально опасно
2025-06-18 10:08:57,HM-B210,36.23674050871599,33.70941008157765,5.845209262044094,0.0271989818158185,4.418466933260596,244.61666556416912,1013.6847135754368,12.048861157097406,7.015461928024476,961.6850792815476,1.0464405094861684,19.030781233430474,2,12.527403534708776,1,потенциально опасно
2025-06-18 10:08:58,HM-A104,37.25272067655047,39.019401967491504,6.780722686437592,0.0238629208174593,4.574260815434646,246.51555026984232,1012.5691216795232,15.901032861005955,6.813944389822183,912.8547125626192,0.9615206978582164,19.765899651001448,0,13.12513273747932,0,потенциально опасно
2025-06-18 10:08:59,HM-B210,35.64579707575747,38.06693519694739,6.886175496824055,0.0598341638967339,4.12512359093608,264.0757267721169,1013.1509505557729,16.099410656297238,7.177649786496587,922.8982741848858,0.9375492665703048,21.21447895045045,2,13.575705607822815,0,опасно
2025-06-18 10:09:00,HM-A104,39.77025513629361,39.84858402762476,5.526877121266143,0.0475395115589893,4.63594335810679,247.4723820391814,1012.2464693360196,16.827554122839665,6.385580871638211,970.375305079816,1.013761528564059,18.765427763087324,2,13.231710295939097,0,опасно
2025-06-18 10:09:01,HM-B210,38.0308731722544,37.5424825968208,5.35847441585298,0.0422359988690908,3.840501949007631,240.6311594809657,1013.380421553399,12.903218666123475,6.265097558209749,894.4322892477559,0.9448909339116046,24.95552877542997,1,11.046058360581554,0,безопасно
2025-06-18 10:09:02,HM-A104,36.14321402751732,33.931952010279225,4.836082947785577,0.0277644821609659,3.831914886599276,248.71680768483697,1013.4639356767054,14.97276281180474,6.811050442915887,864.5218084892715,1.0209600540196997,19.15758692737801,2,13.051793977758072,1,потенциально опасно
2025-06-18 10:09:03,HM-B210,38.35850342202929,35.90637833994638,6.87661561957123,0.0124580414577524,3.742125481531361,243.60420787889888,1012.085674642378,14.133126867381971,6.454441388199821,928.038337692014,0.9800932095596888,23.46918839900023,0,13.47397311110092,1,безопасно
2025-06-18 10:09:04,HM-A104,38.09064120228948,36.610142542473206,4.428442913418602,0.0115528438017577,4.057992139683742,234.4156360609289,1013.351581927256,13.674139257776751,6.4885805890743296,929.3191917705624,1.019089091285243,23.808871915162577,1,12.576600432167414,1,безопасно
2025-06-18 10:09:05,HM-B210,36.790813590164205,30.78455816317124,5.739488728143175,0.0377090627724399,4.7705180530836255,271.50694511383267,1012.8293803083316,14.828167257187523,7.785022975557059,969.575165833806,0.9413819819575516,24.961247789272008,0,13.896796072899228,0,потенциально опасно
2025-06-18 10:09:06,HM-A104,35.567787960998146,35.44496959103865,4.847650802555917,0.0481016360519525,4.741868093223596,272.6555694578518,1012.2481937522192,15.911915466117753,7.06151835437165,995.2478809348152,0.9762040973330732,21.00057252496588,2,11.0129372673315,1,опасно
2025-06-18 10:09:07,HM-B210,38.357865977964,37.093208284726096,4.83702487104339,0.0368689595221927,4.074236311945255,240.987515008344,1012.839815095397,12.11526391722605,6.966938128646702,858.2951029492523,0.9846035690403272,24.118661640975382,2,13.455973851872912,1,безопасно
2025-06-18 10:09:08,HM-A104,37.60153850451897,31.673213040010605,5.2149057621285655,0.0520392535969557,4.383678103970355,233.23860997626008,1012.3884658593912,16.847000562830935,7.378959187457195,938.7534210614664,1.04146621015802,24.70277607311796,1,12.004459195757583,0,потенциально опасно
2025-06-18 10:09:09,HM-B210,38.8615919586782,37.80631717425557,6.996378807446964,0.011671326654661,4.581224474712373,266.941371867559,1012.8311190642466,16.049407928528552,7.90309622735348,952.19177954722,0.9399896365245626,19.210259014262668,0,12.951349345213483,1,опасно
2025-06-18 10:09:10,HM-A104,37.60081750555997,35.837727805141114,4.164898920519466,0.028337603821297,3.861810161942034,240.57643129317069,1012.768678055917,15.755768518227892,6.224397128941128,997.8702026122784,1.0405032358927342,21.35605262341673,2,13.0804456832555,0,потенциально опасно
2025-06-18 10:09:11,HM-B210,39.2609075015927,39.52221785697594,5.735625454610594,0.0218535195587089,3.752211628842121,249.671774471843,1013.476783273872,15.801936910902516,7.667069134218514,991.3885321415368,1.0207288373198575,18.42007573199261,2,11.918747049131786,0,опасно
2025-06-18 10:09:12,HM-A104,37.759534193872426,30.424222982068915,4.247716474105832,0.0323636484078561,4.958143989818467,233.20676261186915,1013.5484311163328,13.945303548093262,7.168038359735692,956.8676147067966,1.0096341081130042,22.34506808416941,1,13.986273499440523,0,потенциально опасно
2025-06-18 10:09:13,HM-B210,37.80468985767693,32.65326137555467,4.463562489971557,0.0136188196597061,4.426335969814428,241.31347923792177,1013.214057308769,15.758102754224067,6.292330707623675,928.26841168667,1.0180305403777687,22.069843097995964,2,11.30975008421112,0,безопасно
2025-06-18 10:09:14,HM-A104,39.383268013291726,36.01553879299824,5.318688825318696,0.0577065820785536,4.972123582750496,269.6451139164818,1012.0453736843648,13.933851043014789,6.594298637377984,874.2285883448892,0.9908137568820086,19.42888399264238,2,11.47108725550596,0,опасно
2025-06-18 10:09:15,HM-B210,37.01741433106199,32.96559912205931,5.531380394039324,0.021162770053468,4.006633980698344,270.2198223457601,1013.862044558142,16.493534147873966,6.964722832929479,907.6264832806626,0.9366120015693729,23.58531931225888,2,13.676575115753186,0,потенциально опасно
2025-06-18 10:09:16,HM-A104,35.6700761422532,37.14424164071242,4.776377225093572,0.0561153887741792,4.554547549961198,240.35424124438552,1013.372466560193,12.886111916532348,7.382354289154846,937.7683487585732,0.928424245325978,18.26088105934478,0,11.357539629334616,0,потенциально опасно
2025-06-18 10:09:17,HM-B210,35.1439133815667,37.59005282521931,4.949371392623249,0.031294657751834,3.8339054548118567,246.79569225533447,1012.0683908998424,13.461737121075757,6.485214033906905,958.7800594893632,1.0299512153775583,23.643591268892894,0,12.143858794237904,1,безопасно
2025-06-18 10:09:18,HM-A104,38.7756862783681,31.025159640664743,4.260901060767799,0.0592762066627609,3.891800256910869,236.7119209546872,1013.6376657984282,14.75668771349538,7.06975763093518,945.3099336218668,1.008770910389375,18.186517038147077,0,13.199426635688605,1,потенциально опасно
2025-06-18 10:09:19,HM-B210,38.10154775676733,35.13854464206768,4.909659351532752,0.0377029191730105,4.267853181904436,233.7086315142461,1012.400532309436,13.596055179436362,7.3693432548317235,957.1184202741612,0.9319806424141424,22.59780168495445,2,13.374475582507214,0,потенциально опасно
2025-06-18 10:09:20,HM-A104,38.52039884049612,35.08890555591056,6.899675318141632,0.0565416432087903,3.9794271882621066,279.60858572242046,1013.1584423791422,14.121186226476368,6.897481501695013,914.3728756827846,0.9922640048811604,18.55138659740431,1,13.864007530438377,1,опасно
2025-06-18 10:09:21,HM-B210,36.06482080754456,33.69280770215541,6.834122145017445,0.0102674494347111,3.7514323457608767,262.77969756224195,1012.9332687399004,14.462113446992973,7.726051922240352,959.1440935856514,0.9671319722121337,19.75857863518626,1,13.3687215040226,1,потенциально опасно
2025-06-18 10:09:22,HM-A104,35.68185737793385,39.32924862569672,5.004634870410955,0.047411940309045,3.894321052983989,257.104825459916,1012.8396775647102,16.281766744067543,7.738918205680809,871.5611884029579,0.923798275494464,23.05339344518285,1,13.533597152359272,1,потенциально опасно
2025-06-18 10:09:23,HM-B210,35.07272332833941,38.27506319873221,5.712561808836284,0.0551525326551257,3.553622591698797,268.27492502026496,1013.7794274402488,14.615961268043463,6.941382435280891,874.3879467644671,0.9797785664035747,19.962833597377703,0,13.848128017083232,0,потенциально опасно
2025-06-18 10:09:24,HM-A104,36.75293779403299,36.972093819096365,6.728786173332833,0.0169860283489477,4.55663543221623,272.00385798438623,1012.8747225831252,13.812299243072802,7.945851420817799,874.4248218744194,0.9422278638699626,21.578216941024145,0,12.661063076822344,1,потенциально опасно
2025-06-18 10:09:25,HM-B210,37.94958843427317,37.14326635734997,4.01855146792269,0.0148062925866075,4.238174985628793,270.3357384022364,1012.1506882351464,13.23868082017558,6.151170184810894,983.6297435553664,0.9144366186236358,24.4067378866408,0,12.030300380295634,0,безопасно
2025-06-18 10:09:26,HM-A104,36.96122022549866,34.61716143813119,6.432050711012776,0.0312286303592977,3.641364599606789,230.82697246449385,1013.89327745443,14.043379893960983,6.006724756645873,861.4051094962952,0.9700437447818115,18.347440478256047,0,13.284839433999508,0,безопасно
2025-06-18 10:09:27,HM-B210,37.187374610118646,39.20994521096576,6.845108658366756,0.0566839453066467,3.7575409896927368,239.3403949095249,1013.8410704624793,14.57868052207185,6.761336527607838,970.2262559100212,0.9885162828140344,23.677558556149712,2,11.49062475926467,0,потенциально опасно
2025-06-18 10:09:28,HM-A104,39.52079347246874,36.94595427253285,4.273977203000671,0.0371193280095219,3.653801807168966,262.7452651058916,1013.3688653791633,15.730574286016182,7.202194122745018,885.0356347070106,0.9070359615571726,18.456903989979427,1,11.20469501001217,0,потенциально опасно
2025-06-18 10:09:29,HM-B210,36.7412773351165,37.28981061655816,4.484343058098763,0.0363728231860866,4.418889212413815,248.78796739019816,1012.935785056264,12.605243880861693,7.258400314899322,920.2644910742875,0.9603139124116497,18.887563910356736,1,13.355992595368306,0,потенциально опасно
2025-06-18 10:09:30,HM-A104,37.56994744579905,38.616909037873455,6.882238908314067,0.017056305914966,3.641315545418741,279.12413255305535,1012.1857189458872,13.108045941195757,6.952891472587657,987.3934893198516,0.9386492879755028,18.83523372722448,0,13.852014074188556,0,опасно
2025-06-18 10:09:31,HM-B210,38.91826506370572,32.74071589342191,5.612620430921039,0.0100394755546609,4.631423499552824,263.2702396319127,1013.581496237155,13.898270079343366,6.249766626481293,937.890584453126,0.9045975886060847,24.958715982475084,1,12.327340834899124,0,потенциально опасно
2025-06-18 10:09:32,HM-A104,36.98271391160635,38.07070903866703,4.042589903415172,0.050507004537273,3.5307663789805868,277.8274454364603,1012.150955828848,13.801992025597572,6.340995043575789,881.5176529348538,0.918849382441726,19.261304235320733,1,11.483400360344357,1,потенциально опасно
2025-06-18 10:09:33,HM-B210,38.11043350113937,31.95240602956492,4.772895996290588,0.0143787281493119,3.8740636819938383,240.0723240822897,1012.1372019697905,13.95874043802606,7.704295967704018,892.613509047821,0.9208551238227568,24.27733292379388,0,12.491062928260588,1,безопасно
2025-06-18 10:09:34,HM-A104,39.31181854373373,33.45341952244888,5.349831022806579,0.0416924909367662,4.836000013837861,273.1978514057512,1013.0747676848788,15.967606323201622,7.735822263478522,988.066993584368,0.9274311372176955,24.93652514062588,0,12.179953555860234,0,опасно
2025-06-18 10:09:35,HM-B210,39.74760311828821,33.356104542698425,6.078726733074303,0.0557308227257595,4.577796977183369,246.06761529076127,1012.3202564803692,13.620772014810866,7.347797075721441,914.0715887664968,1.0205066357156882,20.686493392886085,0,12.117421819275489,1,опасно
2025-06-18 10:09:36,HM-A104,35.73536740464519,39.78525468389141,6.199481134410399,0.0204325956579215,3.609452499388532,279.47824041189034,1012.0154605346806,14.509490902013322,7.328435944557764,938.0478224510184,0.9659237799717209,22.4173398047008,0,12.884242519931648,1,потенциально опасно
2025-06-18 10:09:37,HM-B210,39.63293812580747,38.56537223747927,6.986264538776368,0.0432636418118455,4.73168915672777,237.88443360365736,1012.8462268619916,15.119535164289482,7.195364256055616,918.9898294938084,0.922062898840558,23.453638776345286,2,11.52420714413092,0,опасно
2025-06-18 10:09:38,HM-A104,37.46058146539769,37.0116986159026,4.862533598151277,0.0139349288353754,4.239552682310308,255.81699094191637,1012.27443446322,13.160892750918023,6.405851771403976,906.7657132072676,0.9150445450391834,20.748515572853456,1,12.14144464609214,1,безопасно
2025-06-18 10:09:39,HM-B210,36.29122194149479,37.2705676161539,5.614660305605426,0.0401877571918806,4.770174540753244,269.6422266918561,1012.3210308305614,15.593476935737694,6.856501400519806,883.4918690398603,0.944691068809356,19.13269898348465,2,13.60603051732019,0,опасно
2025-06-18 10:09:40,HM-A104,37.295678781191306,35.62072794402571,5.599970643578815,0.0181965860476601,4.40110966167559,251.6321240302018,1012.1538212774708,14.735556598691405,7.391789302926758,952.9287250726904,1.0197023278056678,21.03633920654793,1,13.188995292851365,1,опасно
2025-06-18 10:09:41,HM-B210,39.90016287642739,39.47090667108519,5.216935778341712,0.0467976780257589,4.522749548049288,253.40420300938237,1012.4101875074472,14.233905815156891,7.074504544006677,957.736303940818,0.9546689771909466,23.40321351502061,2,11.166765400366367,0,опасно
2025-06-18 10:09:42,HM-A104,37.46309046996435,34.96258752882362,4.50748568152726,0.0250615647396954,4.990252340593562,279.31778977528705,1013.4309683595488,16.048920133691567,6.037160668110198,891.2327637411099,0.9239846040440908,23.46533933923882,0,12.541711387887462,0,потенциально опасно
2025-06-18 10:09:43,HM-B210,36.64375805143754,33.80517709869895,6.932369689551527,0.0331695504402323,3.8485033188860274,251.2654075150577,1013.6178546144356,13.21747629592591,7.907113613440197,968.3516264582246,0.960617427231924,19.613771545196396,2,11.273885953720637,1,потенциально опасно
2025-06-18 10:09:44,HM-A104,38.16700427158363,31.63035336931591,6.559951559999758,0.039971527101381,4.435918362142083,260.2036050299532,1012.9050672880586,16.415879853071615,7.689632105144287,978.180280045252,0.9832967335930588,19.224759479235225,0,13.87248928684569,0,опасно
2025-06-18 10:09:45,HM-B210,36.200728093890966,37.86205652261058,5.494999084882712,0.0185636705333119,4.1904820850860975,232.72698303375756,1013.0131076317628,14.80524367683352,6.521090028219476,988.1012644359446,0.904437627545702,24.44392491470245,0,11.733921922649015,1,безопасно
2025-06-18 10:09:46,HM-A104,35.37931664054332,37.34443932075592,5.80973626805209,0.047081890930881,3.5591779293840373,272.110504010513,1012.0653100691884,15.045874396898292,7.232917870332592,874.1818620877555,0.994146270216026,18.307993213908173,2,13.79786307714024,0,опасно
2025-06-18 10:09:47,HM-B210,35.64439860955325,33.84355038524135,4.681783160678987,0.0251320170318407,3.521705962254297,262.4084024489772,1012.1386325227428,16.375294820844715,7.846478767456375,895.58855254199,0.9592651129522184,23.143169330355608,1,13.502025225474544,0,потенциально опасно
2025-06-18 10:09:48,HM-A104,35.640229194788866,30.251934139592294,5.631361211175241,0.0431185929956376,3.678842866726788,250.20100514314063,1012.515135451299,16.08791343924668,6.192022024227303,979.0530021255544,0.9014588812696792,18.32494969812728,2,12.654093304091898,1,потенциально опасно
2025-06-18 10:09:49,HM-B210,35.75951346756147,38.3899732771801,6.084910399364428,0.0179141525349686,4.473637610807822,230.808476997726,1013.0877968414264,15.0078103441095,7.006058961593402,879.7810304241841,1.0010834098419572,23.865300356026918,0,12.008913718528904,1,безопасно
2025-06-18 10:09:50,HM-A104,35.69413586324705,30.11417983454073,5.545501085159766,0.0444058829603175,4.350744631870088,259.5834410296752,1013.47910229747,15.765938519240873,6.912486051692589,850.5202688865243,1.0068581453343972,24.337903693352715,0,13.573840042071952,1,безопасно
2025-06-18 10:09:51,HM-B210,38.20437372401607,37.03699779629051,6.970855511754824,0.016409403640523,4.330144341745591,230.6328914242081,1013.210006122676,14.166597451164485,6.820410010567064,980.6240965377452,0.9943259682838024,20.08193386960369,1,11.458351102809624,0,потенциально опасно
2025-06-18 10:09:52,HM-A104,35.90940042199573,39.702571097260574,5.834024968743178,0.0312678248134991,3.54778514379239,230.0601806954509,1012.7842557099736,14.736888767498732,7.67117721778585,898.9674162627055,0.9512895326397632,18.517549504616884,1,11.53992234169709,1,безопасно
2025-06-18 10:09:53,HM-B210,36.728336416619314,34.37661328148204,5.112921137776507,0.0223603036869438,4.20395449454001,260.80492810746773,1012.2366481460062,12.310350683542556,6.761292293394915,912.1746287708424,0.9794407281098942,21.364791754432,1,11.674168032100429,0,безопасно
2025-06-18 10:09:54,HM-A104,39.48394204953006,32.34973404995953,6.316456082847514,0.0474187624714091,4.886934226763793,239.4508533667277,1013.5615464697744,12.449289590000234,6.127326666482015,916.9501038580956,0.9580736559200154,20.089241257218337,0,12.79309069353856,1,потенциально опасно
2025-06-18 10:09:55,HM-B210,37.36980820131436,37.048710100433816,4.511387534744927,0.0231017502253437,4.09638780396597,239.5943774859048,1012.727572103198,16.14712702093166,6.131675484328605,977.2411901000844,1.005093259523954,20.919952999672653,2,11.942975673657545,1,потенциально опасно
2025-06-18 10:09:56,HM-A104,38.33778869260514,38.17128142015585,5.1535474411188,0.0540858653197698,4.437383704682684,262.6635782916372,1013.4721080289656,12.298358278412485,6.085489213049218,900.683821689019,0.9875370279350534,22.65489817442076,1,13.967544318436731,1,потенциально опасно
2025-06-18 10:09:57,HM-B210,35.86159935600815,35.46430316077847,5.040876851132758,0.0545910105703306,4.669728013434716,232.6848593969687,1013.0259576838288,12.846995628163036,6.818290843748074,983.8419828784722,0.9122698670741176,19.46878225164102,0,11.585339105879491,1,безопасно
2025-06-18 10:09:58,HM-A104,35.96144509404336,39.67035275256146,5.295421285323332,0.0198220657611392,4.675887918712832,245.6702780737278,1013.4773241071236,15.979163294752208,7.43681255539672,942.5408707072072,0.9964640337328496,20.498660986598605,2,13.416830292662462,1,опасно
2025-06-18 10:09:59,HM-B210,35.2043430813324,30.51668721657961,6.345339477786179,0.0406922972503862,4.278920123592907,237.47159510710097,1013.8145791229052,12.00572975314128,6.407444923861031,929.0930086050528,1.0030857621506704,23.47793743204872,1,11.287508655520387,0,безопасно
2025-06-18 10:10:00,HM-A104,35.844675315360824,35.047955983045284,5.452519096490223,0.0143858820859982,4.786927918103505,259.0088184898267,1013.8420590321076,13.412021644229322,7.292937040863099,898.8421760691193,0.9556053270922048,22.506333649669752,2,12.060339686898558,0,потенциально опасно
2025-06-18 10:10:01,HM-B210,36.3929516951598,37.1845394732255,6.382043350797888,0.0295768549800814,4.087067140045621,263.08825773636977,1013.0702135600012,14.92019328913311,7.374176944207408,886.5567544421779,1.0313678671439557,20.28392843805867,2,11.731287500618162,1,потенциально опасно
2025-06-18 10:10:02,HM-A104,35.88505242138373,38.62640471149179,5.729466709419597,0.0456660864750636,4.833039822177198,266.0567926799522,1013.0230167295312,14.977249657346484,6.510404248031196,943.6087664166024,1.0264521532267443,22.6501112018195,0,13.93050784589076,1,потенциально опасно
2025-06-18 10:10:03,HM-B210,35.44351266878528,31.7925561190779,5.026208303972666,0.0429711623424958,3.860340749593318,242.76156084592827,1012.5313569310056,15.885764541147369,7.201115312121258,917.0341240084864,0.9262749785849608,23.357190460243764,0,11.077191739332369,1,безопасно
2025-06-18 10:10:04,HM-A104,35.603179355503,38.000034817636816,6.429936231050418,0.0412350334703304,3.920324610485857,234.4624875818292,1013.8715996630584,14.529631272460852,7.369736680053695,986.5774014898008,1.0356399462728805,22.147399066669514,0,13.16500857710168,0,опасно
2025-06-18 10:10:05,HM-B210,37.30389384016363,35.527070757185456,4.714869011659275,0.0241270431831221,3.5796809362985016,233.9341828470949,1012.9158383343992,14.547009347654852,6.933227245604251,923.7458074171076,0.9661308557242616,19.67647782750706,2,11.743166376202694,0,безопасно
2025-06-18 10:10:06,HM-A104,36.03166859202896,33.96553681989963,4.673148939399386,0.0289012474717201,4.693372754813424,251.30757742253616,1012.2551824785749,15.626552877703505,6.67343319456019,926.7692375051788,1.008562447895144,18.00171703358395,1,13.433745987759856,1,потенциально опасно
2025-06-18 10:10:07,HM-B210,36.821349305240375,31.317150285790937,5.513508772164507,0.0151473072350143,4.125582854349059,277.29222045313577,1012.865409829253,14.493122316331418,7.238303103148654,912.5084921704,1.0221145510450855,23.61994374891797,1,11.933673198755551,0,безопасно
2025-06-18 10:10:08,HM-A104,37.51708635427429,38.65295758908913,4.782547737886267,0.04595114102168,3.8436749208670986,240.88645171235123,1012.254106500476,15.042455432818084,7.955694174656114,968.3894495486928,0.9757668631604536,23.758434887213152,1,11.56185273503445,0,потенциально опасно
2025-06-18 10:10:09,HM-B210,38.45197414314683,31.572732081797152,4.027261104853649,0.0351944398395636,3.8476854164248695,242.8370800670775,1013.005063368514,16.488870341275256,6.853682818737957,913.7258797163904,0.9598652909056224,22.88323150976053,0,13.079119554269788,1,безопасно
2025-06-18 10:10:10,HM-A104,35.19656069920549,33.09787859209099,5.944892581896404,0.0454382816172827,4.852099911843849,235.04444010529292,1013.1225510297124,14.00725503806186,6.783470192570242,890.4012999624632,1.0373177052922649,18.536066519573296,1,11.77272960712382,0,потенциально опасно
2025-06-18 10:10:11,HM-B210,38.99705199454522,32.90045531962437,5.533281464417194,0.0224471762398436,4.750874900691556,260.2785136946965,1012.6755115229872,13.92562535459611,6.9285338048522265,979.3046311440264,0.9346280329403136,22.096556012556324,1,12.456640609935247,0,потенциально опасно
2025-06-18 10:10:12,HM-A104,38.13950194745454,38.71414034190855,5.336553443479484,0.0262219114317533,4.330296328035775,263.9936436973587,1012.143301228463,12.017744959323856,6.152436786890096,939.524233204786,0.9385455116578716,23.74714469890125,0,11.394600266942136,0,безопасно
2025-06-18 10:10:13,HM-B210,35.40879515974436,36.72702994208898,6.900905543854946,0.0267107668630057,4.424166200623581,262.146560408038,1013.8870070712665,15.06713130760616,7.10632655934278,938.7265329653504,0.9542430471020156,20.72767824075716,1,13.173794033129518,0,опасно
2025-06-18 10:10:14,HM-A104,39.367893120533886,37.96681397191372,5.713597551888741,0.0112871204873608,4.211488355825437,273.05651215223907,1013.5467062269668,12.14885953703566,6.657394774434527,941.623331074589,1.0289198666955848,19.38600513954178,1,12.220508615161618,1,потенциально опасно
2025-06-18 10:10:15,HM-B210,39.604362002659066,32.50467898792499,6.590294733368154,0.0270523936415311,4.087499814318213,254.3212917513036,1013.6777621610104,14.52074244864158,6.242844244662525,957.82596223085,1.0408182396319614,22.113391080690292,1,11.421739278311785,0,потенциально опасно
2025-06-18 10:10:16,HM-A104,35.30538979927432,36.24874099606999,4.41835070861548,0.0501652286759016,4.873215321827497,236.7228520383532,1012.7337367885724,16.021168945161133,6.9325134822347465,896.9601983968851,0.9330101572132292,23.784146391106145,2,13.224785140372946,0,потенциально опасно
2025-06-18 10:10:17,HM-B210,36.384388240736016,35.71745983143749,5.707619389388283,0.0548649247874869,3.688419055280453,244.47025653522064,1013.5216620600388,14.749605352598316,6.006767973147955,855.0766556249504,1.0295805221446868,18.34208971094946,2,11.310086576095207,0,потенциально опасно
2025-06-18 10:10:18,HM-A104,39.0310063989653,38.32830376788271,6.603938880192709,0.0359109157817963,4.127670184574342,263.1214986710676,1012.9707457903384,13.34818082608338,6.803570490325518,971.5889741315516,0.9387304439202854,22.17865852012515,0,12.724461267526898,1,потенциально опасно
2025-06-18 10:10:19,HM-B210,38.74129845191829,39.06087060481261,5.749317271839693,0.032775084760961,4.016842861981813,260.656098687078,1012.402166976812,15.930842107246855,6.211470535852901,869.3357580822457,1.0455961870124832,22.50221656737539,0,12.822455509070153,1,потенциально опасно
2025-06-18 10:10:20,HM-A104,35.922605096781886,30.121567714773867,6.154042534381005,0.0115412309349685,4.247226080376723,256.5501564871481,1012.2488467538144,13.348585020412694,6.04858540679956,958.2729605815816,0.9896111837972372,22.21656927543796,2,13.791051501124093,1,безопасно
2025-06-18 10:10:21,HM-B210,36.04674661668355,36.74019919058793,5.116130703436622,0.0539602168792691,4.186447811817763,264.14822093443433,1012.690101738644,15.665158904729491,7.648950092489004,862.3472947430993,0.9010629701171072,22.55023578965934,0,11.452941495635708,1,потенциально опасно
2025-06-18 10:10:22,HM-A104,36.85236051395691,30.51835799119729,4.2773485511112,0.0106505106712936,4.278334297476622,261.86954251866496,1012.2751042229504,15.051292275951155,7.832497606565269,906.2961763042738,0.9051194856106768,22.41962715322908,0,12.960039079190809,1,потенциально опасно
2025-06-18 10:10:23,HM-B210,37.42261492595511,35.48858665077356,5.373700885381214,0.0572375040105105,3.7098784658404913,274.0662444732476,1013.9965379524082,12.849981483740006,6.4153492967182135,859.4539104747307,0.9221226796207064,18.912827194862444,1,12.1423057441858,1,потенциально опасно
2025-06-18 10:10:24,HM-A104,38.09127385765148,32.876327290436784,5.183438172516572,0.0344608124344045,4.269712252269915,259.3008188739148,1012.098377980464,16.52566937422093,7.078596527668522,928.3320519441588,0.9281359736728136,19.64455743864241,0,12.202443041078928,1,опасно
2025-06-18 10:10:25,HM-B210,36.84456819784887,33.067765995221414,6.601180547136842,0.0270967246787363,3.863628220830816,268.9300679350278,1012.882287198738,13.003218414785978,6.55591631426197,947.9703659172362,1.0151428684239896,22.332958037023072,0,12.505475545831423,0,безопасно
2025-06-18 10:10:26,HM-A104,37.31267358066574,33.52958503452356,4.731985907057417,0.056210921742133,3.776497023482287,242.4353577983234,1012.9041870447808,16.947935370703348,6.987154877344365,875.7149711767282,0.9334148814625424,18.123852127957395,1,11.701353836147016,0,потенциально опасно
2025-06-18 10:10:27,HM-B210,38.73735469066878,36.2129244904961,6.900202682605324,0.0112195496555048,3.597251328179287,263.9091292294534,1012.6012638571632,12.036552443274704,6.873262641788321,905.7441427657604,1.045371243007479,22.44321163106271,1,12.383549716857374,0,потенциально опасно
2025-06-18 10:10:28,HM-A104,35.18341601445299,33.34049965668769,6.874414359413489,0.0390712447434543,4.643978838134212,275.1097059191338,1013.142703131414,13.317416885714517,6.538102110160971,989.535923656458,0.9954168085804408,22.657706366495223,2,13.060538505202503,0,потенциально опасно
2025-06-18 10:10:29,HM-B210,36.2621847217201,37.326990505902806,4.742894929214316,0.0374466262249668,4.14116288128484,249.28661639499165,1012.2999540483032,12.999301486370994,7.400787159270595,916.3583675661184,1.0038776263880278,19.674223319031608,0,12.371339118645375,1,потенциально опасно
2025-06-18 10:10:30,HM-A104,38.56674792942276,34.0452738557387,5.044155866431962,0.0209660200605691,4.439965524967637,268.9552093669323,1013.5678247611744,12.069967050852313,6.252981918640509,970.3815353464836,0.9326724778927812,22.186929808271977,1,11.127525281993268,0,безопасно
2025-06-18 10:10:31,HM-B210,39.476034188436,30.683532003099582,6.686667222621655,0.0314443715675105,4.591390014957115,266.23946505977176,1012.6648954364952,15.661839500736578,6.106145564342734,989.0777117590312,1.0339059471142629,21.73863042506635,0,11.773478742634572,0,потенциально опасно
2025-06-18 10:10:32,HM-A104,37.55838721057833,37.83759842484108,6.899866662688322,0.0426132002971885,4.51897499797033,232.9763098435911,1013.1826851795972,15.46712901049798,7.535350866074558,996.151873746593,1.0001721859229895,19.8248408370718,0,12.054380638259328,1,опасно
2025-06-18 10:10:33,HM-B210,37.66056742632658,32.85758324592706,5.330317308508132,0.0463565598440963,4.205751078634523,259.0754154812036,1013.431278472134,15.961754821774653,7.331860062441359,984.7483029537054,1.0296608436512795,21.240818083123283,2,12.0641634106689,0,опасно
2025-06-18 10:10:34,HM-A104,35.53586005669888,34.32766879599263,4.962991136922693,0.0100358429353289,4.0818477934275945,236.50946746004013,1013.7780842353804,13.283492732322827,6.997052248292796,897.6107993738453,1.043472164584684,24.36737170588527,2,11.243020677557965,1,безопасно
2025-06-18 10:10:35,HM-B210,37.23706183411727,36.85443883221902,5.578282039754626,0.0568426715045507,4.063939864460996,278.36595861152955,1013.6715748729044,14.22167583541485,6.935579540945083,994.385932924179,0.9188461465664396,20.98621946321918,2,12.34871165485179,1,опасно
2025-06-18 10:10:36,HM-A104,37.66308633227512,33.32456157148712,6.063307619097205,0.0182262686196406,4.4600731953950845,270.5703751350328,1013.2166180562072,15.295567608107737,6.994822758982853,971.8592862619072,0.914488084540342,22.40890923815651,2,13.0758470569657,0,опасно
2025-06-18 10:10:37,HM-B210,36.212352518173645,30.56585656146716,4.820423546124939,0.0216790217111179,4.24219153241281,235.486190062356,1012.7767863607678,14.198842519440715,6.8740481521973456,975.5763375459233,1.0205111739884454,18.24745574728486,2,11.14601605414587,0,безопасно
2025-06-18 10:10:38,HM-A104,36.346216154746905,33.739210470128135,6.2094195238572185,0.0231736722846924,4.773698371982766,236.08759988238396,1013.00640934015,15.48662885158958,6.785784591662358,852.2759476257752,1.0299189088641256,18.54460079325469,1,13.252772517119691,1,потенциально опасно
2025-06-18 10:10:39,HM-B210,36.88642081552311,39.44448582694304,4.154972071343924,0.0118910068276017,4.812052976490068,259.72369274563096,1013.5374695867577,15.16986704220221,6.999381205772241,993.135829497744,0.9875642131316978,18.56915651312323,2,13.865315608890375,0,опасно
2025-06-18 10:10:40,HM-A104,35.10035598888863,36.417343972985584,4.14788347829325,0.0161526061795162,3.755840567009778,247.2444587086592,1013.7550910851188,12.573239015110882,7.057030342319521,966.7135335773112,0.9549000821625782,23.44768534538512,1,11.028014469114812,1,безопасно
2025-06-18 10:10:41,HM-B210,36.610395827915895,36.71479148667207,5.158863115436636,0.0593174961472081,3.704350477318589,231.74529295365545,1012.2075638563532,15.90521560538484,7.383804628167242,965.195124476185,0.9978944454112836,20.45179826362417,2,11.581076947796436,0,потенциально опасно
2025-06-18 10:10:42,HM-A104,36.057240034982726,36.3228215363764,5.060419576182162,0.0257608368688643,4.445601389054,257.08207539165267,1012.769712524986,15.603381795462592,7.422414321468045,862.2287096392879,0.9458496108888688,19.59328181856069,1,12.630463347035876,0,потенциально опасно
2025-06-18 10:10:43,HM-B210,36.63748676088957,31.989921389594368,4.946899646101457,0.0157650545169524,3.951838622093419,249.39225498429235,1013.552233196827,15.279171938087028,6.755258160280289,884.8852811609997,0.9357578538230202,23.23127197916206,0,11.654148459650209,0,безопасно
2025-06-18 10:10:44,HM-A104,35.59881065909626,34.1833386410228,5.473059288006731,0.0153495630587311,3.527856078147648,235.05382461858716,1012.863303525188,12.775468031355013,6.8270810454869775,994.3392497706848,0.97322178142909,19.18972043789322,2,13.293878095033604,1,безопасно
2025-06-18 10:10:45,HM-B210,39.45263640369947,37.50939798363319,4.962200746934713,0.0459729983834985,4.832964004044433,270.0960196127991,1012.6644555281324,13.339982243976818,6.747394339472447,925.1015612208214,0.9324230741409568,19.725447675491964,1,11.93640294487833,1,опасно
2025-06-18 10:10:46,HM-A104,37.96796226777025,31.013728975531592,4.576773755404275,0.052728433201632,3.840351150865712,275.7538382639403,1012.8226453936466,13.965885157938002,7.073071547251421,909.6787027355884,0.972555541247276,21.016520102890148,2,11.880875846953757,0,безопасно
2025-06-18 10:10:47,HM-B210,38.395511595722446,32.77852776089712,4.928408647265803,0.0228476149754234,4.893920977528714,267.8296967007065,1013.2056894935728,13.399648108282218,6.906707075828391,975.991122572037,1.043490975819536,20.32006648310229,1,11.002771627350326,0,потенциально опасно
2025-06-18 10:10:48,HM-A104,38.94585619303669,32.76319108465854,6.924712818430705,0.0110454756167617,4.57615167631738,271.12111550081386,1013.9996102882676,13.139051453380658,7.779192926272387,863.1010621170916,1.0259676053426086,22.09774547725651,1,11.810378564564829,1,потенциально опасно
2025-06-18 10:10:49,HM-B210,37.49221099464528,34.32018927594506,5.233340250984545,0.0211545009222677,4.643980234867227,240.82452836330583,1012.985984858209,16.02678835080888,7.392722533832945,912.5413024406588,1.041244637925003,20.36488433352393,2,11.653011565720576,1,потенциально опасно
2025-06-18 10:10:50,HM-A104,35.43460144043712,39.803687409421855,5.334138330575007,0.0128257845398378,3.8021922436897406,243.1786475459301,1012.4169889499084,15.191161231801011,7.797312767508891,906.3551161633126,1.0209493462271038,20.75066145101224,1,12.029722901427428,1,потенциально опасно
2025-06-18 10:10:51,HM-B210,37.68553270909274,30.67502546683822,5.72963496985342,0.015169746831502,3.851291638425219,240.4263770149594,1012.3256931505582,14.827360657751251,7.418273983118851,902.4777080545588,0.9532126403919416,24.0402062577464,0,11.4429699590729,1,безопасно
2025-06-18 10:10:52,HM-A104,37.9342055901044,35.18700994380595,6.95002230524268,0.0315754059923821,4.281901630736098,268.2531715682782,1012.0846994949528,13.129763554266267,7.941984297047628,896.153836547961,1.021806785782734,24.191720077396017,2,12.783945999267484,0,опасно
2025-06-18 10:10:53,HM-B210,38.72719737092165,31.793646820122103,4.724803829307289,0.0214959185430816,3.758149778974793,277.39585394672486,1013.1176344698366,16.590382811343208,7.271473556510538,881.5112435185117,1.0384373615329825,23.79397833569385,0,11.71622463047703,1,безопасно
2025-06-18 10:10:54,HM-A104,37.1582977311484,39.70676545409744,6.043846331597301,0.0357972939262711,3.958147539024549,265.8418603366951,1013.0891441829776,12.95591519548658,7.92710027632611,875.9366204485783,1.0420553681755582,24.05381652893243,1,13.495252594244528,1,потенциально опасно
2025-06-18 10:10:55,HM-B210,35.637901513977816,31.13303504727464,6.147954080625173,0.0226746876628595,3.9821937169217065,274.0733382439778,1012.4104678535606,15.974754664123385,6.316339780818852,946.0609175379512,1.0024796776027496,21.98810068537382,1,11.853673840212837,1,безопасно
2025-06-18 10:10:56,HM-A104,36.41887952899362,34.03601002361592,5.821973250379198,0.0570268650551473,3.739444899879146,261.93495474415863,1013.3906588129051,16.833363333526464,6.104955361658808,987.9092261813016,0.931704996572267,22.523632503259687,2,11.632608798378982,1,потенциально опасно
2025-06-18 10:10:57,HM-B210,36.81541148199317,37.378849848346064,4.265735018909933,0.0552971983963132,3.807774250092741,249.38299502794,1013.4822140832594,15.63546364612118,7.158250370407719,926.3277467874824,0.9059593730047036,21.900212165884582,0,11.170254085818303,0,потенциально опасно
2025-06-18 10:10:58,HM-A104,38.229586206658006,37.045544280274456,6.03061682748273,0.0383403052505233,4.682827763012385,251.28808074651525,1012.5181964107642,16.964293875923147,7.966986411599549,894.6961828519966,0.9220800342240234,23.49911658837044,0,13.219720070065232,0,опасно
2025-06-18 10:10:59,HM-B210,37.85389152334456,34.227286368939325,4.192284133108527,0.0277211995993693,3.7507937818209034,233.76607160837025,1012.6881995280596,15.255255584889731,6.835210494604794,873.8740296583339,1.0448320376840918,21.85700340033011,2,12.524624525112667,0,безопасно
2025-06-18 10:11:00,HM-A104,36.78048362948923,33.46524167952718,5.788427948649691,0.0290573441017367,3.542686087765884,231.5728597623013,1013.9809433446944,13.087301718019477,6.424086724385919,974.5215047578891,0.9693145236289156,18.777538751855463,0,11.341348992141448,1,безопасно
2025-06-18 10:11:01,HM-B210,39.932576243964895,33.976123785528706,6.218743531665228,0.0305926141572248,4.444032413943408,264.7737802094539,1012.7485289357014,13.019097468582556,7.043082898387028,995.723808470982,1.0282479022248086,23.66706084319802,2,11.664004347852536,1,опасно
2025-06-18 10:11:02,HM-A104,38.02887409678444,32.64276263158639,4.632909671859851,0.0463789661067472,4.963974679088675,251.92144460055903,1013.5216033435122,13.62282142127738,7.297597249157777,902.3733102201778,0.9697566230337435,23.324096194742754,2,13.996157216179528,0,потенциально опасно
2025-06-18 10:11:03,HM-B210,36.18613395867997,32.053329387068,6.524866022628322,0.0325819497759418,3.9968207219346814,257.61075340273146,1012.90545085326,12.03565010110503,6.630357391031778,893.6425638328193,0.999122637518976,23.74210416697838,1,13.418086180350738,0,безопасно
2025-06-18 10:11:04,HM-A104,35.50891236310202,34.8303969755889,4.091061416599013,0.0528364973252948,3.677983554794378,257.8830623811208,1013.586689655722,15.408492350414171,7.429538716998519,940.2239429462412,0.90362111656835,19.33300624372833,1,12.049608457302767,1,потенциально опасно
2025-06-18 10:11:05,HM-B210,35.76429569592166,32.685337560676075,6.531438590974918,0.0572047392965182,4.355580988051296,243.86879066666503,1013.5380464775652,13.343338923139138,7.950229014091452,966.2993471430138,0.937479741407905,19.90131936900477,0,12.627664491846032,1,потенциально опасно
2025-06-18 10:11:06,HM-A104,36.22978864192254,32.8746166489725,5.380987151928295,0.0267973076689466,4.859531316643469,253.79462554147452,1013.335512050397,16.075916161463766,7.793926243421234,918.3104205324496,0.9654403920063884,20.07026188084471,2,12.24805147670178,0,потенциально опасно
2025-06-18 10:11:07,HM-B210,35.80340686629778,36.56756063474557,4.6527638197949335,0.038034724068784,4.676092669742719,253.53801108338516,1013.7095566925911,13.7958632527965,6.583170747024391,944.5109724791424,0.9945946570731246,21.55656375329972,2,11.10916869620257,1,потенциально опасно
2025-06-18 10:11:08,HM-A104,35.93283512025653,39.68537331699892,4.401334434981904,0.0147528268416282,4.433773802619074,249.42136106139284,1013.8784369897554,14.399782467316562,6.653447366289196,957.4823602034936,0.9257281782079768,18.93713958914422,2,13.336031027638718,0,опасно
2025-06-18 10:11:09,HM-B210,36.42547584346924,36.03637200559375,6.859921502747118,0.0200234523883179,3.972584744911399,271.0337691700535,1013.159966640904,16.828444582801847,6.743082448899177,994.0888431784268,1.0146827196405734,20.697672272924077,2,13.150958339669682,1,опасно
2025-06-18 10:11:10,HM-A104,35.86686797647378,30.769794670649663,4.217996762743471,0.030673288335508,4.31282025991433,252.55820018437976,1012.4749378144456,13.210860615236385,6.789105556787291,874.7555995780125,0.9546607059204356,19.27510712755321,1,12.226406943487634,0,безопасно
2025-06-18 10:11:11,HM-B210,39.48382712313212,30.75583613854067,4.597280259807777,0.0203101357950889,3.636867261956383,260.1822262252994,1012.7972579232882,15.6062704871487,6.200638998386559,999.6073740738054,1.0226152903850827,19.853338991229155,0,13.537691410641882,1,потенциально опасно
2025-06-18 10:11:12,HM-A104,35.401168728308214,39.51423220845566,5.043467042299138,0.0538280245394358,4.518418136421005,274.7760060190413,1013.5166114270264,15.775588946527089,7.523925677778578,908.8234982861844,0.91469536355926,22.94471344190899,1,12.604217284667644,1,опасно
2025-06-18 10:11:13,HM-B210,37.62255694785127,32.972907903073335,5.860704546883362,0.0179143128029549,4.587644028346476,273.3116811429461,1013.3017669702476,13.104990787618176,6.730678527221401,958.480021408983,1.0019634881523558,23.98367809422097,2,11.195625318235413,1,безопасно
2025-06-18 10:11:14,HM-A104,37.05198413494831,30.92066986082476,5.634403255828295,0.0327830410776546,4.947547434364878,274.52111018895823,1012.3555966771304,14.504984183060978,7.759639953410904,935.8621566959496,0.9439992499809764,18.160341066180287,0,11.778218870740645,0,опасно
2025-06-18 10:11:15,HM-B210,39.91189308454303,35.990445871503816,4.376930477236942,0.0402849620229937,3.8905960381176072,243.5002498232507,1012.1024790822928,13.75100962656484,7.853881246240217,923.000292551326,1.019307476118393,21.961278743485003,0,12.385318508257535,1,потенциально опасно
2025-06-18 10:11:16,HM-A104,35.56019451084026,36.23648778290266,4.869183951214644,0.0445931954080422,3.527684628564534,231.74912441540317,1013.365923187084,15.859531217000445,6.048862618615376,954.711305309738,0.9603255640563616,18.25241833443587,2,11.31034771613239,1,безопасно
2025-06-18 10:11:17,HM-B210,36.98927799522871,36.485048201186885,4.716255313258072,0.0291534684863253,4.318412696640726,243.05333999476647,1012.5021580480588,15.112416595145188,7.977006139856412,909.3630775335392,0.9998024448395352,18.59674471508085,2,12.713243578588717,1,потенциально опасно
2025-06-18 10:11:18,HM-A104,39.84735216637685,32.67402027857541,4.640628563471024,0.0534549534362364,4.560185756595222,243.93536728103544,1012.999340487458,14.379915274302736,7.420045463000369,868.916497200521,1.0401457902954712,22.935588242298763,1,11.361704485050204,0,потенциально опасно
2025-06-18 10:11:19,HM-B210,39.3275356294699,30.15110684214475,5.2334330094399615,0.0384159575538962,4.685611213824481,275.4680163362484,1013.4934935450252,15.896816325238593,7.040784451985925,923.334007468186,0.9030939948020646,23.149256745514812,1,11.601524556452745,1,опасно
2025-06-18 10:11:20,HM-A104,39.0853603547464,39.65015369454472,6.1120943577749705,0.0319753890223775,3.790608399537216,262.4621366418985,1013.1253335613128,13.175777850042085,6.779055216745107,928.2873806023478,0.901667517350156,23.697864712209597,2,13.681950984014684,0,опасно
2025-06-18 10:11:21,HM-B210,36.2895141352247,32.508930456911024,4.652358796651708,0.0133620317026018,3.892629303555536,234.08519798011145,1012.1666051662236,15.768109402921796,7.037036265219426,880.2853230099909,1.015541887826507,21.31969058239213,2,13.999437164123702,1,безопасно
2025-06-18 10:11:22,HM-A104,35.854437936950326,36.760262880525474,5.100036639108945,0.0332344734222582,4.268886387900944,236.76892980055504,1012.3711604735672,16.32687156046412,6.649249447956889,990.3429034492984,0.9969589577262118,24.01865237411332,1,12.65076003214006,0,потенциально опасно
2025-06-18 10:11:23,HM-B210,38.34321609962216,37.06629869878709,5.172752280523486,0.0510367920407865,3.9959012149550026,237.7838062770988,1012.438656368062,16.39310798403786,7.245375627393097,884.1213469969437,0.943946958075665,19.16786804149137,0,12.858945830395294,0,потенциально опасно
2025-06-18 10:11:24,HM-A104,39.64687994563793,36.100074170794855,6.929369588306231,0.0407270509110657,4.790767229881167,261.52108740844614,1012.5157285072896,15.91836796509802,6.185960552889583,911.3841391126148,0.9741595054161394,19.748014895445017,0,13.39229344077929,1,опасно
2025-06-18 10:11:25,HM-B210,37.783814465069646,33.12907394213648,6.863999070637206,0.0516081226864559,4.21064023060808,266.7707012753502,1013.130806783901,14.040070834991344,7.24224520582362,873.2394530267085,0.9062903498398304,18.9415150332138,0,13.088418488612268,0,опасно
2025-06-18 10:11:26,HM-A104,37.8580634473495,32.710962537640654,6.400412748256228,0.0347005835299652,4.699367966153004,272.9821955282698,1013.0079315596508,16.909040113589136,6.550689700276888,930.3694969280416,0.928866840804186,23.582760824073137,1,11.54739963396415,1,потенциально опасно
2025-06-18 10:11:27,HM-B210,36.39989546830142,35.976682827027034,4.724976762457556,0.015923085254724,4.3709296407235305,277.0318275403122,1012.4063200767284,13.8979682191122,6.035269658104693,896.1456412150135,0.9636744561790752,19.60072582870633,2,12.235014573615333,1,безопасно
2025-06-18 10:11:28,HM-A104,38.84746466595968,38.66095633611691,4.204111942275009,0.010681992291794,4.659635212425668,240.0852278693221,1012.1351096869114,15.193126995512127,7.105411532325755,923.3908779964128,1.0251066624332223,19.08857869930807,0,12.6053495567252,1,потенциально опасно
2025-06-18 10:11:29,HM-B210,35.93521874278762,39.46733728923395,4.950712413161874,0.0251609773359295,3.9990094797954856,245.48862423620244,1012.3428644089496,12.805370890347344,7.156895511705393,883.6925374687303,0.9719500774290128,22.361774813116394,2,12.079135976440124,1,безопасно
2025-06-18 10:11:30,HM-A104,36.618396182021215,31.059058044037577,4.800383648301493,0.0448995235748896,4.747124932895467,242.01614403724156,1013.9687626252372,16.902244493181964,6.853138009423072,858.0662691923073,0.9879543756788968,18.53957418452472,1,11.528318509273385,0,потенциально опасно
2025-06-18 10:11:31,HM-B210,37.127182193082085,31.5482861259772,5.517777400439181,0.0495129951970846,3.911858473326532,247.9380783733069,1012.9370938995828,15.519929609323317,6.144572465100634,966.8839976623384,1.0310630687990672,18.31430194054121,1,13.208340032184118,0,потенциально опасно
2025-06-18 10:11:32,HM-A104,37.53805189342228,39.4473625878308,6.333183730203379,0.0247876417310164,4.3191482120049365,275.73325537118745,1013.7346910094042,15.76688772623184,7.786685905608383,946.1629425939489,0.9463228370383268,18.74702353986721,2,11.596539215238073,0,опасно
2025-06-18 10:11:33,HM-B210,36.21204866207541,37.36535228334792,6.574968816636574,0.0347826960441623,3.821010669760812,258.7556283469681,1013.6975049333377,12.328883517055724,7.222861614455778,901.110903356652,1.0051048981653083,18.001686187910174,2,11.781457786105412,0,потенциально опасно
2025-06-18 10:11:34,HM-A104,35.574184123696014,38.82993824829773,6.534592256231526,0.031055945221704,4.21328978243929,266.9095948662249,1013.0230391149256,15.81708907110336,6.231426599137939,857.1241337023483,1.029250088801738,22.878931079552547,2,11.859558845385298,0,потенциально опасно
2025-06-18 10:11:35,HM-B210,38.053100212208165,32.02632634135343,5.079026683669204,0.0305261392175713,3.977262814263055,254.5059618063391,1013.4133754169212,15.873617146103006,7.021861153188295,979.8362594045682,0.9303923551044264,21.935647252001356,2,11.485337691427905,1,потенциально опасно
2025-06-18 10:11:36,HM-A104,36.44315276620128,35.87585871109402,6.0617030303820485,0.0215674356600075,3.900055145955821,231.44289566680624,1012.3855040208256,15.358863631811149,6.994508631896943,875.4692507403519,0.9534717247721748,19.469125763264067,0,13.548654868986,1,безопасно
2025-06-18 10:11:37,HM-B210,37.90619110711306,37.01139594417474,4.93850259257266,0.0168185552514729,4.9504775270420565,233.2097742998907,1013.3767934098538,13.45954806895172,6.120803737585854,989.6113327422142,1.0469715260834034,19.63103463584317,2,12.831848956594088,0,потенциально опасно
2025-06-18 10:11:38,HM-A104,35.77181357637101,36.80111885446973,4.182716629705548,0.0198344279115606,3.740111158230096,256.8961515633943,1012.5447691585266,14.448450210804408,7.213719407205895,921.7893067893938,1.0474827847194317,23.67678018929028,0,13.504244389976416,0,безопасно
2025-06-18 10:11:39,HM-B210,37.40570050927408,34.081516908666984,6.1046957968088265,0.0127666193581673,4.680988756186093,265.9394517410013,1013.6641241935084,12.552171856543582,7.616652797843129,901.0580064862726,0.9334844895440908,21.512740811022105,1,12.481187940527327,1,потенциально опасно
2025-06-18 10:11:40,HM-A104,37.66294716275793,30.153948916913084,4.029482657709363,0.0199065370911788,4.976247439224823,240.7665263764366,1012.1674482662178,14.357935332295764,7.498016108496956,961.2639215336446,0.9099668758338942,22.889698499572177,0,12.558689120362208,0,потенциально опасно
2025-06-18 10:11:41,HM-B210,35.259117684112134,35.82926056804263,5.227547762375465,0.0104600448812689,3.529852225610117,266.0954786996152,1013.5462773457706,13.219119263002025,6.405938828328367,981.5259109112778,0.940638241696508,21.16928815892441,2,12.848433890403092,0,безопасно
2025-06-18 10:11:42,HM-A104,36.6830213909696,32.53101539179609,4.988137807906227,0.0413629200317989,4.548541121063143,270.53328867417565,1012.1998738131372,13.74548493247041,7.724585059108422,905.6070345468568,0.9596597935955532,19.664026182145545,0,12.112758631792106,0,потенциально опасно
2025-06-18 10:11:43,HM-B210,35.67207338469487,34.5025424614289,6.080132615556558,0.0258187703693841,3.8793677083344313,250.59487391810555,1013.7623784737888,12.813002042018493,6.685084331318702,911.101562825528,0.9661508401396746,24.792819604780348,1,12.48975228449331,0,безопасно
2025-06-18 10:11:44,HM-A104,35.31687485236384,39.57581015083817,6.298736418281137,0.0586572355713454,3.560731736492457,267.32096164220525,1012.60840903627,13.150271838734485,7.893016756583883,914.9737329020796,0.9928209460995636,21.95953294362778,2,12.640745387203046,1,потенциально опасно
2025-06-18 10:11:45,HM-B210,39.94980116194973,33.99035317642435,4.912283907913851,0.0196858525388148,4.104334368434946,250.201497516423,1013.3087867296612,12.382843209100582,6.1434959284514274,988.3484592218005,1.034925414019732,18.916873326375388,1,13.860627308531754,1,потенциально опасно
2025-06-18 10:11:46,HM-A104,36.61176922487361,38.39801606664427,6.434881043334561,0.0272914285154796,4.902826715256312,263.917531472751,1012.9750045572406,16.599506832184606,6.972417377039685,953.88459872715,0.9495522017860744,20.842630295287343,1,13.648724395473591,0,опасно
2025-06-18 10:11:47,HM-B210,39.049372229273175,31.88540605749251,4.881750281514801,0.0278920579320766,3.5176476415504965,268.1998524659772,1012.7326062905248,14.652053439877015,7.194248754355098,887.1469175568483,1.0274976803248812,20.305361883628304,2,11.387737542423569,1,потенциально опасно
2025-06-18 10:11:48,HM-A104,36.27320327381882,36.72460498025029,5.338979079959684,0.010422574803123,4.381828537894672,279.5963309154056,1013.290883666367,13.983709856313698,6.495300196949209,877.7499546252969,0.914021838138994,19.498612280119648,0,11.123847400377551,0,безопасно
2025-06-18 10:11:49,HM-B210,38.40751361111965,39.77006954438944,6.181055581042402,0.0519603976519729,4.252094717892986,247.2698331031798,1013.8950459611024,14.675146063843918,7.542760377440455,884.5551495137224,0.9062812048459822,24.534079924681816,1,13.041001855274535,1,опасно
2025-06-18 10:11:50,HM-A104,38.80113929944843,31.018931008729368,6.078760687674366,0.0115997230072162,4.810076246556571,250.55203902873055,1012.0825394947492,15.141466142407763,7.253791359621434,889.5345833778276,0.9756067774685192,24.166439968218267,2,11.147595999934632,0,безопасно
2025-06-18 10:11:51,HM-B210,37.97819370303922,30.08319942227192,6.9621054169366,0.057008991736462,3.6260025717809374,238.28100297050852,1013.8377057117664,16.609393966846746,6.036218874575911,884.5275237001002,0.9089493334995908,19.394029815640813,1,11.181053194857974,1,потенциально опасно
2025-06-18 10:11:52,HM-A104,37.35788094275079,34.33582792632615,4.675483072647795,0.054603717554681,4.522289044829975,240.20365292009035,1013.218163310042,12.893464761431568,7.216737181392472,948.7759670788594,0.9588734701851346,20.465035223388615,0,11.477790190532428,1,безопасно
2025-06-18 10:11:53,HM-B210,37.05920457073634,30.92625483051367,5.9869537406187465,0.0367760958042981,4.520164547649916,264.6697501299189,1013.614628601538,13.477762493176089,6.982956468836893,867.3900265986259,1.034516717530385,23.336207741695752,1,12.055121272600202,1,потенциально опасно
2025-06-18 10:11:54,HM-A104,36.744341332714974,37.48384349676231,5.829045724827332,0.0371797787455646,4.503620025293425,275.8522795077238,1012.7677499068684,16.878946681720574,6.392058403407015,908.103773456194,0.936222455431121,19.45954233698151,1,12.304988335553627,0,опасно
2025-06-18 10:11:55,HM-B210,39.64764572123913,39.14548663848559,6.74529536347009,0.0426888961478078,4.913501742402556,249.73024758306204,1012.9436859496752,13.85596493324262,7.991496454119059,943.758035945555,1.0058963662687357,22.14095403822971,1,12.55813410414331,1,опасно
2025-06-18 10:11:56,HM-A104,39.15309703893865,34.34020972708759,4.469086424934625,0.0293525005967443,4.73463129351032,238.99222234177705,1013.7377015036024,12.11280825378664,7.79432438965523,893.6289960914396,0.94535480885851,22.898557594873715,1,13.97686457891652,1,потенциально опасно
2025-06-18 10:11:57,HM-B210,39.82513455333256,32.58711642155441,6.255394490760799,0.0423611141698927,3.562959089365259,244.2549749691497,1012.8296959396196,12.738217463185794,6.585015390058127,859.7911577052487,0.9067380082863205,22.577806279975363,0,12.15569826413626,0,безопасно
2025-06-18 10:11:58,HM-A104,35.62148611742772,34.3440331900661,5.704805848806306,0.0122384194344243,4.20662427605677,252.7525852404069,1013.0693191334982,12.13169350874276,7.082141841597233,862.2735884268952,0.9835035872115464,22.944860481928504,2,11.72825928955928,0,безопасно
2025-06-18 10:11:59,HM-B210,38.65433737601822,37.23447817850001,4.823997609363716,0.0127023813674863,4.096929584302,244.53251646826843,1012.0403898461686,16.949615712103643,6.6330042798205815,868.8950164457029,1.025228023580513,22.94689712320134,1,12.725757225754188,0,потенциально опасно
2025-06-18 10:12:00,HM-A104,39.69170228410519,30.09054161580371,5.423304742441522,0.0328615209809772,3.965220831636203,241.6789541560933,1012.317196011676,13.394354244956116,7.550991503272156,975.3764537302231,0.961420267251393,24.7536414389425,0,11.645452857821017,0,безопасно
2025-06-18 10:12:01,HM-B210,35.9061653308283,35.89453989484697,5.001329791209393,0.0374811150553017,4.177005087731146,266.799224437854,1013.2833730159496,16.61771378468113,7.86066286639291,948.6795258407454,0.9925940739687132,20.42549222664224,1,13.821630295375654,0,опасно
2025-06-18 10:12:02,HM-A104,35.33248133683389,36.13291684887379,5.737940208365383,0.0543908820167909,4.076291277388966,230.39224606203115,1013.4339538021278,16.97943137879858,6.717657213828767,859.6783616646467,1.035003539648659,24.15013297063088,1,11.777762906136708,1,безопасно
2025-06-18 10:12:03,HM-B210,38.705603246450295,36.37688246895935,6.667001832443997,0.0152330316953948,4.148500849817998,256.96152636682416,1013.165201873569,14.99920610571557,7.611168498287255,908.660331872713,1.0184541769105482,18.152649437605746,1,13.969802406959817,0,опасно
2025-06-18 10:12:04,HM-A104,37.87236556589956,32.420220799808774,5.707914953236606,0.0511323963596944,4.968892798412964,269.6883403514877,1012.2866200725512,12.165981575327809,6.99681508542641,891.7877759270599,0.9290814599089228,20.01742074326298,0,12.256004571142537,0,потенциально опасно
2025-06-18 10:12:05,HM-B210,39.20914388379136,37.14052723378127,5.895167254979752,0.0205023668646034,3.632949462124371,243.3114143158734,1012.8908108571557,12.407958151934634,6.793157122623155,936.70601674432,1.0100075939047508,18.34059047399392,1,13.438058022091257,1,потенциально опасно
2025-06-18 10:12:06,HM-A104,35.69886188313145,30.913914863317764,5.556243541344129,0.0297041824255015,4.883346304758095,260.16457553060087,1012.7101895327264,14.407945275539388,7.876843704197539,928.420892450847,0.9752839537740228,22.558427719690883,1,12.94484097513731,0,потенциально опасно
2025-06-18 10:12:07,HM-B210,38.976336559299455,31.992703364668007,4.153496519336428,0.0258301217413706,4.22035507020654,263.4450052809309,1012.9913226880702,14.03086006455743,7.020809377438063,922.1686035054572,1.0118950211829127,18.705532595121337,2,13.800482523334209,0,потенциально опасно
2025-06-18 10:12:08,HM-A104,36.00813660023872,38.77470046654482,4.698575670628283,0.0300077636432699,4.435613368249312,262.75123482025447,1013.7406580691082,15.030886528908836,6.93482100051493,897.176855555892,0.9741773325783328,23.919948045564325,0,12.876280858726057,1,безопасно
2025-06-18 10:12:09,HM-B210,35.818279714328526,37.38723150726567,5.476005188296249,0.0175247749036292,4.745274449926541,252.29248170993588,1013.5517228773172,14.19423904855682,7.344868803924686,870.6699658065986,0.9191937246162456,22.526141786531817,2,12.743653938325552,1,потенциально опасно
2025-06-18 10:12:10,HM-A104,35.821328989654965,30.137455540113454,4.930705851234114,0.0351785037201777,4.040694543723883,247.32889939378896,1012.1679790027785,16.670384246357422,6.522468402036569,961.3564574308956,0.985486417003386,18.20170780737524,2,12.958557333705537,0,потенциально опасно
2025-06-18 10:12:11,HM-B210,39.072873601156914,32.483762603698004,4.545290793283582,0.0500821294915683,4.145632862131951,271.79620365139067,1013.7806183955493,14.673698577067556,6.649585741576631,981.978515326398,0.9738200988596012,23.00344155804236,2,13.359396596433632,0,опасно
2025-06-18 10:12:12,HM-A104,38.325986103481,32.144064829931644,5.512398525755315,0.0320767005189448,4.114277720418071,267.92229784999324,1012.9435343022996,15.46863030731221,7.864091672477246,991.6226363849224,0.9776882600462165,24.034244630798728,2,13.696524896572424,1,потенциально опасно
2025-06-18 10:12:13,HM-B210,37.6153271238456,32.70806328036973,4.968429380343551,0.0345306787949099,4.06209653380364,246.0627586706956,1013.487724289772,16.482426363212483,7.357059690873885,858.7928455920371,1.0318353680468806,22.627847053635044,1,11.800444700289477,0,безопасно
2025-06-18 10:12:14,HM-A104,36.79415242061752,32.475597702798865,4.7743229295202445,0.0524383792640657,4.888293982470342,235.15095972211031,1012.2800784625286,12.734359379166037,7.653274295542011,960.9863067383324,1.0342255570059378,18.213669511545227,2,11.602661275640331,1,опасно
2025-06-18 10:12:15,HM-B210,39.38600270406554,30.625262957428458,5.391956252321142,0.0453029057319015,4.743394836789518,233.59037727227343,1013.341439051414,13.148673270592642,6.54222352387086,958.9755189110444,0.9680305660148578,24.005436839222845,0,11.103049086997938,1,безопасно
2025-06-18 10:12:16,HM-A104,36.96222553711318,34.5894051659682,4.399852774246519,0.0345227204259892,3.663499984794464,234.7137988949468,1012.472652035219,12.536593302370076,7.0875803798597445,992.0664421218383,0.9683598061920132,23.127247390538244,1,12.1102376091308,1,безопасно
2025-06-18 10:12:17,HM-B210,39.08299719735789,37.32733474786165,6.783237199226222,0.0228847824094589,3.662185028715644,259.1434680596021,1012.8767617942818,12.69819199614956,7.942792533978997,887.9371891746648,0.9772780438308925,20.64915918738789,2,13.538555068514151,0,потенциально опасно
2025-06-18 10:12:18,HM-A104,37.19567454285109,36.067317247174365,6.603106293757717,0.0542463373422483,4.141804272279487,232.5831087914495,1012.0337257401642,14.562919834671169,6.637407798056435,961.3268557442734,0.9779383917501384,20.30041180820852,2,11.20957228591066,0,потенциально опасно
2025-06-18 10:12:19,HM-B210,36.884722147124535,36.7287166859808,6.122861757221606,0.0388510200845279,3.6479860650992135,246.84634374820192,1012.303221275861,13.60589629483732,6.320952952634084,858.1939433149727,1.042558071626867,21.35874126985208,0,12.615560229390056,0,безопасно
2025-06-18 10:12:20,HM-A104,37.31339892834803,30.811491785362392,4.3186414827653685,0.0210573805055346,4.428639642906679,267.6599850957115,1012.1841609862472,14.115864197633774,7.021772016449328,944.6868581142428,0.997410070106624,24.069712256565097,0,13.084365908693194,1,безопасно
2025-06-18 10:12:21,HM-B210,36.50688937082071,39.51490710176788,6.327631763409079,0.0234559876319005,3.7155374108926007,244.7174083257689,1012.4794883458763,16.91244915897031,6.775642177449752,902.627173607827,0.9416185492331915,19.764415463086905,2,13.510559099363176,0,опасно
2025-06-18 10:12:22,HM-A104,38.73804690088126,38.384918338430246,6.423871984327057,0.0501566544468123,4.2835598959502015,268.16540385900646,1012.2000361800486,12.78352173897974,6.319154465573427,965.3364159321212,0.9797305195430984,18.706746678688408,2,12.750290965926489,0,опасно
2025-06-18 10:12:23,HM-B210,37.5136019504624,38.050903184956624,6.303293853143013,0.0122072781043727,3.510829920505577,267.27335191035274,1013.3838200532392,14.704060353990378,7.777102765406736,979.495642965309,0.9940835374361976,24.05245461072735,2,11.558960030578858,1,потенциально опасно
2025-06-18 10:12:24,HM-A104,36.16106347573409,38.22983805041768,4.341897661357724,0.059604609351441,3.97489452261897,242.2913566316608,1012.0580798044184,12.494355775268255,7.9814478211075555,904.7231563326276,0.9959657581520948,18.18402894216506,2,13.893608774654671,0,опасно
2025-06-18 10:12:25,HM-B210,39.497872866372845,39.327105081327616,5.931723871203294,0.0165175839857395,4.515786085508983,266.44110900463727,1013.23548100125,13.592481566319393,7.137164361379996,928.8379139048952,0.9877881339357274,24.37697915570845,2,11.283954531206112,0,потенциально опасно
2025-06-18 10:12:26,HM-A104,36.91945610686606,35.442539661136976,6.502974387248196,0.0498034262698468,4.226058410341773,267.38883191360503,1012.2814156616512,14.637629618372994,7.549353536746908,867.61060935454,0.9266604231932306,20.140216360109804,0,13.306998835390877,1,опасно
2025-06-18 10:12:27,HM-B210,37.71776430556994,32.00282017867626,5.732060203659003,0.0297387658385841,4.9674042289984826,249.87269628335133,1013.8903229143558,16.733158729826688,7.718076739092599,912.5360447835214,0.905038978361926,21.557558911817875,0,11.259677671529923,1,опасно
2025-06-18 10:12:28,HM-A104,39.53236055482274,36.16783607852541,5.939222125684267,0.0346108091643733,4.811155694099316,240.5210241870759,1013.8661881462197,13.956141106417416,7.401964012043654,904.1200589888754,0.9506764578550282,18.9260686732656,1,11.430257323043346,1,опасно
2025-06-18 10:12:29,HM-B210,38.12118997956996,37.42881493667939,5.375090438278919,0.0540325288732288,4.038606168564726,256.06354034459343,1012.451006205042,12.324533481073347,6.088312098223462,877.4685189676777,0.964128323184038,24.3157847856368,1,13.694646781084836,0,безопасно
2025-06-18 10:12:30,HM-A104,35.58449020354182,37.37917393354025,5.586121959652158,0.0306455594794606,3.568229812208412,276.0698794000098,1013.228842596446,13.940807239801584,6.315268463433636,984.1717937150164,0.909270635936413,23.248853563690837,0,13.25922397580528,0,потенциально опасно
2025-06-18 10:12:31,HM-B210,39.699160618067374,35.2144902416688,4.103130575055175,0.0368746876836617,4.7684394501725285,261.9808366216031,1012.0560106389448,12.728705879369889,6.1419783823027725,872.213175706024,1.022245100702977,24.46908910625624,1,12.09652481369595,0,потенциально опасно
2025-06-18 10:12:32,HM-A104,38.138540265357086,30.68458719333578,5.916889065919854,0.0124649831204584,4.866851465472007,238.64612488136305,1013.8635770861024,13.149948066457227,6.019759213284113,945.360903629528,0.9516116156265412,22.78260335782713,2,12.916173069968613,1,безопасно
2025-06-18 10:12:33,HM-B210,36.67452807328543,33.71112938430128,4.244341638673477,0.0101173736933726,4.730941090128555,264.137846236676,1013.0459746163834,15.090453115824952,6.611992817514473,983.5213965219832,1.0370449119267755,19.29285643719628,1,12.371741665132085,0,потенциально опасно
2025-06-18 10:12:34,HM-A104,35.696360363316934,39.20766608463357,5.30504378302067,0.0222399936500862,3.691924911379648,251.3601513640917,1012.0864463028356,12.337119331018409,6.78471192096312,986.795286979484,0.9231615161763398,20.157869020903743,2,11.199613282688942,0,потенциально опасно
2025-06-18 10:12:35,HM-B210,38.97012594635148,35.84448909757426,4.877965293002223,0.0440291546459383,4.996872701618432,259.57643986776867,1012.6849999860162,14.323618781250186,6.482059464671852,968.9859549760852,0.908540243540597,21.407940025724315,2,13.163382849016088,0,опасно
2025-06-18 10:12:36,HM-A104,38.10036377964257,35.38331943255714,5.63628385063514,0.0160632446679568,3.887876332329161,266.7032017511554,1012.1536989237223,15.047307930053822,6.129209296172641,876.4211700811265,0.9723474156579484,22.25080743752145,1,13.28976717120846,1,безопасно
2025-06-18 10:12:37,HM-B210,37.66730545988161,32.68853514382194,4.400249006569621,0.0156880979402274,4.586307369212555,255.74736757572225,1012.7858888787468,14.109291961837483,7.059726181673355,972.6147113820804,0.928369400523856,24.48521606135392,1,13.647024158456048,0,безопасно
2025-06-18 10:12:38,HM-A104,39.46946291525479,33.68448919916579,6.074930205919955,0.0305480304017951,4.862052314503583,270.6991987286654,1013.3398526843226,12.095631753118653,6.546638639914283,891.4847218623437,1.0406098913366792,20.687660260523973,2,12.62191203983384,1,опасно
2025-06-18 10:12:39,HM-B210,38.942986056122656,38.95346089153169,6.385034610785411,0.0423918519304113,3.853530671496064,266.10777896583136,1012.9397798160828,16.92759678451433,7.592074309727124,988.3597041148764,0.9015455097680608,22.92150415335002,0,13.019413853004368,0,опасно
2025-06-18 10:12:40,HM-A104,35.758374398663754,36.66463047526835,4.4900633492294695,0.0456035996123965,4.8623878320156,260.75366700092553,1012.767444349439,13.835578836702677,6.016105243250562,956.3630022135774,0.9618929512588552,24.72706194237575,1,12.314151255124605,1,безопасно
2025-06-18 10:12:41,HM-B210,36.55861033897774,37.87387026752333,4.312939262055647,0.0189225337049187,3.9642223687923006,237.5396407916176,1012.238314091081,15.892885934666335,7.68505410257522,967.790134151333,1.0390121657017752,19.066618443908173,1,11.95672777732348,1,потенциально опасно
2025-06-18 10:12:42,HM-A104,36.24244569907233,34.54345423067655,4.436546448362077,0.0139794073686021,4.9646198335760845,271.79745554557843,1012.4898780913874,13.628232460937266,7.909507357891914,862.7548680252905,0.9576627310094652,24.038967121456835,0,12.235099985564329,0,безопасно
2025-06-18 10:12:43,HM-B210,38.719731462863386,36.30247219456158,6.631382685695505,0.0570198516972772,3.921890030570712,276.7952792659908,1012.2002865754768,14.375083784967094,7.432270126307139,937.4147670165316,0.9139663920900692,20.94494249275239,1,13.735257069993462,0,опасно
2025-06-18 10:12:44,HM-A104,35.1676621736789,32.483836087432074,5.584567785269068,0.023033319128105,4.930153737136752,236.84825619046475,1013.6149974633132,13.942318213054982,7.467288130525133,973.171319034802,0.945434241429268,23.12695243150536,2,11.492513855132566,1,безопасно
2025-06-18 10:12:45,HM-B210,37.84944842435658,37.05460830283487,5.401782988022507,0.0526673248804361,3.580316976339012,254.41205647167152,1012.2704796559694,13.71269614754804,7.867124623205466,979.2385529158748,0.9747015590751652,20.054768371159582,0,11.745499452861637,1,потенциально опасно
2025-06-18 10:12:46,HM-A104,38.812293428703455,34.276013337033376,4.320135457307063,0.0531745725231409,4.563908017504719,242.9444370985252,1013.1907467330976,12.109256886038894,6.418142570600699,854.2947557100463,0.9277727531015,20.33788952786201,0,12.818572374133195,0,безопасно
2025-06-18 10:12:47,HM-B210,39.383828183808745,34.425455148147456,5.948668020270885,0.0486261295881272,4.298166700755505,267.7261653712782,1012.6854808271776,13.800104689272516,7.9891311364171536,990.873884883268,0.9699842557714892,18.18993257407646,2,11.348843964683558,1,опасно
2025-06-18 10:12:48,HM-A104,36.710408743579535,36.49322324576882,6.60399877568527,0.0184416803326285,4.216815615684096,266.081481800235,1012.4519567693104,16.44744995199765,7.546962406757084,856.5008099953719,1.0254514793678755,24.79982907216872,2,13.67559353495728,1,опасно
2025-06-18 10:12:49,HM-B210,39.10628652336006,39.36280621468927,6.484557607970359,0.05109007296271,3.83524147138376,237.04425602851992,1013.2789368789842,15.45196669296842,7.453141416655587,942.1778019512276,1.030892695529492,23.69416802661549,2,11.141709115589787,1,опасно
2025-06-18 10:12:50,HM-A104,35.55315868477604,30.64006346608621,5.878164126942404,0.0484625279620793,4.558393684664738,273.85136356308186,1012.914004618754,12.7271142954772,6.722181157990585,954.0081291422968,0.9073891102066098,18.657425705483544,0,13.26593687979472,0,потенциально опасно
2025-06-18 10:12:51,HM-B210,39.23226145867259,38.24743237347008,4.225836149955021,0.0398361495053108,3.7862142371694607,239.04865319890013,1012.8002909345691,14.955775023113697,7.091554970811221,866.1017936751865,0.924135503707886,24.99656156964642,2,12.1211841414479,1,безопасно
2025-06-18 10:12:52,HM-A104,35.637443311659915,32.92383110412193,4.337191081528039,0.0268601017584476,4.329262693977152,269.8629512824054,1013.1857040097844,16.461154299744358,7.307835576546694,857.2017798413789,0.9412935203650208,22.23517218042059,1,11.153496720834385,0,безопасно
2025-06-18 10:12:53,HM-B210,36.98643645280184,34.43919454506378,4.147926961329474,0.0231254302133272,3.879868044560376,252.84901798140024,1012.98253525698,15.500170204824276,7.240685722634431,967.7368231676094,0.9892298776331404,23.976100465750683,1,13.528783681156211,0,безопасно
2025-06-18 10:12:54,HM-A104,38.98647682889776,30.21913328775009,4.772437649477408,0.0160944606040179,4.933432069672034,246.4136146779076,1012.6069684171032,12.743421961783485,7.409969276955161,907.7005937196152,0.95414921381887,18.466625342945083,2,12.921380704041365,0,потенциально опасно
2025-06-18 10:12:55,HM-B210,35.74958713674387,33.01046077834313,4.406984401481133,0.0354878533450435,3.5429467907534797,237.91196313371069,1013.1181225755304,16.33916248367248,6.1647634781568215,866.0668772972685,1.0266061370169113,20.726158249443465,1,11.026576127444416,1,безопасно
2025-06-18 10:12:56,HM-A104,36.14625697616321,35.0263124263013,4.780144120757302,0.0392630437754923,3.799592420166855,238.38071280733143,1013.3389971531014,13.507720066444326,6.711296865663393,964.4001724581462,1.0075007802424407,22.68755785612527,1,11.80259854515384,1,безопасно
2025-06-18 10:12:57,HM-B210,38.61126284196533,30.56176077347439,5.1551741671568845,0.0279669495257893,3.8634659095811714,263.094527735045,1012.0533863171736,14.27038072156171,6.868000033190954,977.3744605215433,0.9150684034670262,18.74503603089791,0,12.056136823175072,1,потенциально опасно
2025-06-18 10:12:58,HM-A104,38.60018268273037,34.91095729383165,6.828948352213407,0.0337679533840434,4.121101738651724,257.52151939735603,1012.9317434578154,14.630713798445733,6.5212585957499325,938.1079286138212,0.9936836253768138,21.422319870578004,2,11.967734446697811,0,потенциально опасно
2025-06-18 10:12:59,HM-B210,38.205738164426485,39.27110628858427,5.831128179345076,0.0281757228684633,3.84909536280508,236.10427108256164,1012.1153665691672,16.252533021890976,6.345254540538448,874.1855212651968,0.9169518938020468,21.09874512180899,1,12.495026087088926,0,потенциально опасно
2025-06-18 10:13:00,HM-A104,38.4697422223355,31.053932181078054,6.504921357048887,0.042050302866035,4.237023635403178,235.63489302191627,1012.3728108281364,16.658037475738304,6.277854959825726,852.2833707237236,0.938255350445469,19.512281571315057,2,12.580408873630535,0,потенциально опасно
2025-06-18 10:13:01,HM-B210,37.71362221673798,37.64440728075505,6.131054502136997,0.0550629603898281,4.808698284887809,233.6155287386396,1013.121017468156,16.648264388952782,6.732766784513171,955.1203721952916,0.9266805950301342,20.101888850962617,2,12.190262053379474,0,опасно
2025-06-18 10:13:02,HM-A104,36.25899529453476,34.096710533759925,4.337509391579896,0.0181960131023472,4.568095132113756,267.1883673686772,1013.7323778305312,12.039770906392704,6.986883401125132,932.5209512237976,0.9259592923801058,24.76982848146488,1,11.99531101633357,0,безопасно
2025-06-18 10:13:03,HM-B210,36.7284799675196,36.55173714524338,6.207761219121847,0.0290704404951561,4.369942970802667,265.59410426146445,1013.765611358377,16.609442427927284,6.125952880293322,947.619571258012,0.9924593287165288,20.020539402069552,1,12.513227984870166,0,опасно
2025-06-18 10:13:04,HM-A104,35.90798858400713,32.602365979852294,4.8252966446773735,0.017043430197543,3.63350476697402,232.9215495427288,1012.1398880202772,12.27193483000786,7.892916189181099,971.9777005299394,0.9845407383831244,19.49398293777888,0,11.10084621388598,0,безопасно
2025-06-18 10:13:05,HM-B210,39.54225280666815,31.594922625413584,5.917323540984119,0.0412471885203915,4.540988162583913,258.01350377984863,1012.8382101725734,13.328868284087177,7.530486645721517,915.1341665489458,0.926404222918159,21.753464197478333,0,12.935605280094844,0,потенциально опасно
2025-06-18 10:13:06,HM-A104,37.9169589738306,31.604626142712263,5.022885920928966,0.0464435254744297,3.7496214264664096,234.2338077621345,1013.1660129660092,14.574939273639163,7.461703546370933,868.6773203250431,1.0485259208127649,22.696706238492084,0,12.817947550710931,1,безопасно
2025-06-18 10:13:07,HM-B210,37.0042570838182,30.704919456431448,6.993016789793978,0.0565956366298727,4.679551078942547,275.18728853044706,1012.2941398091008,14.399628445021971,6.345721049977454,990.997492808624,0.963275509855244,23.075651777486957,1,11.837659399175449,1,потенциально опасно
2025-06-18 10:13:08,HM-A104,37.31002901822066,31.85646704901243,4.790654438490334,0.0239435963130482,3.87508513776523,275.3558709590066,1013.5308644334896,15.02354896943696,7.207601536024378,931.7893190870286,0.9145603992232404,23.279730291478412,0,11.538546341001911,1,безопасно
2025-06-18 10:13:09,HM-B210,39.736416698059074,36.64219384988968,4.837391412322809,0.0575105602932715,4.125573092481352,264.9116494906565,1013.4884705168744,14.39723114368503,7.059449893617335,942.294117863281,0.9180853525432672,18.257827440603272,2,11.218954917883805,1,опасно
2025-06-18 10:13:10,HM-A104,35.7667570155804,38.81690611843508,6.792016766687195,0.0131631335910337,4.025705303476892,276.3094460719725,1013.8066820274136,16.671878398202104,7.964937691573388,990.0117144327628,0.9875840570589892,20.756322802656943,0,12.762031253918334,0,опасно
2025-06-18 10:13:11,HM-B210,37.93114916008398,38.14125685591162,4.073933213908968,0.0401506931682294,4.788220872012285,270.57265152068453,1012.0169720241668,13.202744241072937,7.495343540160316,989.7375484465394,1.046860410507521,23.417706558481637,0,12.706700817755609,1,опасно
2025-06-18 10:13:12,HM-A104,37.52944339442233,36.85134309874484,6.090066963619591,0.0128566359671664,3.689816688070112,271.42692879635246,1012.433368487978,13.370123470192429,7.151523767432463,935.814191009226,0.9857926652428796,24.333964712600903,0,12.59995427033166,0,безопасно
2025-06-18 10:13:13,HM-B210,38.05727117717324,31.104318634111028,6.175979172207635,0.0546887093880972,4.348467323577183,258.4853925284967,1013.6543734284908,16.60368967846528,7.701625332940244,894.641713708214,1.0423562214924955,22.215400863329485,2,13.956854804561452,1,опасно
2025-06-18 10:13:14,HM-A104,35.0905509191042,32.8918744629595,6.509135732231198,0.0364904528535027,3.713092414164593,245.3029599108088,1013.3411601016538,12.383697568726282,6.310188541721419,999.5670451019108,0.966619927613704,18.3661479745678,2,12.59463233306456,0,безопасно
2025-06-18 10:13:15,HM-B210,39.36061954472076,33.09806875322469,6.923317931915426,0.0434674175381398,4.5571937541982805,240.8899557558211,1013.788779707397,15.04780410952405,6.030433059381954,952.1225634930304,0.9653761655478018,20.77652064098592,1,13.165372189909071,1,опасно
2025-06-18 10:13:16,HM-A104,39.660591412418064,32.499569463976215,6.926805757469957,0.0515786962955226,4.8576171916917215,246.36000110194647,1012.1143593090604,15.408679760328054,7.380466666829046,911.2655015338084,0.9750011038973824,18.519589811079182,0,11.338754815500796,1,опасно
2025-06-18 10:13:17,HM-B210,37.82566591794605,35.15005659709723,4.195830272699392,0.0175155311241984,4.15191148080088,261.4247715044531,1013.1939279314328,14.527708617148695,6.196622920474475,933.9755204280384,1.004613818723333,23.239765038792093,2,11.89691236755669,1,безопасно
2025-06-18 10:13:18,HM-A104,38.48325411938446,35.355538148796725,6.465517968258707,0.0119295780969066,4.232138390397464,238.63282679161995,1013.1380931497872,15.471159394115686,6.230867279967018,912.3751075402045,0.9551423949677,18.444538284971657,2,11.826339844783917,0,потенциально опасно
2025-06-18 10:13:19,HM-B210,39.61249690588648,33.5688597517111,5.938929800972144,0.0539440572956426,4.891134254724143,242.93201183186608,1012.071348832721,12.863773230059834,7.489361452849061,983.2457728444972,1.0295829049018437,19.30011746714624,2,12.727926517574025,1,опасно
2025-06-18 10:13:20,HM-A104,38.53619317156699,33.53789158736436,5.942026403119273,0.0257466613729466,4.281487082974036,253.4030431397732,1013.0270441538248,16.2631611638577,6.541069688267978,922.374906229862,0.904392207715222,20.91870896775342,1,11.992439685071222,1,потенциально опасно
2025-06-18 10:13:21,HM-B210,35.76269521457131,38.28555597906082,4.385049779844085,0.0164489453963582,4.231397657074341,241.6525049262308,1013.21904062262,12.700128447349428,7.257262431137786,973.529256397187,0.9659646292542664,21.238538569804103,1,12.92319928061015,1,безопасно
2025-06-18 10:13:22,HM-A104,37.88144180083407,37.89292848319685,5.95056149933696,0.0334230618543543,4.367493654056457,259.4321834858031,1012.3825863484042,14.00406222157875,7.834813852185497,976.0264446734506,0.9766487774969878,20.845371902205088,1,13.070269217605109,1,опасно
2025-06-18 10:13:23,HM-B210,38.03357523191428,33.077958316807454,6.947447741803743,0.0399153037848009,4.533844604544428,276.1588014228165,1012.5466591662494,12.37628800654103,6.632949063275717,973.6498506602873,0.9910548357394644,21.243776526242,0,11.101069511532213,1,потенциально опасно
2025-06-18 10:13:24,HM-A104,37.12065335651193,39.13788443873259,6.735455708618341,0.0115485301711255,3.6603250626305472,267.4044682851563,1013.2806946925956,14.726055394087002,6.434288315679837,958.3282918713512,0.9414107868548796,22.9926740641414,2,12.919273137318337,0,потенциально опасно
2025-06-18 10:13:25,HM-B210,38.68222117812361,39.52815017002506,5.317391982414552,0.0237447829128543,4.731665791612274,263.32133070744567,1012.9366018952,15.348729037128196,6.213125767482103,978.2316575211372,0.9641219956478754,20.58488176068879,1,11.350362086836524,0,потенциально опасно
2025-06-18 10:13:26,HM-A104,39.671835073845074,33.267425420300405,4.119843919858283,0.0116399937138448,4.153257541179888,259.1360737991889,1013.7160273151368,16.70610817547645,6.2609247228394524,908.0844369434452,0.9726806625321084,21.834253214054336,1,12.3954059055667,1,безопасно
2025-06-18 10:13:27,HM-B210,39.62784256453388,33.54424948793055,5.086880470000614,0.0310167694597749,3.608522764846229,254.39739546285324,1012.6847635320185,15.696680979480004,6.1244453907576855,867.199480921294,1.003036496802482,20.123584802701124,2,13.179729712306791,0,потенциально опасно
2025-06-18 10:13:28,HM-A104,37.25419685702066,35.05634153421959,6.479170934801665,0.0547550014533122,4.679274003797319,239.328192981733,1012.5333193167764,14.705514582270755,6.1752847576594805,976.3681306558772,1.016031627710372,20.475392465633377,2,13.110034987835435,1,опасно
2025-06-18 10:13:29,HM-B210,35.56619022920378,39.411208125336735,6.1044973043954975,0.0591326205746784,4.065424957529408,274.73552277134326,1013.9697318806896,16.66308508585167,6.864009177618308,924.7252623531018,1.010674099101568,22.296592713294565,0,11.899467634992384,1,опасно
2025-06-18 10:13:30,HM-A104,39.92420599481167,38.76319433142312,5.3780309667818695,0.0418523776751813,3.650551242642581,242.42680010064183,1013.8222715402602,14.392184190204382,6.64173009004794,869.1064048791776,0.9512374578434378,21.43346256145914,0,11.817097551382451,1,безопасно
2025-06-18 10:13:31,HM-B210,39.19449043222967,31.0256796258359,4.165304605476493,0.0180818846892295,4.450668559314876,234.56544387890804,1012.057985489998,14.806028265494348,7.413121628645996,867.2968783273012,1.0499175784487946,23.061254064014967,0,12.320679523566866,1,безопасно
2025-06-18 10:13:32,HM-A104,35.62331340601634,33.92730743271416,5.280684183469908,0.0552924694999652,4.820197030150462,267.5007589614348,1013.5414572306132,14.980492638350478,7.740483316494004,873.8863591014839,1.027299796768077,21.92377011636225,1,11.56600124905336,0,потенциально опасно
2025-06-18 10:13:33,HM-B210,39.60420941308686,35.53371189749772,5.40707481915365,0.035812391160003,4.83163026412098,238.7807767165583,1012.2206695476503,14.049898629432834,7.569546406284768,962.645988950066,0.9390035059717454,23.62501859768711,1,13.92409703812544,1,опасно
2025-06-18 10:13:34,HM-A104,39.34948181031064,35.031324725515404,6.785666598682408,0.0176874656051459,4.93649521221346,248.5947999770588,1012.0549703896588,16.192413452829122,7.061274513331305,956.6285010199422,0.9292658708509242,21.103857490963016,2,12.034751213941934,1,опасно
2025-06-18 10:13:35,HM-B210,37.59419028563036,31.938630679368927,5.923258310746478,0.056086333472583,4.801558189650033,231.41424641454896,1012.5473910319326,12.925879694225296,6.204884232465307,880.5728020277325,0.9471031875875086,21.43723533906761,0,13.768979822036531,0,безопасно
2025-06-18 10:13:36,HM-A104,37.95637717872464,38.58816771168155,4.934958749963947,0.0478734525361551,3.5032113790182127,236.8533971270224,1012.5386917581222,14.77421095185804,7.419534567883107,977.0385127164692,0.9678517279499468,22.689799442306576,2,13.724794888879885,1,потенциально опасно
2025-06-18 10:13:37,HM-B210,36.99501351935065,36.76940782996837,5.575954793352164,0.0465852636361575,4.070361749620085,238.6601815379956,1013.638637524694,15.61116628093597,6.725657449453747,892.1942193292367,1.027619906747942,19.548707610884343,0,12.094546962686945,1,потенциально опасно
2025-06-18 10:13:38,HM-A104,35.27380819411016,38.37908374851804,4.1981659234664805,0.0454590351897202,4.727813869858254,232.7205063875089,1013.4213344918855,16.519880859382887,6.171300787830821,968.947837497242,1.0167543395691805,20.701506758518825,0,11.762253896818716,0,безопасно
2025-06-18 10:13:39,HM-B210,36.6759862082295,38.58764279349472,6.917704706949211,0.0200169910548221,4.049379508997712,262.83284783114226,1013.963218854664,16.41959198217139,7.684932814425252,923.3208861602412,1.0276869185258817,22.37388870808196,0,13.31250690357879,0,опасно
2025-06-18 10:13:40,HM-A104,39.01426724299006,37.4835585366574,5.080179705792178,0.0205503345853763,4.402322759569559,271.8503897901559,1013.4230258006236,14.54370144715071,6.676433034365012,959.7323023807847,0.9407935672365492,18.202133884860157,0,11.68813354269096,1,потенциально опасно
2025-06-18 10:13:41,HM-B210,35.02316011502302,34.39210601249717,5.433602064739407,0.0444146499213627,4.409475421061798,248.66577031829704,1012.836511106512,15.215807255816708,6.436497665023143,907.2081494610348,0.9890191833677756,21.058800035437592,2,12.563739169887429,1,безопасно
2025-06-18 10:13:42,HM-A104,36.66749585845572,36.105467550154245,5.065851922710768,0.0209861375055198,4.0475379560582345,273.72882383591,1013.3978553218903,13.971188680646506,7.742904129237687,902.0710895642164,0.9424873593416062,22.191949554142816,2,11.33206812325967,1,потенциально опасно
2025-06-18 10:13:43,HM-B210,36.99084346795472,31.60365406119743,6.047535190348601,0.0319335848401524,4.856710890921931,240.66732872800637,1013.9989181343728,14.340888814401,7.80426773689401,976.2039398439,0.916353474107924,24.771628723847385,1,12.157796463648287,0,опасно
2025-06-18 10:13:44,HM-A104,37.686978014689615,36.73645417474908,5.986696474988779,0.049100091279697,4.254842518079176,246.269521178062,1013.4202837651252,16.531328962865246,6.67794167438312,855.2953381771105,1.002629661521202,24.139115931323698,0,11.234464770965351,1,безопасно
2025-06-18 10:13:45,HM-B210,39.599278082063805,31.792532557392807,6.145966931587407,0.049197625904892,4.197176308906252,237.5368496515584,1013.5233627119608,16.65351996596237,6.709602838562747,996.210542088626,0.9214496326793158,19.96519367059861,2,11.850318778058172,1,опасно
2025-06-18 10:13:46,HM-A104,36.73172997182981,36.939495905101566,4.8044296888357625,0.0326630886262929,4.996270618492844,261.0279597709499,1013.8767300303804,16.4770702903351,7.159257055166288,947.226933739806,1.0001546642559709,21.550470728202477,0,12.99588121457164,1,опасно
2025-06-18 10:13:47,HM-B210,36.73476600948114,32.29598160753969,4.947005443492198,0.0496094969137622,4.240250546108925,250.99347954351532,1012.2273025226234,12.69185430906819,7.466882987621316,914.8725082299164,0.9971946457358114,18.39490060862064,0,13.97392146965054,1,потенциально опасно
2025-06-18 10:13:48,HM-A104,38.68750624054874,31.1755130015022,4.375753693288624,0.0519310898099028,3.767597377892872,260.6641673420949,1013.4095685868956,16.25042010665318,6.126298403813727,944.2081796725638,1.021537266663603,19.68528090372465,1,11.764422789519736,0,потенциально опасно
2025-06-18 10:13:49,HM-B210,37.26108970444904,31.65284490142957,5.966529915538338,0.042738787564213,4.269604134295157,268.0837452697092,1013.7016119159348,16.7418186551074,7.186687314376943,868.4111419688475,0.9209331906845348,23.423991076476632,1,12.419963871648015,0,потенциально опасно
2025-06-18 10:13:50,HM-A104,36.12302411469991,30.019921352190703,4.119391382006958,0.021421292615421,4.721025103279895,257.28515080164743,1013.9087572004418,13.806248472868024,7.905640123567164,927.1078682940322,1.0175220222763215,18.86319808592741,2,12.344138344007458,1,потенциально опасно
2025-06-18 10:13:51,HM-B210,37.26219758066347,37.1873961785353,5.793047006570378,0.0237005890192773,4.665290490347422,261.3815177450894,1012.4219385794236,14.593231447108346,6.524187794359907,997.7643285009696,1.0498914788919356,19.803833673837698,2,11.552460902622684,0,опасно
2025-06-18 10:13:52,HM-A104,35.704285101899,37.32401049058379,6.6090876545549015,0.0257420577704367,4.682872647662706,276.76251571971665,1013.0078580154484,15.89547627906498,7.817654428193867,885.290415677006,1.0276563672878851,24.608297512150656,1,12.830207108592523,1,потенциально опасно
2025-06-18 10:13:53,HM-B210,35.88193493253112,35.149333499132595,6.672496444868901,0.0158402053866976,4.562035675996867,244.95321548044217,1013.361109695289,14.810390687828244,7.900336681526188,958.3417148554524,1.01277181144915,23.766990603447205,2,13.174114840465917,0,потенциально опасно
2025-06-18 10:13:54,HM-A104,37.4918388636974,31.613628010553835,5.347113281109885,0.0236579810184972,3.881326743600032,247.95819693169767,1012.4949354590028,16.967417608531246,6.53830728194218,915.2457063747552,0.999324803204206,23.472793988542385,2,11.441658450309356,0,безопасно
2025-06-18 10:13:55,HM-B210,37.09462724752274,30.835543375106894,5.377911064639221,0.0204759612156266,4.793126128760347,265.88516808546683,1013.2009457265004,14.278566825784145,7.508403731770701,947.868722273193,0.9632672227028144,24.0519024321151,1,13.271373717742405,0,безопасно
2025-06-18 10:13:56,HM-A104,39.5742295053405,30.19128966437287,4.230907549024052,0.0327664374904301,4.840165198064398,260.56527585276933,1012.515157564996,15.569713556036888,6.47755001663912,880.7330843037663,1.0095750251837403,23.24723980607648,0,13.100484907386472,1,безопасно
2025-06-18 10:13:57,HM-B210,36.81196949558316,31.657481769652208,6.012295076329107,0.0554218773936132,3.791229044927824,238.92664522698573,1012.6669140410633,15.962955700982722,7.475222323464266,920.5697473926404,1.008626705271068,18.844103512827644,0,11.59202864248287,1,потенциально опасно
2025-06-18 10:13:58,HM-A104,37.902941751390216,38.90855534983147,6.463778261118536,0.0152240158376979,3.695683454827091,248.8073655005245,1012.8830373930216,14.470502078792196,7.594839942577652,997.0139070788912,0.9947247424030932,21.615929285396614,1,12.94684287535371,0,потенциально опасно
2025-06-18 10:13:59,HM-B210,38.16132143959765,32.415368417016815,4.733965163814139,0.0460133961973697,4.9634074528836685,253.39190065623572,1013.0583801974932,16.284919028556878,6.494411407421299,879.2930726524014,1.0194417567446743,21.10970744561625,0,12.181015038090568,1,потенциально опасно
2025-06-18 10:14:00,HM-A104,35.06547228294167,33.54271327217216,5.263902644900094,0.0443641502206563,4.802485945475552,250.96949189841948,1012.8987317432504,14.730772956035985,7.43173908716647,945.4667541773136,0.9673145832640252,20.178061047892665,0,13.043413257483287,0,потенциально опасно
2025-06-18 10:14:01,HM-B210,38.31768686008356,31.05345484481333,6.516518010295811,0.0147877099331678,4.83985422081492,238.91374041610203,1012.986391039576,14.058253984008156,7.62420907772818,936.3396623150192,0.9181879068198586,23.83828286803724,1,12.488290556707565,1,потенциально опасно
2025-06-18 10:14:02,HM-A104,35.89017983434876,32.223613047481706,6.631361402986864,0.05612862024529,4.829564576936592,276.2215045892131,1012.5971775125764,12.539118369259736,6.717157744213823,934.7577379435604,0.9838601591413856,21.248974416619635,2,11.144413025702152,0,потенциально опасно
2025-06-18 10:14:03,HM-B210,39.80535158734728,35.19224570780205,4.7295399407926775,0.0384236101078409,4.312530236050593,268.1159380846988,1012.3179301880452,13.96706788175212,6.335405551979454,942.2684934477426,0.9397565293067014,18.422083209502848,1,13.360900964413378,0,опасно
2025-06-18 10:14:04,HM-A104,35.743313638765564,36.07752683095653,5.651711903624093,0.0281862760567842,4.469602604998699,254.0677916053926,1012.0946999546536,15.66968227366642,6.183929134635028,925.3356960532342,0.9576649646143726,19.92475908604188,1,12.666799774157251,1,потенциально опасно
2025-06-18 10:14:05,HM-B210,37.07312061863512,32.45352314166211,4.5774794519074815,0.0478269291747653,4.318044278200462,264.0030514153418,1012.3919574449832,16.606432058400536,7.150763407219884,852.5396125386487,0.902612235591184,19.600347406206115,0,13.174383868576196,1,потенциально опасно
2025-06-18 10:14:06,HM-A104,35.42674834039322,30.57732159225117,4.3056362924186695,0.0228682729200817,3.576809523785493,274.8641336067761,1013.1638872830116,13.258397019301553,7.956196238631426,985.0145217194676,0.9574185881876826,24.212352193678985,1,11.378215324640776,0,безопасно
2025-06-18 10:14:07,HM-B210,39.98437125922974,33.91032869127399,6.733361504175873,0.044675491852316,4.618254628029159,236.80870711807856,1013.5722308956064,13.776177586652514,7.645900640044433,974.0468241226048,1.0213201659203182,22.532066704473,0,13.163817417809302,1,опасно
2025-06-18 10:14:08,HM-A104,37.51097505165621,32.34203370926334,6.461522512696328,0.0119855603786123,4.25799805000382,242.51865253534888,1012.3384951948858,12.76980497052213,6.871679277869106,876.1251521381682,0.9814083550407382,21.922633861174525,1,12.240998565549445,0,безопасно
2025-06-18 10:14:09,HM-B210,37.97692508660022,32.19553923229802,6.280104705409522,0.0519704018804636,4.471563612185345,257.13506236283223,1012.2171107155452,15.453614471144844,7.073241805709917,911.9909766068304,0.9014700790400956,21.54654469175093,2,13.39780113207717,0,опасно
2025-06-18 10:14:10,HM-A104,35.335382386942136,39.59862802713455,4.146298956439422,0.0324085423510659,4.253959707463303,269.9505185676179,1013.4985807210984,16.800942150049625,6.559055770823638,965.5823471040352,0.9704765730359772,22.550791192790257,0,12.79749762596896,1,потенциально опасно
2025-06-18 10:14:11,HM-B210,38.74980235199589,36.16300485925724,6.531186378130773,0.041834645717897,4.237716983483684,231.8127447720764,1012.6103166610744,15.204761099240878,6.326131734720127,997.0093473080926,0.9437177471468112,23.284128827439872,1,12.0647063758094,1,потенциально опасно
2025-06-18 10:14:12,HM-A104,36.04952796547793,35.56878443172096,5.314132227716151,0.0210618909903341,3.75768366421665,279.200907509818,1013.9029988784548,15.085382650031132,6.964162316464547,992.670556966268,0.9716325983095756,21.88069294082057,0,11.60575085674184,1,безопасно
2025-06-18 10:14:13,HM-B210,39.49027144720357,34.15775103523322,5.02718536988758,0.0438536856329224,3.918070572711724,252.74533014411983,1013.4286359412208,14.767449652502169,6.92700313233437,984.903879951426,0.9607039082171815,24.567997906068275,1,13.447772505917728,1,потенциально опасно
2025-06-18 10:14:14,HM-A104,36.025698202410034,34.289443334301446,5.639429083076129,0.0486120137946638,3.738279037915934,247.96155703108616,1012.653512094486,12.442278703427682,7.043859905607521,873.7560845948709,1.0397968829336073,24.837839194552693,1,12.680577990729578,0,безопасно
2025-06-18 10:14:15,HM-B210,35.95343860331833,35.40905003838081,4.274059728170667,0.0336606593442199,3.7934994434380136,244.63622189198855,1012.5790854955874,15.647519132146918,7.905609171127882,987.1712659013508,0.9061765948444525,24.96739621626176,1,13.962404217890796,0,потенциально опасно
2025-06-18 10:14:16,HM-A104,35.18274833924048,36.96429807036108,6.269939648057196,0.0408863462030897,4.959466070630457,238.7178353825436,1013.0473967725426,15.010247717746754,7.207790600289544,981.766736942662,1.00253820169229,22.685737770620516,0,12.120466011036296,0,потенциально опасно
2025-06-18 10:14:17,HM-B210,37.36033472555,37.02146096181829,5.747305230664887,0.0328162961911199,3.7296701686582976,269.5786954465014,1012.1582893365564,15.307383844281436,7.211543673244748,906.5424866749584,1.0276539894452612,24.52834326729115,0,13.05715766475739,1,потенциально опасно
2025-06-18 10:14:18,HM-A104,37.82420566631309,31.71693907705449,4.559770290619502,0.0547045684628922,3.9039056364578113,277.7707082373048,1012.2353530252906,16.49405546513711,6.256049525722154,909.1783891804394,1.0438857876975711,20.83135786715568,2,12.868462615329442,1,опасно
2025-06-18 10:14:19,HM-B210,35.32854319714176,35.00112752076627,4.564696599307137,0.0348934590257159,4.385884486607877,250.6822377422699,1012.3517157626324,15.91980393530509,7.992977732353641,918.986338293274,0.9266454339816445,24.017146738731697,2,12.912745127862346,0,потенциально опасно
2025-06-18 10:14:20,HM-A104,38.877638083475055,34.11958095034102,4.552745954718023,0.0520904354514409,4.415267864354963,277.6210347376728,1013.5494471866092,15.90457626077263,7.545689888469337,948.4263446449626,0.9796957202949292,24.364220091177767,2,13.210939893606971,1,опасно
2025-06-18 10:14:21,HM-B210,37.26644417374014,38.70526966269384,4.171007162655802,0.0500676029135124,3.730961194615744,271.1898807717517,1013.0277147185384,16.635918844396738,7.754406688188009,889.1253423974524,0.9065384365975818,24.32898330632593,2,11.41732483994886,1,потенциально опасно
2025-06-18 10:14:22,HM-A104,37.6219513466379,36.31418921218376,5.763395348115054,0.0305252410674178,4.690576138677819,254.05255637381592,1012.0211342455488,16.949674757314998,6.828600823661988,853.4422644159918,0.9748775286682632,23.815923980358672,1,12.648932131994812,1,потенциально опасно
2025-06-18 10:14:23,HM-B210,37.20381373469114,35.325040664159815,6.521044532765524,0.0215042245928737,4.677804301869237,263.70130895630666,1013.3470330549442,14.9064136598053,7.004256191571249,871.1844286895863,0.9188187134311472,20.84619413148875,0,12.527389011183269,0,потенциально опасно
2025-06-18 10:14:24,HM-A104,37.00381530437663,31.15394642178917,4.0524946419621655,0.0303041066279885,3.855976556305837,251.7492089585232,1012.847380357321,12.54440808015583,7.044167618324553,916.017386136516,1.025684501204807,19.11235237386514,1,12.027589367271622,0,безопасно
2025-06-18 10:14:25,HM-B210,37.79820165654109,36.05637889323411,4.14701393491382,0.051310868788761,3.932999454013191,257.9361704106276,1013.0217047299276,14.295649538877182,6.38818907857921,892.3003854139303,0.9170805003908048,20.33769449441112,0,12.308450799557708,1,безопасно
2025-06-18 10:14:26,HM-A104,35.776201229653566,31.172039056802333,5.718310830060838,0.0213816267909696,4.906981798189245,232.9023168509252,1012.428232486826,15.938005732308222,7.378978312653914,964.6774841554196,0.9769932540579744,23.37101998508665,0,12.556436229953652,0,безопасно
2025-06-18 10:14:27,HM-B210,35.909640652476355,33.37206575565752,6.458487056158157,0.0362218172928874,4.7385071689692175,264.81317376502665,1013.1035644567884,12.138626623809246,7.805953447234913,866.0035105823907,0.9781644103489132,19.630198579309827,1,11.962766944896083,0,безопасно
2025-06-18 10:14:28,HM-A104,39.30892810506759,31.42841964814332,4.980216671705901,0.0503048373980373,4.546695549593785,232.64123222420685,1013.958306479503,12.284437191780745,6.327411636276838,987.6197838332206,1.0457475746897409,21.34790445378181,1,11.879476496055643,0,потенциально опасно
2025-06-18 10:14:29,HM-B210,39.73057731066817,36.92073647024369,5.048843196423166,0.0276738737564189,3.623349832265901,270.85424734598246,1012.1468893820116,12.335788911914106,6.172636546972329,984.2990769915866,0.9982471041058332,21.957796625892705,0,13.214817723999538,0,потенциально опасно
2025-06-18 10:14:30,HM-A104,36.866546581398765,32.062521138361525,5.789039492490328,0.0421104818501348,4.127396121353864,271.24734647302785,1012.5678347993288,15.655178791641552,7.476437811080684,986.3135225399932,0.9431760439615204,22.227009937065127,2,11.200754428159229,0,потенциально опасно
2025-06-18 10:14:31,HM-B210,36.35372336571777,33.91859373188026,4.822638667372441,0.0222815787024407,4.33895280811524,241.85386437781077,1012.4859951857215,14.50583314281586,6.546403663345965,960.9414997904988,0.9361198964907208,24.55007883865159,2,11.938889235511349,1,безопасно
2025-06-18 10:14:32,HM-A104,38.21999771619508,38.95674777618778,4.079825098233052,0.0154639722684079,3.7811169319756655,246.18313905179,1012.4970986215023,13.844489717602968,7.247725083234659,866.0499957225398,0.9192372308467598,22.630451142900224,0,12.961133438401385,0,безопасно
2025-06-18 10:14:33,HM-B210,37.04367085549048,32.0431638339897,6.205685554304788,0.0497192112546428,4.172339873162337,254.06551892791467,1012.7574127151308,12.52808522630868,7.391516675984361,915.720635705435,1.013477208607359,23.504091712541115,1,11.626318904993129,1,безопасно
2025-06-18 10:14:34,HM-A104,35.126931778301724,35.078050639587794,5.87694973882436,0.0149484311704353,4.401538816233035,259.83314534662406,1013.6362195694884,15.661201251029446,6.643821527163643,869.7108057708195,1.0036134984273508,22.07314843524144,1,12.716817905856749,1,безопасно
2025-06-18 10:14:35,HM-B210,35.78076298683095,34.19271661166022,5.7422679971669774,0.0235690697539792,3.9910650201730986,244.36768308709983,1013.8257173799288,13.6050990527545,7.630289194851569,998.1548789141624,0.991481569096216,23.835062232033746,0,11.906492424945649,0,безопасно
2025-06-18 10:14:36,HM-A104,38.579861144236986,30.1812404104573,6.225052386975469,0.052755471099872,4.671417228425731,259.62432023159624,1012.404430174918,13.326620350323337,7.099977964228434,899.955763509801,0.9061260664424984,19.84564529148834,1,13.529903820050633,0,опасно
2025-06-18 10:14:37,HM-B210,38.29461970955076,37.927581135728126,6.0256925126861125,0.0273234643539333,4.760674372458208,244.88935366146492,1013.0858998758962,15.261596007767755,7.737998815903605,937.7995812835092,1.0144243299591442,19.469143701681524,0,12.049967996387403,0,потенциально опасно
2025-06-18 10:14:38,HM-A104,35.135479962517415,30.690459063146,4.617645964534964,0.058652267475708,3.985414204151106,232.77453605355305,1013.2737979443308,14.795054462984208,7.526587105117895,966.9089581366331,0.996283136572272,24.48424034130579,0,11.688549685192733,0,безопасно
2025-06-18 10:14:39,HM-B210,36.109860809664745,34.74255020976953,5.0574431408300535,0.0589867167386929,4.757985731738685,230.12637749159543,1013.0436549487276,13.812053209066509,7.737151264074908,988.0924126338468,1.0445833302165732,22.85436613450165,0,12.590311331268174,1,потенциально опасно
2025-06-18 10:14:40,HM-A104,36.155373982940354,35.6067829493895,4.378330425035875,0.0234138010226778,3.6553648491545214,235.05755289592145,1012.8681527883938,15.20743735402794,6.040322764235788,963.332158876204,0.988080319481522,22.700679039407547,1,11.406981539016678,1,безопасно
2025-06-18 10:14:41,HM-B210,38.35946371799364,36.28426456614587,4.389571040253643,0.0120489111124945,4.756593647933984,269.6125350082009,1012.3839510117184,13.356107601920591,6.487012521477189,951.1755668149356,0.9455927859992562,21.27106667039915,2,13.392451902215177,1,потенциально опасно
2025-06-18 10:14:42,HM-A104,35.09855268877182,36.88631629307876,6.028587239069617,0.0452531642102689,3.7291256475014247,278.07156561916685,1012.9764387183984,15.974151308021634,6.180015880891878,919.8972673057228,0.957228082828398,20.63688081505457,0,13.04008475381798,0,безопасно
2025-06-18 10:14:43,HM-B210,35.52054290992287,32.53272383522715,6.5758003209474944,0.0325493251324171,3.624390728764589,251.34830996406097,1012.8024296554228,13.14659475153827,6.884166034378699,940.8100200625786,0.9263761058067348,21.88983836135047,1,13.311526714084748,1,безопасно
2025-06-18 10:14:44,HM-A104,38.99958042686595,30.09978776658449,6.888197751583418,0.0150376421979788,4.462663106661517,255.63419767249712,1013.5911267250044,12.794188476910078,7.779920243230636,864.1245713279245,1.0084371273302075,18.84396444595167,2,12.196634599391372,1,потенциально опасно
2025-06-18 10:14:45,HM-B210,35.89272331027167,37.23443662354912,5.885041352648333,0.0453761409489021,4.207906048632942,237.3424084536713,1013.527208718326,15.912197047494374,6.935080524533738,982.5883812941894,1.0061582490032588,21.18298792758176,0,13.505010241564824,0,потенциально опасно
2025-06-18 10:14:46,HM-A104,38.26373053925937,35.35656599347578,4.552303970082871,0.011558745455596,4.8618359006192495,257.5515676340078,1012.2679973624114,15.539460153489664,7.699426089160788,931.5665963259828,0.9300975023216514,21.187573931258367,2,12.48064439221146,0,опасно
2025-06-18 10:14:47,HM-B210,36.19091390523364,38.36117703207249,4.316951036346792,0.0535098345246121,4.044783794136274,237.23274510034884,1012.177038105126,12.913194878508993,6.654356476038636,856.0202575652414,0.923773398477342,21.768355590609858,1,11.284097104760711,0,безопасно
2025-06-18 10:14:48,HM-A104,35.49720696379673,38.21388362900694,6.438552914610273,0.0169326264556651,3.930728395156443,260.5607165599415,1013.816307886455,12.58122876344969,6.679140145610505,987.9853188489848,0.9115507399803292,22.44279930057041,2,11.672087746975548,1,потенциально опасно
2025-06-18 10:14:49,HM-B210,36.21586095499727,38.43326167787883,5.736269429079998,0.0163655939373362,4.251102359216297,276.66293337904267,1013.071016777929,16.19199544243346,7.791123460653755,923.3952960755304,1.036796361552264,24.701228561897537,2,13.13315840458466,0,опасно
2025-06-18 10:14:50,HM-A104,38.6113346592783,34.8509465997954,5.85485506304116,0.0187836148984292,4.183919278652992,239.784926965152,1013.7156018745652,15.88299241098344,6.851634293023404,980.2883712341504,0.9349604750542276,22.5651838896423,1,13.689266896425508,1,опасно
2025-06-18 10:14:51,HM-B210,39.27848234053143,33.336283958368654,6.344386266264127,0.0580133179246033,4.016642069325783,268.2281859028551,1012.1163022411328,13.63628686849832,7.579530975589333,978.5331931308036,0.9516245290127706,24.18607606367388,0,11.285556777255826,0,потенциально опасно
2025-06-18 10:14:52,HM-A104,39.15109932283496,37.9155820259137,6.1098316831973545,0.0446584680126923,4.540611948047493,231.1751211409162,1013.0530312330432,15.290987041066831,6.473287095763803,972.3627381185672,0.9420756762566236,21.894127030284142,1,13.592644373291636,1,опасно
2025-06-18 10:14:53,HM-B210,36.98591764809228,34.512941130292546,6.50337475856829,0.0500685767731818,4.639342750870863,248.77486206608103,1013.0788530291524,12.620800932739057,7.897601659355271,859.2104528943034,0.9620436903916189,22.38849517839243,1,13.397209487535491,1,потенциально опасно
2025-06-18 10:14:54,HM-A104,38.34042568285323,31.834421964034345,4.168641716379636,0.0298817492866376,4.779475953545205,235.53742539152543,1013.7214040650842,14.53523829523839,7.149156493061142,887.0599968136313,1.0071073199073726,18.488858671766987,0,12.069683179955256,0,безопасно
2025-06-18 10:14:55,HM-B210,36.024921477079104,38.549740195614746,6.242561910239514,0.0268156363752477,4.9592849070655145,247.62377207978497,1012.1952199964594,12.0936514603021,7.518647137156804,981.3321808698146,1.0305893450589427,18.932846060190908,0,13.06783041318997,1,опасно
2025-06-18 10:14:56,HM-A104,36.46573865130507,38.82559876772348,6.552558271966286,0.0217242003391584,3.8999842881987568,238.67684598194415,1012.4808911273518,13.958009404607775,6.179031399589771,984.848658407814,0.9273898124292812,22.057693046382777,1,11.5608540314046,0,безопасно
2025-06-18 10:14:57,HM-B210,39.4816790926056,34.6630975614017,4.858405127374943,0.0340324014156204,4.5741402237349424,248.6652495061444,1012.813076627774,12.374214107357025,6.985328451661058,918.7103293553208,1.002961851561175,20.769990089706205,0,13.440179899801835,0,потенциально опасно
2025-06-18 10:14:58,HM-A104,35.06500961755368,30.756997273097877,5.921341821979759,0.0375914366767084,4.091387353243618,250.8761403053765,1013.73168295084,14.375735900784411,7.802076995468046,916.0062201481304,0.9528843213363728,23.591673639058516,0,12.972017065547032,0,безопасно
2025-06-18 10:14:59,HM-B210,35.427542654272344,33.87826089916931,4.942486191510916,0.0415887421826377,4.515622957926662,245.02955613904592,1013.8777666301412,14.108408234264472,7.754077258086609,876.2710950829224,1.047079075244594,21.80224512411923,1,12.316488138401194,1,потенциально опасно
2025-06-18 10:15:00,HM-A104,36.03943127573014,38.03537659462603,6.873913199447362,0.0228559251999347,4.213972535523831,262.8310974736564,1013.9854492391872,14.22192513319028,6.093627914468455,995.2616183036728,0.9448378738926116,24.176037272659364,1,13.593551946640108,1,опасно
2025-06-18 10:15:01,HM-B210,35.132661019369095,39.01774028546229,4.100270717306511,0.0574327040451495,4.990659654151898,275.94260256294547,1013.918386972917,12.22665651023997,6.607396938257893,881.9707713038565,0.901078943401179,24.80632174923604,1,11.417703503902704,1,потенциально опасно
2025-06-18 10:15:02,HM-A104,35.907177175448986,32.034727424975955,5.739378531498865,0.0184879249103567,4.593353203686124,250.0297687052636,1012.0118835116888,13.808081706409162,6.886640012958161,878.6405176526148,0.9773459961029768,19.0334462958504,1,13.537356897308907,0,потенциально опасно
2025-06-18 10:15:03,HM-B210,37.915207804848464,30.669736120252715,4.499510641148545,0.0582826587383206,4.928736950651487,239.61715782375109,1012.0954166829076,15.782419245499582,6.344529628711577,949.109345522376,0.9226096626413908,20.763794261589386,2,11.071659219566804,1,потенциально опасно
2025-06-18 10:15:04,HM-A104,37.10712275296249,38.77350453132839,6.136660615531476,0.0107428061253751,4.7524543242217785,243.5361379097992,1012.2952136383152,13.8445718667681,7.459996621979941,886.4266454500671,0.90667416402276,22.65486717666621,2,13.259601212980389,1,опасно
2025-06-18 10:15:05,HM-B210,39.46335855538487,33.894049389788755,4.527670850255986,0.0340562845908422,4.854351516745057,272.70004117481847,1012.6977241935406,15.575859763047903,6.369023991197423,990.8157416521584,1.0047403847921563,20.138421287802448,0,12.720092230236103,0,опасно
2025-06-18 10:15:06,HM-A104,39.0872178086922,35.41760964267563,4.7061497856950725,0.0266683919058281,4.721628795822013,258.5819861635074,1013.659836061974,13.847393618168669,6.693279388739772,851.6360492976693,1.0098388923762684,19.869226364050466,2,13.090169819661828,0,потенциально опасно
2025-06-18 10:15:07,HM-B210,36.70908675848938,39.68065812050759,5.483112433137274,0.0324561706965125,4.188738695563867,252.75055161534783,1013.7853123906708,14.116197207450933,7.326561273715637,850.8629893484951,0.9691048519674754,23.696169924401858,2,12.237033577193197,0,потенциально опасно
2025-06-18 10:15:08,HM-A104,36.29711716715647,30.665647279142227,6.744504849990634,0.0385332289490394,3.8776826800203263,237.48183607544632,1012.3736688125892,14.81946056414633,6.96417868904896,925.73152021534,1.0015328275134867,24.8626492834112,2,13.593323377676487,0,потенциально опасно
2025-06-18 10:15:09,HM-B210,36.898462040836336,36.48318007452096,4.6351431164439125,0.0317794579006354,4.055480263175784,252.4863654161891,1013.2393283032394,16.75340968403541,7.477142077269788,923.2093689870208,0.98073591723707,23.41662331873237,0,11.93944707241944,0,безопасно
2025-06-18 10:15:10,HM-A104,37.95147471257404,30.74105422574867,4.432720063354311,0.0307423425150797,3.530354348959926,243.92460016786933,1013.8347239701304,12.544302233233276,7.92241580244572,874.5046032851366,0.9944701661582898,21.665736359628795,2,11.824865855595585,0,безопасно
2025-06-18 10:15:11,HM-B210,36.34031820411438,33.754689284665005,6.276930495562092,0.0466361707706653,4.285989751197,277.1581563926675,1012.9274634718628,12.164568843305869,6.2330933754303945,924.1779344455426,0.9895055959781942,21.097578623617203,1,11.905251937243529,0,безопасно
2025-06-18 10:15:12,HM-A104,38.12074453924567,38.03814545193447,5.501858597001792,0.0442938137543232,4.257586700405613,274.2035054707866,1012.2070871439056,15.039785919050226,7.419135432796121,911.749165775498,0.9998734146083388,21.77753404371256,1,13.323091528527751,1,опасно
2025-06-18 10:15:13,HM-B210,37.047058260956206,34.33472232755634,6.7353553371453145,0.0516635641017923,4.287875697245733,234.1951270914099,1012.9156273001691,16.74548544464213,6.460688311264229,983.5494288013554,0.9299445973009756,21.23987791531415,0,12.485875194052138,0,потенциально опасно
2025-06-18 10:15:14,HM-A104,37.7602359042599,39.9718235390295,4.439843671479527,0.0224979490619747,4.961046837458095,255.83267446306212,1012.7515898045762,16.948615662773577,6.828953454815139,851.3880880325445,0.9403059930055052,21.52021639749968,0,12.61125597756244,0,потенциально опасно
2025-06-18 10:15:15,HM-B210,37.18063264567658,35.59059284946602,5.937783679069118,0.0404764254877031,4.867181005182259,241.2529172757336,1013.155315992132,14.420821236960007,6.065725451590279,996.4404707549428,0.9659944724261538,19.424171353704597,0,13.494966255226563,0,потенциально опасно
2025-06-18 10:15:16,HM-A104,36.47232879770959,33.21162152635954,4.698637438455445,0.0392597392696426,3.742569167495162,250.5388544762145,1012.8773173688144,14.340408105425492,6.271814764585398,943.6589146443764,0.966919201412878,24.326193645165294,2,13.500096656949836,0,безопасно
2025-06-18 10:15:17,HM-B210,39.74226653481078,32.20111325904753,4.470281285954918,0.0284868905436344,4.053323782333834,273.84239991257283,1012.0346918537074,15.22481885372598,6.639554578097799,872.7765168467913,1.0161617567380357,23.28174501066288,0,11.485214313705333,0,безопасно
2025-06-18 10:15:18,HM-A104,38.81802897079881,33.505205342861615,6.050288245471812,0.034302877095134,4.135934269194893,256.3757259944272,1013.9879954668272,14.77817378602485,6.68397161057597,857.0140020716749,0.9551090488844298,22.766841958852535,0,12.649303018664952,1,потенциально опасно
2025-06-18 10:15:19,HM-B210,35.700565878832265,33.72533273759551,5.7810538597262,0.0256891071652864,4.040799376777471,246.710764668538,1013.0870804754612,15.17044028807059,7.799170432924192,930.7158487838848,0.9243757734088772,24.649474796821316,0,11.378054619301407,0,безопасно
2025-06-18 10:15:20,HM-A104,39.342339879489565,30.68713677723961,6.264482375086994,0.0170922198808492,4.69774394540587,240.39441770524985,1012.9472615109692,16.369997127689473,7.48362581853303,885.233524895773,0.9377198955736614,19.990760323389868,1,13.605585413584274,1,потенциально опасно
2025-06-18 10:15:21,HM-B210,37.437155991247565,33.695741994267735,4.928387729338547,0.0206900605331366,4.286056504801381,270.01624297032447,1013.909234743008,15.731530847438046,7.944365936374082,895.1748305501889,0.9322100253576344,18.5681158762553,0,13.511017106292613,1,опасно
2025-06-18 10:15:22,HM-A104,39.47276113447046,34.64238519739225,5.34391496914657,0.01527568232006,4.358149725457437,261.22590076821734,1012.3117207351742,14.484386958433978,7.198143020670481,886.769824725177,1.0097490028884033,23.782970622487323,1,13.548046574663395,0,потенциально опасно
2025-06-18 10:15:23,HM-B210,38.99927627973658,37.227377522388046,5.216415028991255,0.0441534787595062,4.7795203384818885,253.40327302131155,1012.3784752050904,14.309322295000849,6.483427464182636,947.5258470358766,0.9705509421938974,24.988918745544783,1,13.1145755011399,0,потенциально опасно
2025-06-18 10:15:24,HM-A104,37.12606752234617,36.56729484721608,6.952268391899542,0.0430363696554575,4.708892230123038,240.8742176931489,1013.6160294981256,15.19800874256558,6.655310059843286,933.02934431742,1.0062946046956476,22.049027066141395,0,12.400631918127369,0,потенциально опасно
2025-06-18 10:15:25,HM-B210,35.11234654160059,37.08765655229154,4.876746870218164,0.0575303185789936,3.6983172842304497,246.71231870785655,1012.52166216005,14.278531422101487,6.639671846583934,861.6961635282718,0.962432952113644,18.41166571538877,0,12.214163679033646,1,безопасно
2025-06-18 10:15:26,HM-A104,36.34338679692473,30.08363681876857,4.884451715040301,0.046483920682362,4.570871876125452,277.99217133692594,1013.5984542125832,14.2888967563282,6.652988655326503,928.9789799762764,1.0334603403755858,23.46327628108459,2,12.18567369174083,0,потенциально опасно
2025-06-18 10:15:27,HM-B210,37.708171073304335,32.17667399580536,5.063644626485822,0.0126022919378065,4.153154193353053,256.0044968802917,1012.543066965817,12.081529508932524,7.345928346223632,968.678464834495,1.0475280461584102,18.51624334192089,0,11.198638365826282,1,безопасно
2025-06-18 10:15:28,HM-A104,38.16739109913074,36.616842883998565,5.693782243870965,0.0542122586964477,3.941973354593751,250.03496406216263,1012.06637526045,12.870320687036545,7.061615856180833,862.1791886230486,1.000476376305392,21.78009790381497,0,13.846610859393532,1,потенциально опасно
2025-06-18 10:15:29,HM-B210,36.28943842716601,34.83989368179747,4.756968232791236,0.0531337581472862,3.5750282313532797,256.0711021174162,1013.0340294477734,14.442568199978766,6.770848356173289,983.460846434563,1.0295718835854328,19.94272731947369,0,12.350826970170406,0,безопасно
2025-06-18 10:15:30,HM-A104,35.696780370364124,30.05313475668346,6.745869821137822,0.0321660160386349,4.230874340518176,268.9494252949804,1012.3933728682538,16.113267295251845,6.298179537457433,936.7459974171594,0.9761899900758094,24.405187464146767,0,13.790344697835138,0,безопасно
2025-06-18 10:15:31,HM-B210,39.174651183996495,38.04494642431823,4.797056694598791,0.039293152526396,4.033155021086797,247.00544682514345,1013.5156925858648,13.39363503363562,6.044278325884292,992.5936703905476,1.040193126053086,21.1593184928164,0,13.63777261748518,1,потенциально опасно
2025-06-18 10:15:32,HM-A104,39.92201090351776,37.72809573290338,6.687447194680584,0.0588039166236259,3.8772695595146014,238.93530604663044,1013.2823992664644,14.613217165655746,6.437669355175386,872.2211826583564,1.0247379728509245,24.289243439349875,0,13.485831163376044,1,потенциально опасно
2025-06-18 10:15:33,HM-B210,37.62845091151343,35.48419162993562,4.310425190939754,0.0366152181924083,4.542007594395436,259.2468059169524,1013.847205335956,13.72481042379616,6.214942807937362,999.0347499029972,1.048766785764906,20.093567596781973,2,12.76492665449248,0,опасно
2025-06-18 10:15:34,HM-A104,35.85839642924152,30.66463325776272,5.969688107198957,0.0552660914188044,4.654228080973381,263.26020517405334,1013.5659767145314,12.524019947697946,7.570890061704478,946.6409298954516,0.9934640602991672,20.71153808674946,2,11.304667657851924,0,потенциально опасно
2025-06-18 10:15:35,HM-B210,36.361536632596845,37.66515049532585,6.720956555314731,0.0141519378905093,3.867184278544137,265.6359001479275,1012.3615519096816,16.7914924153565,6.224995915627771,935.1241299221596,1.0168810110402342,24.629834317729564,0,11.971734348654609,1,потенциально опасно
2025-06-18 10:15:36,HM-A104,35.09195338273734,35.83713587731364,4.506248315194688,0.0195525934354341,3.574171155019021,274.0993795383065,1013.6003164733296,16.27336935125151,7.448456474613672,927.2919436168128,0.981430220996732,19.409201156521448,2,12.810758627858217,1,потенциально опасно
2025-06-18 10:15:37,HM-B210,39.5714940328025,37.81959977157959,6.9049808802977655,0.0320377471720658,4.773129050847853,248.55870603445567,1013.283474089628,12.392462122334532,6.7713173795521655,853.5481559647469,0.9388680156407134,22.04950806155801,1,11.040367425244014,0,потенциально опасно
2025-06-18 10:15:38,HM-A104,35.5887554144507,37.5174699239584,5.358650081246536,0.0392378404168652,3.514939611806455,233.7677448114446,1013.3379032835212,15.598936312341422,6.146756779487552,990.9458787324368,0.9532132756694636,20.71957229992078,2,11.127892741005493,1,безопасно
2025-06-18 10:15:39,HM-B210,37.88258237757127,38.03002071957837,6.837145325323073,0.05081139259314,4.905668740882208,277.9174291815471,1013.6645257719402,13.7378995217875,7.625460098863171,946.5991709281298,1.0341008122096975,23.41916819548109,1,13.032990146601731,0,опасно
2025-06-18 10:15:40,HM-A104,36.37027610343603,35.18008066404625,6.030460130890141,0.0594131057571593,4.441429810974059,251.75059637187377,1013.147648138378,16.974249035308965,7.159261140473227,863.7439726748937,0.9083921919897932,18.9050745981995,0,13.664608554505538,0,опасно
2025-06-18 10:15:41,HM-B210,37.77089001257897,31.40324518193515,4.904760609620655,0.0294425748237058,3.9827699528019807,261.1628754836566,1012.932007028706,13.51199259914489,6.471523025727146,853.1428255441788,0.9887219829111612,21.06050478303268,1,13.56548938796961,0,безопасно
2025-06-18 10:15:42,HM-A104,38.25710194175932,36.71157473379689,4.564907574751319,0.0123707818070042,3.869716864365104,263.3152661564146,1013.2732820707174,13.193692226813,7.789362348665335,857.6175458855128,0.9558726048756164,22.89252838791684,0,11.504435829432236,1,безопасно
2025-06-18 10:15:43,HM-B210,39.14870901853601,36.204737850519706,4.911205138675298,0.0500585751647662,3.513508496396713,257.32568543506017,1012.5959148579168,14.839452741527026,6.090516627741103,941.409364514836,0.9580038807008334,20.84911364504312,2,13.733700357777025,1,потенциально опасно
2025-06-18 10:15:44,HM-A104,36.03210635880301,37.42253187199087,4.279052227788025,0.0402190359541404,3.853207125516316,240.2628764868135,1012.3651942621742,16.175630816716023,6.403639216395526,942.1023122341878,1.0326856809620653,18.40972217492764,1,13.088906601953813,1,потенциально опасно
2025-06-18 10:15:45,HM-B210,35.0549791432924,31.698810060507352,4.431603899029989,0.01992714294341,3.706592452275712,267.7571525058071,1013.2331756761424,12.96259435909899,7.504093855611722,924.950093767216,1.028073356181934,22.93578582934741,1,13.148977862977052,0,безопасно
2025-06-18 10:15:46,HM-A104,35.68442815034403,31.94975199900289,4.313981321039443,0.034741422831071,4.418249331084718,270.1875987152041,1012.467696738171,15.547013848596656,7.418755860619778,896.0148730979428,0.9898263563358703,21.522388293794883,1,11.912123602212244,0,безопасно
2025-06-18 10:15:47,HM-B210,39.500093209240525,38.90409517219329,5.268830631224674,0.0471155122766862,3.749818382890702,257.648779300872,1012.1598302186932,12.307032915705609,6.578543387448956,929.7614097421962,0.94093782711065,18.079160806760704,0,13.147990327051456,0,опасно
2025-06-18 10:15:48,HM-A104,39.36945038781258,37.49977798452071,6.386735128772759,0.0485205893534321,4.292944756304929,254.42805802924207,1012.0011083691704,16.59467371555249,6.124049750705567,927.4452731314386,0.9713184519243035,22.28859126659861,0,13.129316832751677,1,опасно
2025-06-18 10:15:49,HM-B210,37.98706551085154,39.082284887003226,4.424150662649021,0.0349809205999381,4.385174633516706,235.69690915639927,1013.2166388028002,12.405374580736494,7.716156144449887,852.9123339814848,0.9612440090683824,24.439167157701505,2,12.78399657683936,0,безопасно
2025-06-18 10:15:50,HM-A104,38.002584302168266,37.587153211639205,4.390961299517008,0.0252607265064429,3.947062547520372,234.1975830749892,1012.7242975669604,16.57115688172081,6.627395276139805,892.3703845491248,0.9530427043803744,18.777181637481824,2,12.07186520977713,0,безопасно
2025-06-18 10:15:51,HM-B210,38.32518337273128,35.971553059903016,5.930286848551992,0.0586871291019246,3.552597423528078,246.9782422781764,1013.504621941347,14.454036247263511,6.39142682985653,857.9778012200725,0.9154178367835945,22.134698645064184,0,13.433043313054885,0,потенциально опасно
2025-06-18 10:15:52,HM-A104,35.87685639311725,36.54132737027874,4.591548945904199,0.0431681305478246,3.555880820921294,245.5423077758697,1012.7503527966262,14.2404555639796,7.032123644721954,985.0232127171485,0.981467083007298,23.100682172338413,2,13.812553813940806,1,безопасно
2025-06-18 10:15:53,HM-B210,39.5720597296248,38.8912792394001,4.292830114326975,0.0304118759673149,3.539520998290876,277.6828225481636,1012.9720068964764,16.866535397501885,7.820454398564895,958.7834744177704,0.9452746946811724,18.49541569098214,1,13.609665275080989,1,опасно
2025-06-18 10:15:54,HM-A104,37.09385262446037,35.788067545119404,4.500545734616733,0.0240231612102326,4.608687000704819,269.1811371221715,1012.8141699456309,16.951920888491095,6.087093155686751,999.4172755289368,0.9991211914391293,18.158308207149304,1,11.728937582639174,1,потенциально опасно
2025-06-18 10:15:55,HM-B210,36.91569264124749,36.32391324328388,6.7711941876303285,0.0465551491501781,3.9770145572214473,262.996214762953,1013.3011495822188,15.25089062980506,7.531608176061775,895.3256894957932,0.9478805903738295,21.24937106651463,1,12.337021487148968,1,потенциально опасно
2025-06-18 10:15:56,HM-A104,37.594588526414185,31.56476716003601,6.464413758328572,0.0221091722796883,4.694450278951496,255.88240445088024,1012.71227832403,12.635596459285242,7.144946455877418,981.7728771635366,0.9646745239702202,23.53830681064055,2,12.027243056882364,1,потенциально опасно
2025-06-18 10:15:57,HM-B210,35.234829833875274,34.739212201161024,5.062193687065282,0.0185854994486844,4.1475992357642735,238.36837653633256,1013.9275352998848,14.530850428276011,6.850898233103634,940.4581401898722,0.9078540561291611,19.1250358706953,1,13.12243865062884,1,потенциально опасно
2025-06-18 10:15:58,HM-A104,35.8314168437804,37.16397111958099,5.967462301982178,0.0364916944481035,4.179497151244946,278.9228336092142,1013.8722939731972,14.645815504778312,7.48816088821012,917.9688110355409,1.0488807104858218,23.85646090550446,1,13.49447101301302,1,опасно
2025-06-18 10:15:59,HM-B210,38.690168082131855,32.70942698316365,5.611827021004114,0.024499369632207,4.269323903764361,248.7520349120105,1013.6960558053146,14.57223214067655,7.931648848883265,883.3859666932952,0.9761415574912764,22.596040787965173,0,11.647388397318409,0,безопасно
2025-06-18 10:16:00,HM-A104,35.413993339625634,32.022541805245346,6.031372790447692,0.0414452572461807,4.569547184562656,235.34628012236223,1013.8406005411456,14.847459192600049,6.458412422325382,960.7588247929214,0.903635639124626,20.3252130145194,0,13.841826606057676,0,потенциально опасно
2025-06-18 10:16:01,HM-B210,38.01576054733194,33.13826808224415,6.048013457388278,0.0158969337437116,3.9102542987445608,254.6899447857873,1012.8982793769188,12.093623568971951,6.28729473014424,985.621112335645,0.9811845988141716,21.610780589447145,2,13.031987399898703,0,безопасно
2025-06-18 10:16:02,HM-A104,36.226745548406605,32.415006279928335,5.886202045179979,0.042747055228366,3.68238102430029,273.6999005806542,1013.072860793579,15.556136407352511,7.825763490445394,885.2962597113057,1.0305530998958474,24.75902485808717,0,11.655343614730612,0,безопасно
2025-06-18 10:16:03,HM-B210,36.946478070209885,32.14912637036396,4.798304105611926,0.0241648263998851,4.334086002787192,274.36455008886645,1013.4841851851164,15.56197150976494,7.337906154914608,876.3085502460419,1.0158828201399304,19.515058794426373,2,12.11328383392228,1,потенциально опасно
2025-06-18 10:16:04,HM-A104,36.443468683853496,34.24850842868087,4.117019262288454,0.0100121467217256,3.990466434864109,230.5482958028224,1013.3922918498772,12.57734887588944,6.875972043123932,954.43328725073,1.0051360026194185,21.49674778420828,2,11.313820574169648,1,безопасно
2025-06-18 10:16:05,HM-B210,36.77836358232474,39.078385138835344,5.366700345970326,0.0163468028837088,4.163736970502056,274.31478723757,1013.781357191211,14.851197212229003,7.146519140528566,996.545974408828,0.9209196981898552,22.371405892753344,0,12.791206955088825,0,опасно
2025-06-18 10:16:06,HM-A104,38.595229525921226,35.07059646738718,6.672921654072112,0.0566807688917547,4.470420062505959,243.57421087499293,1013.4326620545132,14.841805912178874,7.491227810352488,962.4932651656115,0.9986605618481208,18.966102238329665,0,11.507574568377873,0,опасно
2025-06-18 10:16:07,HM-B210,36.48560857811587,31.879203808153232,5.708491775555728,0.0533677319557678,4.241188611711906,231.94861819842117,1013.9957694164568,15.412252100952,7.546063797411435,892.6871108571473,1.014944756701839,18.304654620363166,2,13.079269814489123,1,опасно
2025-06-18 10:16:08,HM-A104,37.83202320148449,30.76971669380874,6.497173125105723,0.0216804516018118,4.430418225651264,272.3895135181437,1012.6970115996633,12.426988460675403,7.839788361637929,912.993313622168,0.9858628595948246,18.0942196705203,2,13.211740229673964,1,потенциально опасно
2025-06-18 10:16:09,HM-B210,37.3802520109955,36.96156145137925,6.974873028883684,0.0489185952272745,4.316300003170442,273.1933377994104,1013.6659954844788,15.13251653633048,6.8536855777912455,907.6476453187556,1.0339123506780528,20.272849996200115,2,12.438004454970295,1,опасно
2025-06-18 10:16:10,HM-A104,38.31835582681324,33.82798764436388,4.490848612414829,0.0404285796586987,4.609694557904149,259.8115539921175,1013.3952696456652,13.403759753731704,6.58682182003879,977.8142527070568,0.9415484672677328,18.517631061394056,1,11.281450313432556,0,потенциально опасно
2025-06-18 10:16:11,HM-B210,39.684148696623794,38.2183094658536,6.075332917425947,0.0585452355724934,4.55890492656743,258.7216878648179,1013.38277289043,14.53501495248086,7.279328533579684,965.7056168308336,0.9363217049608876,23.6263896677878,1,12.832619569914652,1,опасно
2025-06-18 10:16:12,HM-A104,38.66286048605125,36.5951076864077,6.022880721100074,0.0286802829767029,4.301284837712929,270.65601363107095,1012.65167118969,15.866617763520384,6.831455798559061,938.346315214228,1.0304354617413969,24.98123669013222,0,12.116615756371443,0,потенциально опасно
2025-06-18 10:16:13,HM-B210,36.07470189295378,37.96241450541368,6.939866342074835,0.0440730306258585,4.51835453128956,269.315477635514,1013.571203584846,15.528229681815066,7.189196907897956,891.2438665595355,0.993809736448718,18.429126752141247,1,13.848942413642138,1,опасно
2025-06-18 10:16:14,HM-A104,35.155915675306424,32.71946039418449,6.956802201858401,0.0131767861211959,4.81033940340892,274.5052736721352,1013.8007520446952,12.594515088389969,6.839971596911901,990.6982791583084,0.90021708307815,21.02908393153408,1,12.539617120106126,1,опасно
2025-06-18 10:16:15,HM-B210,36.31132022149912,36.92358922461058,6.060035835172388,0.0298123673408202,4.148406931682253,257.6373723798352,1012.4370969230412,14.955923935580364,6.305991573356349,947.997283715372,0.952969711276658,18.180124860878024,2,11.216798206592522,0,потенциально опасно
2025-06-18 10:16:16,HM-A104,37.97538965350128,32.640619846937184,4.730844375946583,0.058190883059409,4.119144609123191,278.38235463664046,1013.2509936742334,16.84558265470369,6.938853503317917,995.5714969662674,1.0286783978722012,18.93793623530084,1,12.908147249591538,1,опасно
2025-06-18 10:16:17,HM-B210,35.25712906742125,39.39068479450292,6.395667514391797,0.036949043722506,4.64636843127857,279.8073415466669,1012.7842696582056,12.783847186675011,7.381835643882066,937.0175549563046,0.9040979267462615,20.26045792637472,0,13.338061107579495,0,опасно
2025-06-18 10:16:18,HM-A104,37.48183123600618,36.363742815333744,4.321087402633115,0.0243939751667422,4.373830755562991,235.82723049993163,1013.9790962385896,16.264535438627075,7.5985676153353,973.178913754542,0.9004871892392263,20.75588749140355,1,11.481508428216808,1,опасно
2025-06-18 10:16:19,HM-B210,37.98421424458444,33.24511800175342,6.342097912514886,0.0160135481564303,3.606510170333882,272.4771879777061,1012.9576656316634,15.512740402768884,6.9866525535930935,971.965806909179,0.9421888935787694,24.57848062500048,1,12.34717209303316,1,безопасно
2025-06-18 10:16:20,HM-A104,36.671219454084806,32.69511862292273,6.73058837243409,0.0451764170090765,4.838168023536622,254.99111288742944,1012.456640347594,15.870016564548798,6.330475780420802,900.5993165250388,1.0371000055513917,20.770857661298272,1,13.229590859713465,0,опасно
2025-06-18 10:16:21,HM-B210,38.85456101872911,31.909265850716437,5.1485001843053055,0.0422428021714863,3.54617465335646,249.3783169149916,1012.7637152504436,13.409791635713226,6.829375419298863,994.6031084435842,1.0352216372205023,21.47394361340181,0,11.061480846166642,1,безопасно
2025-06-18 10:16:22,HM-A104,35.53299126566886,36.94640958893728,5.891905884949241,0.0286969356801887,4.622594534314615,260.6536154941357,1013.3076767796332,13.439444646899211,7.572587857683397,853.2912201396346,0.9778142918702262,19.719083577917065,0,11.086909388292131,1,безопасно
2025-06-18 10:16:23,HM-B210,35.375688908679045,32.18715612997927,5.290428196290479,0.0575470675932917,4.638191214056469,232.79827786310037,1012.1521787426992,16.53009727888244,6.825718541234146,965.306636315112,0.9829855306709434,18.00087597129603,2,13.030736200648583,1,опасно
2025-06-18 10:16:24,HM-A104,38.64094378101802,35.95303265927489,5.313295164964385,0.0111101406493925,4.929666627922895,255.323055938354,1013.2072038404424,13.799160160462794,7.393061587208445,994.8335628646066,0.9498012016975784,24.295341197131947,1,13.17537949497529,1,потенциально опасно
2025-06-18 10:16:25,HM-B210,37.47745658103099,32.646350269253574,4.93111266732436,0.0251861925815912,3.581201612603481,273.54452850133333,1013.8624495183578,12.315076953464052,7.014427363356179,900.8362304925585,0.9365604993041716,18.57200329925413,2,13.537608311959165,1,потенциально опасно
2025-06-18 10:16:26,HM-A104,38.44201198213868,36.61968944793868,6.286388861350973,0.056053474314979,4.395285291176736,240.67307580694845,1013.7007255753156,15.00298351789725,6.482446250218794,947.2165881686458,1.022283278131818,24.74974188725361,2,12.198799447377882,1,опасно
2025-06-18 10:16:27,HM-B210,37.17413669301873,38.14939728540539,6.808529692499516,0.026046771915972,4.141760855940579,251.3194947384713,1012.135347073316,12.624088345209213,7.592301016046148,934.3334874766316,0.9159442290749462,18.915908728701822,0,12.169329995136517,1,опасно
2025-06-18 10:16:28,HM-A104,36.232010166195536,37.78025243144653,6.822252577703384,0.0226126416927585,3.995949432289313,276.9740443857437,1013.9867797574782,15.98298120703954,6.168426908141374,964.2260964514784,0.9731031556317954,22.23414936525308,2,12.657103918188971,1,опасно
2025-06-18 10:16:29,HM-B210,39.095511588371,37.60851330930782,4.524343854624801,0.0367110204965623,3.6354778404486097,251.4281918902849,1013.3974538474076,15.208732212505288,7.049780565510301,979.926688246758,0.9951595889245628,24.995874114996457,1,13.271980865104794,1,потенциально опасно
2025-06-18 10:16:30,HM-A104,38.997079394844896,31.87722405692252,6.624230948969698,0.0511900874960268,4.343981179506963,247.9183816166199,1012.324561648628,16.373632526106043,6.41778206848681,940.4566853949322,0.9155520435556544,18.96925217248773,2,12.922976590814658,0,опасно
2025-06-18 10:16:31,HM-B210,38.473482354272136,30.883849469845188,6.212294324281366,0.015157338043918,4.218561088511921,252.0268324061689,1012.0248321783388,15.924186248913175,6.134131257082752,972.3856879572186,0.977941064320852,20.96760159457877,0,11.981969911531555,1,безопасно
2025-06-18 10:16:32,HM-A104,36.36072568614981,36.98948828487386,4.758512202070868,0.0571510354822868,3.656831687226537,255.97263832587785,1012.3425652725844,12.56056824169098,7.005867874166498,896.8428363833883,0.9866281931868666,23.462965682800338,0,12.039641769307536,1,безопасно
2025-06-18 10:16:33,HM-B210,37.95115333434544,33.68347213794351,4.201853838764544,0.0497536440590582,4.418734260645625,261.59956720657345,1013.6763518413716,13.90535338217211,6.999124311869847,884.2880588057226,1.0113744090761048,18.225331048949776,0,13.289014806701315,1,потенциально опасно
2025-06-18 10:16:34,HM-A104,36.80486948470013,34.32346226403347,4.803991800653134,0.0190625127775775,4.606929680379408,270.03464004583657,1012.0432786498905,15.872801249572936,7.413801803351442,914.600153429926,0.93522540737213,22.828479257980312,1,12.60393998528481,0,потенциально опасно
2025-06-18 10:16:35,HM-B210,35.45791036663317,30.31149092793391,6.736624710344577,0.0456003980599081,4.650917451580472,252.6051102882157,1012.466294607236,14.086707366331629,7.48950138610381,951.6604899371176,0.9439991254936138,18.562613365235595,2,11.293928526739428,0,потенциально опасно
2025-06-18 10:16:36,HM-A104,39.58656787731121,32.59576449275049,5.8995360246873165,0.0292479361318778,4.858059782393641,270.874046754507,1013.5146111906696,16.86182742389989,7.455582977385793,878.0870423408086,0.985428171994955,19.655640995912584,1,11.45898486245687,0,опасно
2025-06-18 10:16:37,HM-B210,35.684093154594805,30.33676403874464,6.163163982693615,0.0301147339038159,4.114206112833166,256.68603306760406,1013.1722210717962,15.678702249467246,6.81911746583351,952.0528288227836,1.047468961497242,19.120533137453524,0,13.553571127814948,0,потенциально опасно
2025-06-18 10:16:38,HM-A104,39.75118676910401,38.79185772601248,4.771457053327287,0.0491645046219433,4.929609152933205,246.92402551839888,1013.5654714207204,12.077499583451605,7.263379574453125,909.11404728581,0.9326239774230172,24.351355021528555,1,13.996410295095476,0,опасно
2025-06-18 10:16:39,HM-B210,37.23002886478978,32.433966832185305,6.158164466724461,0.0581392403990366,4.798144107624029,262.8975414059707,1013.4923010076536,16.399928457804183,7.153890485287921,969.3362910838948,1.0478855740685196,19.263197017471764,0,12.007048717223764,0,опасно
2025-06-18 10:16:40,HM-A104,35.9256646441931,35.57337169573008,4.084364518833771,0.0163327936423596,3.9447523565359086,265.8861127371746,1012.1012027742436,12.504023924342787,6.84312351223384,855.5253725654954,1.0071513799581722,18.2830386686061,1,12.160104984670475,1,безопасно
2025-06-18 10:16:41,HM-B210,37.70950473689179,30.389793206611305,5.125964037319042,0.0310315118439409,3.738924556024188,257.9024487814744,1013.7850228381884,12.702618620900427,7.194425388371986,950.1973956744092,1.0239123104445036,22.11337974913433,1,11.463464074368758,0,безопасно
2025-06-18 10:16:42,HM-A104,39.36472917938204,36.66847391305658,5.880260045626994,0.0340470804042151,4.15308409419202,232.83074865673615,1012.4540636685646,15.672462003055257,7.894495753412525,947.4733504974952,0.9134461902354508,20.423266477867912,2,11.707139252181264,1,опасно
2025-06-18 10:16:43,HM-B210,38.66112443204781,33.23027345754094,4.43828969662396,0.0288155908477498,4.10284806193395,238.49414375804125,1013.1067848804596,16.3248427971524,6.385787487362755,991.1403214187972,0.9450630281145947,20.839943544489564,2,12.273889537327664,1,потенциально опасно
2025-06-18 10:16:44,HM-A104,39.03280573930725,38.97919186957666,6.469010723340804,0.0281594561858112,4.363578957996807,244.2648860445114,1013.2885763130556,14.68174813949778,7.811544191571053,957.0051330346106,0.9086604419476472,18.833439214037828,0,11.853168933232288,1,опасно
2025-06-18 10:16:45,HM-B210,38.29391683355359,38.881181889340354,4.705093896435756,0.0126134333780798,4.375079348491622,244.13128029757465,1012.3372564217702,13.445248664728895,6.1069110279663965,969.4452844634922,0.9557320492504764,23.237641440032363,2,13.104274563771543,0,потенциально опасно
2025-06-18 10:16:46,HM-A104,38.46138282258927,33.25290618361748,5.9568433384553385,0.0442769310281311,4.624980476569963,263.6710400123435,1013.952462513402,13.756577726265878,6.6167784258033215,985.6886523779752,1.047193448988008,22.210875547504628,2,12.613548324512504,1,опасно
2025-06-18 10:16:47,HM-B210,39.24597825782659,39.00960895690468,5.21559142772599,0.0318107208560022,4.264834922308415,230.91743308368163,1012.9763119121748,13.71444664798028,6.576290497223057,951.2577877437982,0.9157909593309508,20.54951931323796,1,13.46689138487973,1,потенциально опасно
2025-06-18 10:16:48,HM-A104,36.24834004429593,39.96157673498779,5.788130786432942,0.0197396901321963,3.657233961411148,267.784088852476,1012.1152853911948,13.63339051904756,7.252730215761812,893.5230452439962,0.98435591735568,19.201024606341957,0,13.17357475315706,0,потенциально опасно
2025-06-18 10:16:49,HM-B210,37.447124818215705,38.25415664123948,4.322351657886724,0.0508016751151034,4.787437003329659,243.26712374034665,1013.8745240895556,13.21454835910825,6.262449903554581,980.4660699375283,0.900910593422072,22.15416217419392,1,11.38430183588144,0,потенциально опасно
2025-06-18 10:16:50,HM-A104,36.10604720909801,38.44871347755229,4.050738399764822,0.0501280374075813,3.964646874777781,245.50109231080512,1013.1725356863864,15.044335473146166,7.7646952236795075,962.1367179213962,1.0069024224066094,23.45018095655164,1,11.370166896730156,1,безопасно
2025-06-18 10:16:51,HM-B210,39.93834003998323,32.4900873610909,6.728693282140903,0.0343195814044446,4.956946190459888,256.3954913971962,1013.3983863959628,16.502026592825338,7.657102816930083,913.665640600134,0.9295789038558062,20.186780987070364,2,13.68694591552237,0,опасно
2025-06-18 10:16:52,HM-A104,39.72029669843307,35.76702398857756,4.808890026301548,0.024922533057388,3.676790163019655,240.79628004694789,1013.0503515798684,13.535412065416706,7.3041316393705555,956.5793758974944,0.9194376805687144,18.18102268477018,2,13.458533718343109,0,потенциально опасно
2025-06-18 10:16:53,HM-B210,35.19713405684253,30.67255913967368,6.459031008341377,0.0419046362898226,4.937376758348755,274.2235656787764,1013.669475909554,12.93347148730706,6.916827663584396,980.1533315771712,0.9505526718241182,19.50040789327089,0,12.403751969488129,1,потенциально опасно
2025-06-18 10:16:54,HM-A104,38.52787586257844,30.949179368216697,6.998050901416601,0.0244076067888701,3.636517710323776,234.26843896632823,1012.0662669243864,16.192888331857123,7.865912084284156,996.3478197086908,1.0156566446908473,22.776784732249805,2,11.391092404321917,1,опасно
2025-06-18 10:16:55,HM-B210,39.626241587078326,39.988926120332906,4.634293773996734,0.0218003965161856,3.846554206920589,252.21911811505325,1012.5367567305544,15.708916654448515,7.661493109441112,992.8527255938584,0.9159919629466816,24.92367464219846,1,13.695728872057416,1,опасно
2025-06-18 10:16:56,HM-A104,35.902876725636666,33.26639249425911,4.795512223550067,0.0465257327013163,3.5698699131298124,272.4711134727445,1012.9392967128052,16.654185157799553,6.9986302961624896,898.7991740146213,0.9344758493698044,18.09363367586144,2,11.69210167212779,1,потенциально опасно
2025-06-18 10:16:57,HM-B210,37.83972615276315,37.48183912048847,5.988579362903997,0.0120162619860475,4.557669719958493,260.7921947210618,1012.1532072326274,12.827598678024549,7.403746708908622,913.2540570577272,0.9012696632425964,20.143074934924705,0,11.106604323888964,1,потенциально опасно
2025-06-18 10:16:58,HM-A104,39.577441487940206,38.06665053026816,6.896345903801864,0.0147384235517296,4.775448104857688,244.61647579213167,1013.4118133386534,12.721256570582955,7.133859904359369,866.4304907466056,1.0452622294043428,18.434146093141877,0,13.772718574962209,1,опасно
2025-06-18 10:16:59,HM-B210,35.16972989292899,38.580232710072295,6.747443044572232,0.0103394087011794,4.151106622723971,251.03801038882304,1012.7873268281112,14.707146971524985,7.175884476776529,887.1316430527069,0.9888218399983296,20.214445014341223,1,13.426806862169034,1,потенциально опасно
2025-06-18 10:17:00,HM-A104,38.4871013362342,39.976282974021565,5.508626560196754,0.0176471593237713,4.892783112563644,265.33471901712574,1012.5453359805364,15.072168274175477,6.661952138874943,982.3631812730424,1.007984945457705,20.84140040189195,1,13.080445076955346,1,опасно
2025-06-18 10:17:01,HM-B210,36.48674503686276,32.41496485256868,6.385330847580174,0.0134495004355229,4.3854486076334,278.663037168195,1012.0067576936168,14.400867209297948,6.9241692092497935,904.1274889419038,0.9977074756734022,24.446034643623783,2,11.102091072056105,0,потенциально опасно
2025-06-18 10:17:02,HM-A104,39.621980976882654,30.403508268597,4.407237559299703,0.0597901183889959,4.4450107031697845,274.65693591897167,1013.4396606235,14.994833181619375,6.156242861579488,943.082898789232,0.9216546838304512,18.563925595834853,0,12.585293535178128,0,потенциально опасно
2025-06-18 10:17:03,HM-B210,39.85529122582684,34.11191517994586,6.932314552612037,0.0244404984977044,4.768128802551155,247.12164041911885,1013.6676186177456,12.901898844375356,6.7146973833291845,949.894842746055,0.9892409908490992,23.43993837146039,1,12.960908465251311,0,потенциально опасно
2025-06-18 10:17:04,HM-A104,39.72133244556717,31.30080669828947,6.893059702107959,0.0174634006334623,3.945200307577758,279.9098939643929,1012.790081071363,14.398068770820416,7.391657030724303,967.2743912714968,0.9197123392711892,20.768740772440744,2,13.278041722346094,0,опасно
2025-06-18 10:17:05,HM-B210,37.37107108328732,30.22425889162055,4.491186873637513,0.0220498128997958,4.031398581991438,230.1752331765529,1013.1284359540668,15.29046280469834,7.906432061012373,877.4200045368447,0.9601854680944693,23.678839947668493,2,12.41322165439557,0,безопасно
2025-06-18 10:17:06,HM-A104,39.31021325494657,33.60426827141486,4.89826937440932,0.0568062785770067,4.858927878791967,231.38148779042075,1012.4553732518592,14.163532246243518,7.926128225526041,895.7219701921654,0.985344470388794,21.59381529727935,2,13.86004790024467,1,опасно
2025-06-18 10:17:07,HM-B210,39.22274699267536,37.83738251075236,4.3004649925203005,0.0360080111512197,4.851445244058146,271.1920257585597,1013.2443952925604,15.39723667908299,7.111445738249783,917.2504512187272,0.9838321671153234,18.274974271903872,1,11.734343182919524,0,опасно
2025-06-18 10:17:08,HM-A104,36.59550236621628,35.66180691225071,4.815152796694539,0.0282409048153928,4.964724164301306,239.9731343416526,1012.0242749166304,14.255956402769195,7.213244503619164,904.726159185741,0.9178610138974111,24.62344119300387,1,11.209204752085467,0,потенциально опасно
2025-06-18 10:17:09,HM-B210,39.14457737075339,33.12777989210354,6.447867368245619,0.0536695728954609,4.852757474662507,233.03846341981205,1012.9772877941977,13.667997904211386,6.371442371001935,997.4357849289536,0.9051653954469784,18.579138444041654,2,11.99829873502595,1,опасно
2025-06-18 10:17:10,HM-A104,35.18503817357746,36.5434200549272,5.134946821495778,0.0297495135274516,3.691058054050041,241.85740366182512,1013.2884109636814,13.51802523543546,7.390616216187062,975.2411204820568,1.019735147081072,22.18378451773629,2,12.985414610920138,0,потенциально опасно
2025-06-18 10:17:11,HM-B210,37.981349392410266,32.320181803088104,4.265190901440275,0.0267504284978847,4.7355864292054815,251.30500769904305,1013.8363835464596,14.05451029494294,6.141317585348773,921.9530131930728,1.0088883655494008,24.14367434053461,1,13.211471612828817,1,безопасно
2025-06-18 10:17:12,HM-A104,36.150044186438514,30.14381446072085,5.026676574336713,0.0203641261274867,4.114757717164391,266.52831352167027,1012.7626716342446,12.115448113411004,6.569371371598889,981.8902939129702,0.9122728356847108,18.55838858425136,0,13.215490691344428,0,безопасно
2025-06-18 10:17:13,HM-B210,35.6028344288864,37.64353386436427,6.94415000272384,0.0288898411954705,4.986202033918907,261.2167763275603,1013.530380405962,15.34262569223057,7.336726694570885,902.1479421374944,0.919112327820233,21.87725371891209,2,11.332021482868202,0,опасно
2025-06-18 10:17:14,HM-A104,35.384766008146045,36.23743084864009,5.889050785777609,0.0258342178008463,4.208421446493202,241.88106087802103,1013.1953740598872,16.22552820490131,6.620620263086979,967.8742485835396,1.033887566458443,23.770029128671165,0,13.65526836388481,1,потенциально опасно
2025-06-18 10:17:15,HM-B210,38.481443879390696,37.6230262450096,5.2484828392184735,0.043865197964907,4.330754123753331,255.16352240502923,1013.85402422585,13.773135472215593,6.099693748228908,883.5513397159681,1.0153693352432671,24.90427296052057,0,11.842501108768658,0,безопасно
2025-06-18 10:17:16,HM-A104,36.69937481884033,30.389380166876656,4.49961554049181,0.0244791352335363,4.294662372885198,276.31070526992846,1012.7967553513188,12.230165680708591,7.663740818701927,965.8483067839549,1.0494240444325011,23.070291805698147,1,11.62973332298968,0,безопасно
2025-06-18 10:17:17,HM-B210,38.62383385764381,38.37119627830652,6.958530391851085,0.038859987321128,3.982605544787417,270.75038884918786,1012.638190679746,16.93387798692779,6.620660014269126,918.4680104793592,0.9380981173807532,19.948340628243056,1,12.843372430812805,0,опасно
2025-06-18 10:17:18,HM-A104,35.32678170399471,36.19526200036303,6.462547027789386,0.0132946082515986,3.612533133339377,246.15948924158965,1013.7742839973882,13.318491277255337,6.126210449717357,866.1248981488363,0.9731704483303224,22.896992308917863,0,11.6355472233015,1,безопасно
2025-06-18 10:17:19,HM-B210,36.57645168915305,35.6339535071264,4.844431907352758,0.0195644578348257,4.843476845602877,279.1132280677848,1012.0984888028166,12.633105608453866,6.149576329005731,890.9893681833373,0.9354689364093534,22.94036738515348,1,12.524115478565072,1,потенциально опасно
2025-06-18 10:17:20,HM-A104,37.69745646187668,36.24614048114532,4.210206087163568,0.0303702635805674,4.70401371878943,265.4310200217565,1012.2727707858674,13.84876253986514,6.503517597577507,910.3411936035347,0.9934200207715964,22.899762084732323,0,12.221089089636122,1,безопасно
2025-06-18 10:17:21,HM-B210,38.95361582419482,38.64433246868364,4.169876672132674,0.0568474626954347,3.709290170839504,233.1224677833391,1012.164808869168,15.692785203167784,6.356031894443053,962.3939367496656,0.9173121358636978,23.97982305965174,0,11.696102787885552,1,потенциально опасно
2025-06-18 10:17:22,HM-A104,36.59376251466035,35.86936506558907,4.3611344485166015,0.0288625992857847,4.66515240702511,231.75803566443196,1013.6862199131529,13.469582984452828,7.548600235560301,860.9474072096426,0.919086475911455,18.61166043763644,1,11.876178897505032,1,потенциально опасно
2025-06-18 10:17:23,HM-B210,38.129456882185046,35.80950379888179,5.742305750843265,0.0432037060599917,4.438769999075915,238.4203974505015,1012.0212148467408,14.87351601959744,6.643368093334069,948.932049263896,0.9107831837107684,18.758938917908036,1,12.282221694082589,0,опасно
2025-06-18 10:17:24,HM-A104,39.42988874118093,39.90679157065766,6.786290263616477,0.0227543611210699,4.1137156818764335,266.3927934025073,1013.723314310994,14.077799972185712,7.609391570079665,957.4020461399266,1.004037912339625,22.484319869578904,2,12.038481038945594,0,опасно
2025-06-18 10:17:25,HM-B210,38.07931594091152,37.56730167068568,5.4902302840179535,0.0163516787986615,3.881031723643344,239.1869462921214,1012.9025355907426,12.588819961383091,6.347691995646306,948.0882054888629,0.974110886614981,24.677167672687315,1,12.144727353114767,1,безопасно
2025-06-18 10:17:26,HM-A104,36.16479737376817,34.42293805451136,6.528836447368592,0.0129268300040025,4.789593175253349,255.57433846044168,1012.008050557708,13.651435062460552,6.985758359088168,964.1004457251332,0.9926596824531946,21.26087047243472,2,13.206303864710716,1,опасно
2025-06-18 10:17:27,HM-B210,35.12200390778269,37.07397000032928,5.337659859579423,0.0252706749271375,4.55028238894108,234.6630060090416,1012.803290354424,15.624352528570334,7.376074267106258,876.7252924034258,1.0318951569884038,24.72393891137973,1,11.505139738077004,0,безопасно
2025-06-18 10:17:28,HM-A104,39.35049436950465,33.892304716917884,6.125750637303476,0.0178830513398454,4.3216098642037055,276.04430789150973,1012.37360168209,15.060019486657229,7.30398170773171,938.0655032594556,1.0110492727133038,24.56659681661308,1,12.882855761997272,1,опасно
2025-06-18 10:17:29,HM-B210,35.106347054251934,32.28875462483499,6.195618211859502,0.0187005224008062,4.414352800847697,247.1980306791784,1013.2488009749444,12.598891899417804,7.202258819860537,991.171742080582,0.9692584377250036,24.32036816764024,1,13.034473326943504,0,безопасно
2025-06-18 10:17:30,HM-A104,39.373508363421,35.968518768877594,4.521891117710016,0.0480379654193475,3.636599273123272,275.4066028280315,1013.3587175798432,12.816612048571542,7.84964320386234,941.6176404706806,1.047653398259134,24.368956824048595,1,13.406261138530237,1,опасно
2025-06-18 10:17:31,HM-B210,37.64468567013606,39.28182098113952,5.083648176927436,0.0107919035472437,4.210879641366788,277.2437820955272,1012.97505514081,15.203666796537227,6.457050295413489,941.700452042943,0.968438415171296,24.2882315532959,0,13.541981525928977,1,безопасно
2025-06-18 10:17:32,HM-A104,39.69533849256448,39.29139520015463,5.911906469614072,0.0378905062867717,3.790550439178553,230.30643236568403,1012.0810390508792,16.067077071604345,6.987438408924211,960.4659463169904,0.91686760098503,23.73922568477428,1,11.475996630401344,0,опасно
2025-06-18 10:17:33,HM-B210,38.993916178868325,33.4190527810549,4.212089824553098,0.0289730690296732,3.812575518513238,253.2067593599366,1013.3122576087344,13.747372479790846,7.767985100144817,899.9806348188788,1.0488982120879071,22.86485271023731,0,11.414782283354008,0,безопасно
2025-06-18 10:17:34,HM-A104,39.98967055266669,35.27677466221695,5.08462056328887,0.0353274999954273,4.4919559434303,231.23280278534463,1013.684077567211,14.97655375921725,6.155787531190314,955.071385198231,0.9034231095022272,18.17085725014826,1,12.844313039439829,1,опасно
2025-06-18 10:17:35,HM-B210,36.75355907725855,32.11635898569861,5.6043983988435775,0.0381415118607301,4.866884227751433,275.4346383151453,1013.4406485546529,12.853217943760528,6.111776536506151,987.4350749969824,0.9824825339231628,18.925775145092366,1,13.270749651748892,1,потенциально опасно
2025-06-18 10:17:36,HM-A104,38.83594144465563,39.956311094988834,6.988673479133916,0.0256683847228639,4.10563491571752,255.9203772367288,1013.6599158379106,13.55688168452662,6.466604575116583,851.6343209538014,0.9463643233049563,18.93962438172027,0,11.816979290719049,0,потенциально опасно
2025-06-18 10:17:37,HM-B210,37.00965456804621,39.81117907867936,5.423600687867323,0.0247554430092142,3.8116239095182856,233.74720063492484,1012.4010190471016,12.101351028365263,7.266042439076036,980.5169561663298,0.9755328226525476,18.164781989957127,1,12.57754161671934,0,потенциально опасно
2025-06-18 10:17:38,HM-A104,37.399378101519545,36.49508929707447,6.4481702713429705,0.0466700924667452,4.473120405854981,235.5138364138284,1013.7777758793128,15.841379738997611,6.519759252899614,882.7927496888288,0.9838069428891782,18.81691237896545,2,13.316718291835311,1,опасно
2025-06-18 10:17:39,HM-B210,38.13752731609185,38.04414059677473,5.296201855199853,0.0535638494060578,4.806780569525476,249.17545122463696,1012.644386901296,14.005049098864834,6.380479767617598,918.3884910550564,0.9360143844417732,24.438225034969744,2,13.302509324721363,0,потенциально опасно
2025-06-18 10:17:40,HM-A104,39.36838557093169,37.151001612837,6.389172167859127,0.0196290816229263,4.6224782016837365,277.01170964364445,1012.026809628504,16.08062786826977,6.917604630716584,977.8521701428956,0.9835288133605892,22.646630008375503,1,12.961460498341236,1,опасно
2025-06-18 10:17:41,HM-B210,39.92041734599648,35.93158219039468,5.786244404860325,0.0148809380267574,4.8031358458048805,264.64545757840403,1013.686783292658,15.541864980113631,7.227196137538823,973.5868191184944,1.0134091668008307,20.18451112806796,2,11.236363087800097,1,опасно
2025-06-18 10:17:42,HM-A104,38.841367069322594,30.533479969888976,6.659786324507195,0.0548897903196013,4.304832006516199,273.3809433094566,1013.8836425379294,16.143721328642386,6.49711541403348,983.7891217189084,0.9399764755865998,23.55352008565676,2,11.151931580827172,1,опасно
2025-06-18 10:17:43,HM-B210,37.08883391083667,34.54764342552661,5.232827657050329,0.0274947731823699,4.627814366553786,248.32283231699896,1013.3111163948348,13.428293347914414,6.601382373447484,991.0625188948788,0.957513919997086,21.41858640868396,2,12.165335930148242,1,потенциально опасно
2025-06-18 10:17:44,HM-A104,37.10678501138535,36.74786302167411,5.812913259464437,0.0375658695331407,3.7100968390384046,232.16068497749995,1012.4628732609268,12.925543652139226,7.2271186096230275,917.0735435157636,0.9402364039746088,18.99488925841113,2,11.080062279437657,1,потенциально опасно
2025-06-18 10:17:45,HM-B210,38.687911507944456,36.77531613883684,5.890056041856482,0.0279771572260001,4.022411923044787,278.7158818602207,1012.503488928565,16.859528413258353,7.891476843978905,948.454571620151,1.0230839596482304,24.191514568585447,0,13.712432995564257,1,опасно
2025-06-18 10:17:46,HM-A104,36.19388572884152,33.73122618422384,5.25214882540142,0.0162901168173025,4.084323746722284,230.85864953311847,1012.9331857468712,15.586638935204348,7.349483454876177,908.571766078916,1.0087473388814396,20.37063362365531,0,11.060433994264171,1,безопасно
2025-06-18 10:17:47,HM-B210,35.55237056565697,39.41691986658031,4.432936131062444,0.0394665822473864,4.266943619369052,277.38258265405443,1013.7956621592028,16.17021133963335,7.56580828716912,902.6075076238247,1.0306794655827611,22.892014613709257,0,11.088838586425943,0,потенциально опасно
2025-06-18 10:17:48,HM-A104,36.77311078820388,31.67357032236781,4.280678220737006,0.0362570425884814,4.893614540385236,248.43387119245725,1012.2991953122952,12.065666868549668,6.733620189510938,914.7393115896504,0.925507483935249,20.03415912349725,2,11.495982135114382,0,безопасно
2025-06-18 10:17:49,HM-B210,36.436194958270406,35.003594462155604,4.050014651798899,0.0201496779595598,4.8114448403332615,230.50452025109408,1013.651947339167,13.772308101479434,6.544508718768932,961.4614202174014,0.9110369457239628,21.5004987547166,2,12.88104539475668,1,потенциально опасно
2025-06-18 10:17:50,HM-A104,36.48154060227995,36.90883976550823,6.620602792735644,0.0325934522326138,3.701788238433777,264.4578615862254,1012.5826056174104,15.714083452886658,6.9085354864052455,925.2161120712328,0.9179075255788012,23.713768980712903,0,12.62466242175907,0,потенциально опасно
2025-06-18 10:17:51,HM-B210,36.16803875524955,36.97135805891809,4.709424736716084,0.0498473752007822,3.759184477823695,279.0270152015677,1013.6171723388582,12.389914164949916,7.614265657423347,972.1089511672512,0.9241527499236356,19.09744142497057,2,12.978461409666052,1,опасно
2025-06-18 10:17:52,HM-A104,35.210465948181806,36.48638956768816,4.6345202478453045,0.0395213051553945,4.036460824383367,278.2812861418796,1013.8405423952032,14.83669964784468,6.912599283581112,961.7827715794234,0.9799623991012204,24.84075976667495,0,13.680665423324005,1,потенциально опасно
2025-06-18 10:17:53,HM-B210,35.08936967366707,32.7528821345186,6.208106201278197,0.0148458663533497,3.9361157988360103,238.04685056012093,1012.8549877439888,14.145363837275015,7.693450817579722,853.0717691686599,1.0456368105544147,18.491511460025084,0,12.364836952435097,0,безопасно
2025-06-18 10:17:54,HM-A104,39.93861194868016,31.56206568686622,4.960048339262175,0.0374010748614567,4.422156429734393,239.06239030330772,1012.730101308211,12.088082535705537,7.977543961390254,944.5357235659244,0.9535853124925172,21.738062368183527,0,11.131627927641496,0,безопасно
2025-06-18 10:17:55,HM-B210,37.13886566867932,36.35940326826711,5.51813407723551,0.0451369149644793,4.854164071646817,258.276945730983,1013.6044426379426,13.179877885597255,6.144053331460673,915.4856684962888,1.0437762404040307,24.41217863546364,2,13.290489875634371,1,опасно
2025-06-18 10:17:56,HM-A104,36.92163323579841,35.99302116139438,4.487533195892369,0.0496351702890375,4.94343731250888,261.8652413214162,1013.0589657647588,13.423959945333571,6.090820312167407,918.4943483726712,0.905730119248377,24.61985719417768,0,13.435893388321311,0,безопасно
2025-06-18 10:17:57,HM-B210,38.39823641346535,31.79356010289241,6.879237164385907,0.0414558789317133,4.48040442880284,266.9708956832933,1013.3688980969264,12.559299731731612,6.299179405826724,972.7559580804842,1.039030830422199,19.62476274015843,1,11.149665079659698,1,потенциально опасно
2025-06-18 10:17:58,HM-A104,36.09126943932532,37.051391455705634,6.554744200051712,0.0176329082270391,4.757238802101631,239.05251802360735,1013.2456584739224,15.157684548713302,6.768739351468692,932.1411979127016,0.9271728910957456,19.007894868503666,0,11.72854788091242,0,потенциально опасно
2025-06-18 10:17:59,HM-B210,39.749805919751125,34.55171991733656,6.59136886889501,0.045508663329508,4.287803300346196,277.9503543382217,1012.3057776912896,13.211989381259444,6.262084418290865,982.843273518842,1.0368712478579023,23.07082100222524,0,13.3117903979952,1,опасно
2025-06-18 10:18:00,HM-A104,38.93172507207776,36.67760591603153,5.220321245716016,0.0438670923040758,3.81249042029006,261.9369628144619,1013.6895807205792,13.388097498096942,7.741328955237511,956.9208388587537,0.9084341145173191,18.29381497793366,1,12.128465715638937,1,опасно
2025-06-18 10:18:01,HM-B210,35.4470550115613,38.37367079770151,6.287083641121519,0.0112213441470316,4.287032618140216,272.3523459435277,1012.3915502228264,16.491192991000737,6.046292502054127,932.926001314608,1.042232917124255,21.3966727832122,2,12.417954195393255,1,опасно
2025-06-18 10:18:02,HM-A104,37.08790387892464,31.697284285769232,4.43162846616934,0.0305873833795121,4.3326239021564765,257.0032857642086,1013.8645642881417,14.335615463465697,6.6315854326716455,963.1806964226656,0.9301197396478292,23.574486587552272,0,13.469527227434646,0,потенциально опасно
2025-06-18 10:18:03,HM-B210,39.39559153781082,30.191448679968367,4.025857007775341,0.0266475123481186,4.613686346320335,250.7138423794941,1012.5011425828444,13.96064073484636,6.369389258988411,855.7523576388111,0.945407109010974,21.92178307161784,1,11.283858615227429,1,безопасно
2025-06-18 10:18:04,HM-A104,39.72366011145705,37.79102586395787,4.059918797734085,0.0434706032126821,3.829824484561024,278.8591453297498,1013.4677619465476,15.619355191573586,7.863078660315065,854.0625482242311,0.9736413516154436,19.316092860418035,2,13.031852973395914,1,опасно
2025-06-18 10:18:05,HM-B210,37.33700755624935,36.09697425152616,5.759805212213681,0.020806790615546,4.052465573130098,259.1060685409918,1012.5693107869872,16.54806898441456,7.338962009780056,862.5023990381278,0.9571081321853212,21.409310096289744,1,11.644953160252998,0,потенциально опасно
2025-06-18 10:18:06,HM-A104,38.06705694605354,36.996395696221214,5.366184715743822,0.0395435961487129,4.046041203821849,273.34367913995897,1012.6355708171736,12.12518168118722,7.824060512902749,915.6347987720712,1.0001291953894724,24.44892301514225,0,11.187954293229549,0,безопасно
2025-06-18 10:18:07,HM-B210,35.83516973046038,38.381549749886425,5.554046046725559,0.0556602980907086,4.939159393611748,277.6646198183145,1012.6200037055646,14.241194232776982,7.944657420620786,885.3175218440415,1.0462211650875115,22.320490846309937,1,12.987493536773185,1,опасно
2025-06-18 10:18:08,HM-A104,39.95584313068488,38.028109348245,4.022389421251658,0.0498901186104303,4.165917440490079,263.76773135043294,1013.495784508052,15.053906780389736,6.994196487354738,997.6391941623676,0.9909639736207412,23.05043439298314,2,11.364236758919366,0,опасно
2025-06-18 10:18:09,HM-B210,36.15835850691722,39.60920146928824,5.268059858972277,0.0560728868108265,4.63264095094722,257.44693392593376,1013.1136302359388,13.592815490629947,6.4686382160960525,931.3435208517052,1.0082228114154823,20.353847157637603,0,13.24102177640755,1,потенциально опасно
2025-06-18 10:18:10,HM-A104,39.71365887067563,35.35935078852118,6.154204483602582,0.0589252983466345,4.626217072061658,230.1755425455325,1013.765904911695,15.862038610616208,6.387457572393179,949.3623619121738,0.9132007875458552,19.319386426173324,1,11.608116173765652,1,опасно
2025-06-18 10:18:11,HM-B210,38.248233244961845,34.88495632659905,5.328081105902307,0.0105335063503081,3.898316277204862,232.0009820369503,1012.614745438408,16.85738535135137,6.445837723371681,891.8230204370045,0.9941718643605008,19.789495609297227,2,11.145536061073557,1,безопасно
2025-06-18 10:18:12,HM-A104,38.038683974394296,34.0188719989073,6.196657618936667,0.0411370638188738,4.357804534057598,240.0425608025558,1013.3839850441136,16.717136831251416,7.417186615244006,898.2695362881414,0.968077466556962,21.732243156322063,2,11.297892394977456,0,потенциально опасно
2025-06-18 10:18:13,HM-B210,37.56344255508255,31.536910428442045,4.699056893190504,0.0306419698879453,4.841454339977972,239.30042159279972,1013.5058971993262,13.32991269689971,6.080891456246001,900.3192871211734,1.0328673536879442,19.961541075274926,0,13.523810746237722,0,безопасно
2025-06-18 10:18:14,HM-A104,36.1533490585888,35.72607232882022,6.439426013445177,0.052992724516756,4.212796579185424,242.73793975999223,1012.30296422606,13.131691392187433,6.10272214606543,954.8103557725452,0.9582316649464652,21.793753511982707,0,12.112904649020823,0,безопасно
2025-06-18 10:18:15,HM-B210,35.88264016002754,32.770125243259784,5.765293721360357,0.0225907351004565,4.917676261013819,245.24673188488305,1012.8011787146396,16.787452655106105,7.2162858847663,921.0559311533964,1.001918121607488,22.95454349163324,0,11.906799924102254,1,безопасно
2025-06-18 10:18:16,HM-A104,36.10243104535088,39.21307512212975,4.632289298289718,0.0590514744557538,3.8216873439862415,248.0032746775364,1012.9656349887008,14.293142437157329,7.284114293474813,927.6525478795112,0.9342230592388618,23.14077113319211,0,12.47359645913758,1,безопасно
2025-06-18 10:18:17,HM-B210,35.93219131072127,35.831908042770976,4.7101614275614985,0.0406853984771873,3.611238658661046,251.02688450344385,1012.7113747797888,13.04148861542346,7.33052584864492,938.8004473239018,0.9389058800286294,19.15279457762765,1,12.898797706550251,1,безопасно
2025-06-18 10:18:18,HM-A104,38.897922367833765,35.9284018050811,5.884091393708611,0.0496768701114415,4.837180809717124,234.94331692280076,1012.6442251919384,15.534984818152092,6.743761009177183,965.3217484357326,0.9564183646383412,23.25301594183704,2,11.11130673593929,0,потенциально опасно
2025-06-18 10:18:19,HM-B210,36.75062629583365,33.5492466087701,6.48981877963733,0.0142799776411384,4.7715217969433255,232.1180965976391,1013.3728397879952,13.422101619518958,7.611889777428306,863.5554622768717,0.9456095306259754,22.708816977146512,0,13.694565540351594,0,безопасно
2025-06-18 10:18:20,HM-A104,35.28921338281698,30.519893519777074,5.246883346087466,0.0191728942379432,4.988884813900767,263.6972224536512,1012.431732795319,13.33623487535526,7.067249175453235,966.5310868328232,0.9380818259085112,18.084035933580942,0,13.87544409446119,1,потенциально опасно
2025-06-18 10:18:21,HM-B210,39.84551315070406,30.31743765372989,4.774901287382777,0.0479201836517101,4.519090232168639,256.86674124215386,1013.4187814905024,16.396245215388923,6.210931260018839,934.485260331277,0.9074503058851214,18.412105225628256,0,12.251920448464608,0,потенциально опасно
2025-06-18 10:18:22,HM-A104,39.41892942481713,34.23335144153197,6.601034820731801,0.0110993261019661,4.905031890000725,252.207210111006,1013.8700883927814,12.812395766884515,7.59419861413469,950.3643167282886,1.0255119497628689,22.52374651302266,1,12.23788670754637,0,опасно
2025-06-18 10:18:23,HM-B210,39.63876141597606,30.845653780972377,6.007804875252505,0.0508438992946891,4.740423537626167,261.7219970584176,1013.1303950423556,12.321964732331182,7.906135572540917,899.1327647261143,0.9096452296336928,20.68592729694597,2,13.635679763793414,0,опасно
2025-06-18 10:18:24,HM-A104,39.974539113232176,36.06846955540139,5.34425646184923,0.0106974509345955,4.76663949968013,271.38397036017705,1013.2228684734788,13.345932200858435,6.120072626004717,911.4080255224674,1.0331048273404453,19.022727997029666,2,12.287935394412344,0,потенциально опасно
2025-06-18 10:18:25,HM-B210,35.869476246097435,38.809730056396575,5.4637005858379055,0.0428559419530636,4.353712355681402,251.38464545581024,1012.137865404248,15.03472706419102,6.78270267740116,884.674872948088,0.918819808360209,18.31077591418743,0,13.56856980443439,1,опасно
2025-06-18 10:18:26,HM-A104,36.981210094513294,38.82914816518722,4.612769403809189,0.0282546960115902,4.073546896875066,262.05597325259896,1013.7289538072356,12.615439267016352,6.975032089669496,996.8949996126108,0.9097892605593988,19.115788384707017,2,11.085010833468164,1,опасно
2025-06-18 10:18:27,HM-B210,38.791192378520456,36.59045410132232,5.880407890194531,0.0405747426359599,4.901837108814923,277.6786111917579,1012.5708955743996,14.35797336138397,6.292941520156634,924.5504458765477,0.9844507145971046,24.702597750251314,1,12.468951826303895,1,потенциально опасно
2025-06-18 10:18:28,HM-A104,38.48010309026896,32.11231831472931,5.076227531628666,0.0448015703494556,4.148175763423842,271.981224793078,1013.2301023310572,15.1366855521266,7.735417895565754,999.4115373694896,0.9753662688862084,23.092959490996787,2,13.857287134317083,0,опасно
2025-06-18 10:18:29,HM-B210,35.769479531699275,38.62996831358872,6.986935530023048,0.0271237609593152,4.308229050874504,251.3000405251205,1013.9582243394896,16.24368496296587,6.568299289780088,923.46789670919,0.9736851853247828,21.693937946540057,0,11.758413976192015,0,потенциально опасно
2025-06-18 10:18:30,HM-A104,39.07916562495309,38.86093435313208,5.440550545785664,0.0153981224055417,4.169171460687782,262.2358418907372,1013.1910052011456,13.149347956011272,7.56601707987632,882.9626896576101,0.9861756491252096,24.590783500382145,2,11.798464461357296,0,безопасно
2025-06-18 10:18:31,HM-B210,36.1222028591833,31.96653584952959,5.457656818568839,0.0134822933874132,4.347227470940296,238.853546095797,1013.4494189749288,16.086731616913948,7.341988964056632,926.1178595105284,0.9430584909178734,22.333773063771226,1,12.89036896613788,1,безопасно
2025-06-18 10:18:32,HM-A104,36.11908807411312,37.37426085770677,5.697555362232015,0.0394468011281273,4.205757618488491,258.0261092447545,1012.8906392364476,13.174531305656192,7.196091644934047,855.9393357698617,0.9994423910144415,23.07951631796467,1,13.778572649962902,0,безопасно
2025-06-18 10:18:33,HM-B210,37.68487211446707,32.86519548927123,6.75026800935624,0.0360327676867055,3.571951337869214,279.0664145569221,1012.12073168703,15.383832706198202,6.384285697393109,985.7154702132927,0.9753603329560776,19.978562729541103,2,11.596226723868927,1,опасно
2025-06-18 10:18:34,HM-A104,37.96469967420852,38.0264031235293,6.402454299579251,0.0471100504560566,4.823072279011548,255.9157557601261,1013.5951986989796,14.153367857412276,6.441407041101812,972.782537679166,0.9502115200435988,22.12287290512437,2,13.764953077552342,1,опасно
2025-06-18 10:18:35,HM-B210,37.90043103918906,39.972378999036025,5.353390209393524,0.0354867755001968,4.166590728373655,276.38191495950736,1012.069997682528,12.573406211893351,6.094696809493138,958.8730781041428,1.0239751000471091,19.00434071008488,0,12.98901123234464,1,опасно
2025-06-18 10:18:36,HM-A104,35.45743418698878,30.30026005329393,6.156097797918388,0.0311222895015439,4.383415472761023,250.36674602516305,1013.4013156577756,15.571317314109244,6.481424859564533,941.474007316369,1.0091581644490066,20.831382016384428,0,13.979141942783162,0,потенциально опасно
2025-06-18 10:18:37,HM-B210,39.3873043131519,38.97365865790932,5.758706496342285,0.0299043589118115,3.708781704136981,279.9422413592316,1012.0458431462991,13.088813092745088,6.690887218921028,936.9751350505544,0.9590415512916932,18.23268227490627,0,13.209376539357892,1,опасно
2025-06-18 10:18:38,HM-A104,36.32800021294353,36.22630533598658,5.477101146103747,0.0113223451298833,3.505081771973958,258.9610017613779,1013.7246104731532,12.883117130122958,7.666290607724851,999.5092321119196,1.027142667784331,19.516396613078765,2,13.003401622151916,1,опасно
2025-06-18 10:18:39,HM-B210,35.64757460641402,39.73382619164821,4.576947318353051,0.0267778600848328,3.867935140465464,232.11344971179676,1012.315272071666,13.791614642946916,6.732785333429611,891.6996151029907,1.038038737516766,18.524080405958724,1,13.444709515879898,0,потенциально опасно
2025-06-18 10:18:40,HM-A104,39.44374039934489,34.65009517526428,5.3918087903646725,0.0588010078762247,4.556879048200026,259.3377398345694,1013.0285429908852,15.266451223797418,7.509243565531213,966.9526548048368,0.9805299400626544,20.714451736550615,1,11.525420957870878,1,потенциально опасно
2025-06-18 10:18:41,HM-B210,39.77825749114877,38.47387930571374,4.737455761067724,0.0536777788113544,3.648791795169318,243.72863478397983,1013.1943014089665,13.16998239395314,6.878884562590975,937.2107155320488,0.932242867523538,23.901246152469437,2,13.837956839100048,0,потенциально опасно
2025-06-18 10:18:42,HM-A104,39.31063808632725,30.62394068598277,6.744526449554964,0.0264689033517108,4.863331160579702,231.62406610179477,1012.9150908147468,12.918307693909428,7.569736623987777,996.3820815638328,1.0373688234820482,20.64553874441537,1,11.496786526328188,1,потенциально опасно
2025-06-18 10:18:43,HM-B210,39.04758037362439,33.35279050078296,5.006220440489041,0.0393897702533186,3.822533854034277,271.04266523473314,1012.6815269786978,12.04976812856682,7.952543200874079,974.1704774947378,0.9284219430143276,23.821477381962502,1,11.077011109689362,0,потенциально опасно
2025-06-18 10:18:44,HM-A104,38.27620990319511,30.6701653775121,6.856792043600117,0.0523648372767747,3.806890421437664,243.78648184903776,1012.935628592362,14.358215485508618,6.47968311611516,999.7787669484388,0.9072634839625904,22.59548818805221,2,13.093570523593224,1,потенциально опасно
2025-06-18 10:18:45,HM-B210,37.7542868530457,39.753431334790704,5.599165870284134,0.0320637168375034,3.772261942432243,269.82742770232494,1012.6228315077624,14.143227846575916,7.724683223927752,938.248749169367,0.9491230513309696,21.566706126415795,1,11.5537862783865,1,потенциально опасно
2025-06-18 10:18:46,HM-A104,35.43493379955705,38.16973907271837,5.894633136028481,0.0108978931875075,3.5209725694570477,244.4108791477933,1012.8762446941618,13.169338718186882,7.243648172611549,880.6815936317403,1.009044951669156,19.658241852829317,2,13.276259538895657,1,безопасно
2025-06-18 10:18:47,HM-B210,37.042266065353495,38.525474212459706,5.628821333467983,0.013725523090932,4.657708202717352,239.71631769368872,1012.717825981996,12.268260820048454,7.634588523177309,925.55305535421,1.0384911129530323,24.455092649909066,0,13.385116933947131,0,потенциально опасно
2025-06-18 10:18:48,HM-A104,36.86344258506157,39.37965231433894,4.3881418509001024,0.0355196360674353,4.812551796867888,278.6967787052214,1013.1324096470142,14.146279372979183,7.30317180453561,956.6666701075862,0.995592847022166,18.379405661894232,1,11.71009772196618,0,опасно
2025-06-18 10:18:49,HM-B210,36.29876891880163,30.851034861197853,5.127463657023823,0.0584719687837939,4.4212440539242985,248.08226638775096,1012.47584832449,15.941025555358156,6.8478990145483,966.1540579272382,1.042775782044999,22.822391123891705,2,11.260160991725634,0,потенциально опасно
2025-06-18 10:18:50,HM-A104,38.61710056844292,33.855975925133336,4.297438336832872,0.0446604771109433,3.7822999725197937,260.06881057215804,1013.977313109828,15.576410656635884,6.456149878883581,850.0764983523916,0.9138556258913844,22.348679249665583,1,12.5024628988364,1,потенциально опасно
2025-06-18 10:18:51,HM-B210,37.47937867539385,30.71034889044002,5.868862132550145,0.0135458095719284,3.92791699541132,260.4990746407236,1013.0017399067644,16.303974449300853,6.14007045066233,925.7540632753442,0.9091130594382032,21.087290655795687,1,13.670655531704874,0,потенциально опасно
2025-06-18 10:18:52,HM-A104,35.40523107953824,32.107931015500284,5.3406225856013165,0.0194680437895931,4.213890046047445,258.0236741086751,1012.388324154829,12.04791343856578,7.071036728921434,885.285186995597,0.9906287926115496,19.68224668704824,0,13.541873303088138,0,безопасно
2025-06-18 10:18:53,HM-B210,36.10091600974906,32.293657770376726,6.333954914712811,0.0485661571608425,4.931518927434951,275.7347871760608,1012.9541334991344,16.83209658402299,7.980652189053731,981.2367749882184,1.0449174483739132,21.01487155791687,2,11.351247369500806,0,опасно
2025-06-18 10:18:54,HM-A104,38.41629381829798,34.69107211047579,4.6614114429981095,0.0520719879978122,3.8710270577266144,263.7220535683434,1013.7328302590496,13.70706126313724,7.476083610028413,872.9358166075343,0.9754081963432086,24.109409078873945,0,13.894349793555586,0,безопасно
2025-06-18 10:18:55,HM-B210,35.3806542974515,32.68562167453643,4.493698175288005,0.0408847293094295,4.597468855879832,250.1866502052465,1012.0436135862489,16.951988980459824,6.654691082798033,949.968437436225,0.9077272838908956,23.85736277178468,1,11.791847586162104,1,потенциально опасно
2025-06-18 10:18:56,HM-A104,39.25603457024384,31.00978106817761,5.218996692891303,0.0422211584814908,4.159172334939381,273.1190192262137,1013.3591082382146,13.263097303008871,7.65440960017347,889.9093285487387,0.9331827984116184,24.589668749839205,1,12.04817353106912,1,потенциально опасно
2025-06-18 10:18:57,HM-B210,37.47573263506988,31.67491089094108,6.779756149655143,0.0114168725191692,3.946771022540033,239.05314495579825,1013.095935593588,14.357681937891224,7.537968000352813,903.4813214821409,0.9367189359623656,20.154552446376737,1,11.447150729216396,1,безопасно
2025-06-18 10:18:58,HM-A104,37.40293288663324,31.472755635520908,6.131265445037236,0.0514265129790754,4.18387390553317,257.2118378805209,1012.3391159887402,13.76963838287652,6.563271586706914,991.0838891135268,0.9506785693705424,20.70972910858211,2,12.133408896627936,1,потенциально опасно
2025-06-18 10:18:59,HM-B210,37.96203892329759,39.73076797912299,5.256770874378756,0.0494137604085414,3.6068100763118487,277.5275185971878,1013.63495287861,13.778803574971512,6.028614979588469,886.0672188112119,0.906540507537932,18.131083068619045,0,12.90692331895904,1,опасно
2025-06-18 10:19:00,HM-A104,39.12340482962575,37.59292506918474,5.551816509262932,0.0229517572051673,4.698031056395544,261.26988149402064,1012.737769244748,16.211410493741077,6.236325277067899,864.2504142734396,1.0357339050746874,24.600649963040052,2,12.518234780353506,1,потенциально опасно
2025-06-18 10:19:01,HM-B210,36.73904603951097,39.67761465269562,4.252639033531295,0.0454338359982753,3.8649528919744505,270.8484225237438,1012.587604057631,15.732094698686694,7.754612380624115,860.3927352166339,0.9773345917082245,20.30573064272088,1,13.482618455188357,0,потенциально опасно
2025-06-18 10:19:02,HM-A104,38.39008076279532,34.39740486507908,6.953727689128339,0.0207427303212499,4.588118184789455,262.67803627725965,1013.6562503837138,16.96075717615024,7.673126070609744,925.6922665149192,1.0006396189431164,20.829146750730956,0,12.923902433770465,1,опасно
2025-06-18 10:19:03,HM-B210,37.82865981997895,32.78368481662657,5.999221914084757,0.0120165080525756,3.602522557172292,271.9685431768945,1013.2770500923832,15.067573413587564,6.590418001756725,946.2567223426432,0.9100759255342512,24.35463228013176,1,11.790633414347912,0,безопасно
2025-06-18 10:19:04,HM-A104,36.33514135084711,37.98293197209187,4.856212205390268,0.0200568271295188,4.932647834248529,277.2243939922622,1013.7965181673496,14.316283021972511,6.570390852568841,899.0940465356331,0.9081173201705476,21.68618901116769,0,12.6723140948505,1,потенциально опасно
2025-06-18 10:19:05,HM-B210,39.39314993177579,33.262539180411466,5.757425182645733,0.0189314438377149,3.789522478108548,243.64608637663684,1013.2597674073425,12.450369314734456,7.585729974204942,953.538961268962,0.987970165806082,21.963221792288344,2,11.19257337766463,0,безопасно
2025-06-18 10:19:06,HM-A104,38.98713010803464,32.993833737053485,4.328447098206982,0.0268873998367423,4.82411311431062,238.48305406283595,1013.4816353158642,16.982807097569285,7.875474939790844,859.1550577859857,1.0330944015756311,19.23362986705642,2,12.742371682233385,1,опасно
2025-06-18 10:19:07,HM-B210,38.29225917329213,32.32505992207831,6.897510006422751,0.0309224748587729,4.714209814423152,254.199537516627,1013.6728917925192,14.757653264661414,7.5582745135952,978.6001967384316,0.979272300143932,21.49062014573058,2,12.168991488621405,1,опасно
2025-06-18 10:19:08,HM-A104,39.25290864547121,31.296789782242357,4.524354963650098,0.0354269445748853,4.951789886122124,265.0931213412108,1012.10947927182,15.502387348450709,7.211157354061523,972.4850814608856,1.0316728758855107,24.42746020636142,2,11.295195476167482,1,опасно
2025-06-18 10:19:09,HM-B210,39.33647100479901,32.56463061016766,5.944090954165643,0.0338376937754164,4.216835991418624,241.3595626591108,1013.5520979177388,14.033711935956555,6.485342700663609,997.8244407088127,1.021648690958286,21.91102661675548,2,11.922391858972343,1,потенциально опасно
2025-06-18 10:19:10,HM-A104,38.54181488357517,33.553197484738874,4.736363387616791,0.0235337302982644,4.591095940768927,230.2050725215084,1013.2274129636992,14.73857854089618,7.051495828190522,990.4757471352768,0.911378067869238,19.785814552478307,0,13.694260977802957,0,потенциально опасно
2025-06-18 10:19:11,HM-B210,39.18506664181836,36.7399420814573,6.152684147945607,0.0114585334287037,4.0560659855566765,247.1467557918353,1012.1390155930304,16.712888659464436,6.467023717186529,903.4295745878392,0.9302936211578536,18.21826604894334,0,12.758113842290568,0,опасно
2025-06-18 10:19:12,HM-A104,38.48735730834642,30.62564842219452,6.330464101720843,0.0402550811118575,3.7765523570295407,278.4429667733894,1013.0171558437374,12.832097189658011,7.616022840193548,909.8913076023366,0.9986566003733014,20.35411241417848,1,13.709794546829151,1,потенциально опасно
2025-06-18 10:19:13,HM-B210,38.4007038588015,32.10506939665343,6.0202591867342985,0.0297872414923677,4.164613899400173,264.7483730302923,1012.164916155968,13.461862921651273,6.773922159035474,961.8947271217388,0.9665252073825062,22.008136398451207,0,12.232411960923702,1,потенциально опасно
2025-06-18 10:19:14,HM-A104,38.09305689107592,38.090236402916766,5.843498380765578,0.0249336078693774,3.7486235230826814,250.0662721970612,1013.4718944034464,12.76029863889016,7.667394433988052,870.1124157932475,0.943604972047038,18.29829301859581,1,13.936725798170263,0,потенциально опасно
2025-06-18 10:19:15,HM-B210,38.76358319778821,31.46921923583771,6.677407281856035,0.0533470521415256,4.973066934179576,239.628804867342,1013.0930034277958,15.961079519023873,6.763218435965451,897.1022065367252,0.9627950784071968,22.26854804103809,2,12.08005716049457,1,потенциально опасно
2025-06-18 10:19:16,HM-A104,35.79302552646537,33.42645146522521,4.235880132969275,0.0473371653899079,3.6443697367110746,247.80448368773736,1013.9071470748246,12.310226302109148,7.648298810399782,867.7811405463473,0.9667799469405952,21.66389678982679,0,13.270413845436527,1,безопасно
2025-06-18 10:19:17,HM-B210,39.404353795994645,38.6465892185814,4.992744297340586,0.0528882774186221,4.383817585178931,238.4919716650624,1012.3662707431436,12.408158249256692,6.666635630330484,918.2329673609248,1.0365828376232396,23.484048284166,0,11.91620925044017,0,потенциально опасно
2025-06-18 10:19:18,HM-A104,39.35921763872616,31.549253111434428,4.744862438892538,0.034749139735623,4.439695782881084,235.3152910656476,1013.2120669050408,13.492470563936845,6.88026540923534,932.8006419827976,0.915518742555743,18.20221720590373,2,11.317971645349877,0,потенциально опасно
2025-06-18 10:19:19,HM-B210,35.146236415172794,30.8273683561819,6.964041886196265,0.0165465626063388,4.307119314311081,275.3371186286277,1012.423164269141,14.570940904605056,7.230976838685315,881.6740704944128,0.9419596120211424,23.465931413731163,2,13.499169790206862,0,потенциально опасно
2025-06-18 10:19:20,HM-A104,39.12908375282382,34.84537995080011,5.16816933900062,0.0448110718060636,4.493278828567751,279.88251691877366,1013.2281299694548,14.031374002797932,6.140575228059838,853.9947530371157,0.9806347224874072,21.646139320306748,2,13.28774458061048,0,потенциально опасно
2025-06-18 10:19:21,HM-B210,35.644349337367224,33.024195112785364,6.197838097721196,0.0203036889968587,3.6742711625178366,238.20572197978956,1013.4452994047216,12.224081553354036,7.896414123630929,957.9033747625784,1.0047430389945888,20.59370532945798,1,13.46188710145491,1,безопасно
2025-06-18 10:19:22,HM-A104,36.67559427129571,35.63408364483854,6.054175491643013,0.0320614834545858,4.332527786307937,232.726127943914,1013.444608658659,16.787457789354757,7.147211572247606,853.0007746639253,0.9945955933438866,24.757680834511767,1,11.899083595056837,1,безопасно
2025-06-18 10:19:23,HM-B210,38.71754128145804,38.03804890483475,4.636243712432133,0.0132500394474444,3.9308188566910425,246.4865553573106,1013.6301479813652,16.76434760179042,7.015640029381604,996.0103913392534,1.0412464106606092,19.12083683065237,0,13.110984876802911,1,опасно
2025-06-18 10:19:24,HM-A104,35.803799480241544,31.371484881527437,4.716993040634654,0.0512654201211491,4.910264094951585,253.08295903807075,1013.7071004559166,13.3967816162038,7.678787942239824,883.2410885113593,1.019341338722921,21.789275833637745,2,11.659768543245695,1,потенциально опасно
2025-06-18 10:19:25,HM-B210,39.08983512059531,35.80699084554285,4.843853690659103,0.016297032052375,4.643107480159589,240.24106235379276,1012.1545434525344,15.657628076342908,7.731525459793655,949.5850138174436,0.9835615262961646,20.246870315147348,0,11.033934608784454,0,потенциально опасно
2025-06-18 10:19:26,HM-A104,39.16067088978871,35.05508760389864,5.233381834778138,0.0551548753524654,4.958771723239615,245.0712455899279,1012.6865343141448,14.892877056916118,7.044520809058032,915.2127589359984,0.932202403751026,21.69240465156735,2,13.599466326907004,1,опасно
2025-06-18 10:19:27,HM-B210,37.53733866880418,31.440787860131994,4.702975196951581,0.0532115301130778,3.5563341046102845,240.0435367845829,1013.3742450407196,13.18738347502812,7.854524651587274,858.951079050566,0.967631134710336,21.865928168062887,2,12.57057646116798,1,безопасно
2025-06-18 10:19:28,HM-A104,35.031929358584165,36.23998485528983,4.058954448240543,0.0332291382219623,3.927699762771063,268.71302842162254,1012.9971725747824,13.310857758708078,6.129475532152961,920.82754099517,1.0040073366291715,18.62613773897392,2,13.950960012446265,0,безопасно
2025-06-18 10:19:29,HM-B210,36.435190665874565,32.736404178607714,6.638179170421586,0.0472184102151995,3.7931338799575234,265.62889716236305,1012.3813518935096,14.455765871552252,6.226451584502435,927.51409514452,1.0256943262254128,22.627946028428447,2,12.15510708471124,1,потенциально опасно
2025-06-18 10:19:30,HM-A104,38.08463459187871,34.87834318544012,6.8968294941426525,0.0409722536909076,3.516731880967746,261.74757578804906,1013.1054191403334,14.0961847074868,7.19357646002888,978.2024812139302,1.043960433663358,22.44137047143308,2,13.87061902096841,0,опасно
2025-06-18 10:19:31,HM-B210,39.90593089013712,30.822723242770618,5.024711161094704,0.0501537821168872,3.863488595369482,249.36089285396025,1012.8148713055324,13.45614664115632,6.708131723587167,959.8523604471848,0.9908179149206876,23.38627092244125,1,12.84517179041768,0,безопасно
2025-06-18 10:19:32,HM-A104,38.15906763508334,34.59584057213623,5.015520638276419,0.0315902550392956,4.518163975280643,275.4520470657118,1012.7800765553086,16.037557981525744,6.9284503323783975,861.8953712130079,0.9790379050956648,18.6346094556142,0,12.53661521551059,0,потенциально опасно
2025-06-18 10:19:33,HM-B210,36.2990179053208,33.064634680428206,4.021275438323113,0.0492904242122175,3.8466333832018527,278.476627076751,1013.6195074348714,14.407314588186924,6.6561584357943335,881.3744025148397,0.9026537884681722,20.080809828325812,2,11.908428809539242,0,потенциально опасно
2025-06-18 10:19:34,HM-A104,38.17002851549806,38.22381211185355,6.040752064991122,0.0331228408532573,4.263505168223928,238.6819656312706,1012.8151966676644,15.27424031194564,6.809450622889871,896.7831526322421,0.910814860372527,22.550774198096708,1,13.475829023818225,0,потенциально опасно
2025-06-18 10:19:35,HM-B210,37.69992689857928,30.569787269973684,6.476319687245886,0.0570482893921396,4.831727172447498,241.1506320705939,1012.0529090109608,12.946367500839376,7.645292694292599,867.4611529697229,0.92341574964561,18.95711578140926,1,13.48638423911337,1,опасно
2025-06-18 10:19:36,HM-A104,38.89922697575572,34.186072749183296,4.4398249010800095,0.0343186050412573,4.540636880523612,256.2815514000185,1012.1161266777822,14.667538312582431,7.186952399708609,918.5348606371736,0.9082139896784442,22.743187475519097,2,12.250788596610532,1,опасно
2025-06-18 10:19:37,HM-B210,35.53490319413479,34.58431424131438,4.4789990481014526,0.0331309635966864,4.091943604859048,234.56252846411223,1013.7124880833832,13.589880247233108,7.994689098566996,997.6463786293804,0.960129485820739,18.41318697574296,2,13.181879425831935,1,потенциально опасно
2025-06-18 10:19:38,HM-A104,38.80513951251014,37.25006076299119,6.370249749914313,0.0492535930781756,4.058703408368163,251.82241994115563,1013.921201620025,14.632068051974391,7.573758395641926,927.1919186856642,0.9505317817708308,20.3445208707174,1,12.341713807334816,0,опасно
2025-06-18 10:19:39,HM-B210,37.70633289338055,35.74287575090211,5.848872245062434,0.0510788845880419,4.183603721012727,259.0895632388855,1013.3768186729114,15.90412916705464,6.547332508203653,961.2823252484754,0.9956031236802588,23.926977856327632,2,13.21897788340003,0,опасно
2025-06-18 10:19:40,HM-A104,39.81496001929497,36.67212337194181,4.134581672883151,0.0377244557160585,3.76556216158986,256.10367855686667,1012.7287365882,15.844566050456308,6.528690235453393,952.440669654902,0.9803497661900104,23.42003903266812,1,13.982570470155874,1,потенциально опасно
2025-06-18 10:19:41,HM-B210,36.70936083019343,37.77049285651756,5.8676409713868445,0.0189898906747537,4.451001151123982,246.5454291539013,1013.8772006315894,13.77110339017138,6.671796540234015,977.4867152638208,0.989395613908179,22.51332500658961,2,11.787488941292334,0,потенциально опасно
2025-06-18 10:19:42,HM-A104,38.16310946566974,38.62202973658189,4.926753168531298,0.0333879115478789,4.046229228656908,257.1222903038603,1013.3256061727516,15.471385585398195,7.686518961295485,882.3585235698414,0.9707965804406482,24.09320891637571,1,12.902157371539191,0,потенциально опасно
2025-06-18 10:19:43,HM-B210,39.66014052755008,33.138754967224706,5.106175466412537,0.0584036251454839,4.778548023893066,277.9400477129424,1013.6886670983988,16.706449751971384,6.054575301301131,963.0739392539542,0.9416605722831386,22.964886809205403,2,12.13963389531969,0,опасно
2025-06-18 10:19:44,HM-A104,35.512548639953394,35.38022705363903,6.309194254890641,0.0476493096519592,4.634828990086724,240.3008702145688,1013.531704608074,15.128346649624532,6.460362557742515,982.2032860458625,1.0429237972419716,21.63562573647562,1,12.64511469094551,1,опасно
2025-06-18 10:19:45,HM-B210,39.68614243618226,38.401080784392,6.432805578017832,0.0505581301939566,4.41576974613824,262.7415679197002,1012.7582786315452,12.742050616913186,7.809836840688534,875.7264734470364,0.9129613739640208,24.858022502700507,0,13.622441840889987,0,опасно
2025-06-18 10:19:46,HM-A104,38.43942861150407,39.89451130965057,5.201069880519492,0.011641274940962,4.046303333974274,232.16983470780255,1012.9574044017016,15.398543146395475,7.279792872166504,902.0203329682006,1.040833649919796,22.86399255852524,2,12.042727608333964,0,потенциально опасно
2025-06-18 10:19:47,HM-B210,35.33918529552586,38.89519311043763,6.841458808019064,0.0333929731317079,3.8148977475102255,233.32082022407172,1012.3722643087362,12.524521931746555,6.453694191002112,995.5152646497344,0.9466857070297102,22.209570237691025,2,11.21716490642371,0,безопасно
2025-06-18 10:19:48,HM-A104,36.50481783473408,33.71467262624377,5.219388153856217,0.0423310566828777,4.664227796158434,257.59141121117926,1012.5840282008814,16.360552043965136,6.438289936465161,967.1181768969687,0.9768992168050946,20.86209392667495,1,13.396811555728878,1,потенциально опасно
2025-06-18 10:19:49,HM-B210,38.54086044322641,31.951665172186505,6.31550810569033,0.0515016341814037,4.22961364848663,235.24695901639748,1013.5562513225732,14.5833024790097,7.725236203518861,892.3886248806299,0.916326348424132,24.316887490053357,2,12.665074565609704,0,потенциально опасно
2025-06-18 10:19:50,HM-A104,35.33675300734386,34.89392537406589,5.451631793692777,0.0124636826791385,3.837125057266036,231.11733942134288,1013.7879567837662,13.9257036815579,7.787515016554093,934.5912654466732,0.9106396602556516,20.06996366923495,0,12.3482028414262,1,безопасно
2025-06-18 10:19:51,HM-B210,37.910852300881366,37.416414518360426,6.692596979566252,0.0526219442820936,3.792761922560009,238.5756498824011,1013.4489208465028,12.285032973248462,6.51226218192423,910.6489184274218,0.9644318173077904,18.06453715947632,0,11.549999140687785,0,безопасно
2025-06-18 10:19:52,HM-A104,36.729415284764784,34.92569070753298,6.723283730950536,0.0374200468370955,3.748101356752039,258.2424585499787,1012.9303473933132,13.903918672960549,6.841020716153064,923.4947764490696,1.011254606456952,19.37718365702652,1,11.278558195113751,0,безопасно
2025-06-18 10:19:53,HM-B210,38.10457758883739,34.83180863313669,4.262250423613252,0.0198656985288029,4.665741794308392,265.16704772594665,1012.1730185378794,16.516033339578946,7.669191477256634,903.2749287086062,0.9404047166322824,18.766622443596518,1,11.83620667887366,1,опасно
2025-06-18 10:19:54,HM-A104,35.228710169062566,38.382304210818006,6.809479993930677,0.025862760822485,3.843480777950468,240.123928207069,1012.1138958973968,12.104914981431516,7.542014877219771,891.899652779551,0.984352183340298,20.232956419211504,2,13.156712790042656,1,потенциально опасно
2025-06-18 10:19:55,HM-B210,39.35768403076188,33.614037790671865,6.476604524561247,0.024096477587578,4.2899633952877965,263.4129718604088,1012.7486511292255,14.373240788909024,7.627832213132169,951.2144562087128,0.9417975510784228,23.781150742209185,1,12.235312785920492,1,потенциально опасно
2025-06-18 10:19:56,HM-A104,39.867444845886986,38.597946748116456,6.373932142938001,0.0365429517144237,4.1773195414595845,239.12381655496148,1012.9276434375354,16.65579045555311,7.036796381575938,966.7812722629176,0.9582919591339562,22.56070779755505,0,12.710682762156864,0,потенциально опасно
2025-06-18 10:19:57,HM-B210,39.84438927642846,34.068048009517234,4.602734019056568,0.0125842839955565,4.369416348842426,260.6728713315629,1013.2182412444266,13.974204998825105,7.823098096610346,981.0935684121016,1.0359669477710738,19.182864124635987,0,11.246136660988942,1,потенциально опасно
2025-06-18 10:19:58,HM-A104,38.74825915871463,33.28233105678339,6.415357626263995,0.0179268079249961,4.815732350556791,250.59798399479,1012.012979042774,14.140878437310752,6.65190308790887,873.2994950977283,1.028375943824238,23.52175204764637,2,11.36972913058826,1,потенциально опасно
2025-06-18 10:19:59,HM-B210,35.65043120065316,34.53989911199699,6.55039820405511,0.0506346521687891,4.801621085122596,262.68997546668083,1013.9794457809326,14.8928002759956,6.313344268695036,973.428328546786,0.9774026315126444,21.529539062695815,0,11.033917492680768,1,потенциально опасно
2025-06-18 10:20:00,HM-A104,38.79131597964511,37.62446958674869,4.8674510033624525,0.0166301995373405,4.176614107737289,279.7526376239624,1012.727877766808,14.314686667885915,7.41746466512973,888.2201236715596,0.935715844120812,21.58900236882808,1,13.019853351647196,0,потенциально опасно
2025-06-18 10:20:01,HM-B210,35.12293458229401,31.260020278639946,6.856780235086971,0.0216698134729063,3.523049376102085,276.8908482616281,1013.6961893276024,12.843008456187762,7.078708832013793,914.1004584865076,0.9289775869099536,20.534785266866116,2,11.79336356746526,1,потенциально опасно
2025-06-18 10:20:02,HM-A104,35.11061775764499,31.964192158720174,4.149580439197493,0.0326685302802078,4.139665708571455,230.2140878918052,1013.0699334113308,12.092777695349302,7.709171537618962,985.216552877387,1.043113102955357,24.052314553754165,2,13.900779757499484,0,безопасно
2025-06-18 10:20:03,HM-B210,36.6180510957477,39.51444825663092,4.449727759741419,0.0358560444056665,4.40929030613621,274.2719382181153,1012.2608789090668,15.049058289893509,6.16231849824943,918.1755401473904,0.9304074894766032,20.22829112699055,2,11.925367430981586,0,опасно
2025-06-18 10:20:04,HM-A104,37.44321595202333,31.75491627381357,5.612743414154543,0.0481805239807079,4.336647138647093,233.32453975873835,1013.5951311050692,16.60403293503906,7.687384806876134,879.5595301066475,1.021225246636881,18.65897832468782,1,12.090854116598036,0,потенциально опасно
2025-06-18 10:20:05,HM-B210,38.852037089038966,35.677273179310546,5.727377413366929,0.0323666213333093,4.477004158700308,277.65232930799226,1013.4196541498396,12.531820665135829,6.586589306417644,873.9802982855676,0.9553455314303306,20.119102957803616,2,12.408469494343128,1,потенциально опасно
2025-06-18 10:20:06,HM-A104,38.41647688303252,35.793144666619376,5.93545024990271,0.0494932310517769,3.731113598709625,244.09128395498425,1013.0548721698584,13.054763596263768,7.309711334336366,920.94756499782,1.0478489771337358,23.0074748238752,2,11.95742224637658,1,потенциально опасно
2025-06-18 10:20:07,HM-B210,37.22951353188374,34.89624462050245,4.050907387946399,0.0409173153522728,4.469802648171099,249.10174152056356,1013.0291061826676,13.851147429124868,6.080257578156512,964.4008635964832,0.9552233610544182,22.603073207623304,0,13.452329665631488,1,безопасно
2025-06-18 10:20:08,HM-A104,36.36813333140833,36.44745248576819,6.881100323866391,0.0156549869711911,3.7739774281156575,234.5819102587864,1012.1749592115018,16.043711145105597,7.219162592607201,999.5807715961452,0.9527274937366088,19.316120074875045,0,13.628620429993948,1,опасно
2025-06-18 10:20:09,HM-B210,39.98562250078856,32.298267257976185,4.133764278202432,0.0178165719196419,4.625785971045124,235.61363791644547,1013.3116978971476,13.346301582354888,7.434543378374672,968.1112942646351,0.9956195443316436,18.782490093734594,2,11.033108237624928,0,безопасно
2025-06-18 10:20:10,HM-A104,37.130906511179866,35.526622677767485,4.429185858170207,0.0318516862724885,4.00863141989402,266.337028261466,1013.8224903115084,16.410272021393844,6.737500429011241,981.551793841428,1.0442275209940228,22.626060308812225,1,12.963984885684148,1,опасно
2025-06-18 10:20:11,HM-B210,37.256935121648375,33.72173255246897,4.042043552578171,0.0298444696544519,4.56484315007218,277.2166117874146,1012.1864898384428,12.274789373250332,6.43082141052428,962.1748541402332,1.046431440869465,22.734637849584388,1,13.058264839696946,1,потенциально опасно
2025-06-18 10:20:12,HM-A104,35.818119105958345,36.61667259629189,5.700575299882284,0.0471772134818647,3.571798398359161,260.5374247477155,1012.5270229012978,16.704783106294673,7.07526135320709,984.315265113416,1.0060809219700475,20.563047460474,1,13.884274629794245,0,опасно
2025-06-18 10:20:13,HM-B210,38.97404774374965,31.412235433731496,6.796800651762917,0.0390368569898675,4.111790038386371,265.79250077634055,1013.8046159468842,14.803735389368825,7.666381608871293,861.4440314970869,1.0131909548454532,23.89960968470356,1,12.11119759180396,1,потенциально опасно
2025-06-18 10:20:14,HM-A104,38.46841112890744,35.70877416839476,5.997841498241392,0.0294066540501124,4.557551783394999,268.09848722985765,1012.5686878196396,15.293888392438522,6.647094716593301,989.4897398472468,0.984510326395954,24.84743642659942,0,11.585839905043075,0,потенциально опасно
2025-06-18 10:20:15,HM-B210,36.1038480639438,31.85270355383324,6.467972405441282,0.0185380141725192,3.840305774497241,243.1407137276471,1013.30788734436,13.838447612681763,6.504938595042559,909.4609230588484,1.0133663608698498,19.43951656414577,1,12.561743208626552,0,безопасно
2025-06-18 10:20:16,HM-A104,35.41190522807921,32.78643063115037,4.0398436103757405,0.0213418551162747,4.692930567195834,232.26148154601077,1013.0696363298864,15.909971427555302,6.557870617275375,988.2421334920668,1.0289669482455746,22.0394810099422,1,12.34266705373517,1,безопасно
2025-06-18 10:20:17,HM-B210,38.40249651037357,32.18709800323583,5.626045895439178,0.0387750509234529,4.446169599657398,230.0936371959584,1013.1926552100076,12.83283125042203,7.898264305833329,861.3599256189214,0.9729142954792536,18.03742430302757,2,13.375194396812171,0,потенциально опасно
2025-06-18 10:20:18,HM-A104,38.27255607140568,31.82837779868817,5.378688932516566,0.0311719402449896,4.381342658224698,247.5324641477009,1012.8315778031543,12.244559126392437,6.718553831529119,957.2864435681704,0.9929793394245154,22.99138077218401,1,13.71192632370662,0,безопасно
2025-06-18 10:20:19,HM-B210,36.36629763499105,38.25710951560667,5.49690383266238,0.0357463754430336,4.030323281306506,242.0732114099608,1012.5999829411074,13.977584715537786,6.007208479776574,960.3533123005308,0.9805975042849572,20.899974794943223,1,11.26012408290929,0,безопасно
2025-06-18 10:20:20,HM-A104,39.75431781125205,32.8570756766089,4.216639556005564,0.0185338717651116,4.2236772055716765,233.1158862524593,1012.0970669014594,16.2684785699052,7.563362415919239,999.5366333946658,0.9843705920293015,19.352884588322155,1,13.539738435946726,1,опасно
2025-06-18 10:20:21,HM-B210,35.7552894589045,39.271237818644494,6.053306083207922,0.0431453126172282,4.39602395146678,238.97641462468331,1013.4885618785884,15.774634183188471,7.398549590670781,965.328290603472,1.0335071864810912,23.265553452350638,1,13.726912634664476,1,опасно
2025-06-18 10:20:22,HM-A104,37.16167400521301,39.69926525345191,5.509661244575904,0.0526269370427983,4.208693170872335,236.2249449133974,1013.4921869243884,14.58577985244479,6.257136529205938,907.386055872341,0.9533425245308356,23.67454158289257,0,13.772407634793073,1,потенциально опасно
2025-06-18 10:20:23,HM-B210,39.718079600838,35.71260469937097,6.295446549583792,0.022896975339345,4.5474699859108405,275.74391903086854,1013.3414514801576,14.860688735826766,7.969808498269825,933.5872827427818,0.9312276038400936,18.77816550823156,2,13.292929576553616,0,опасно
2025-06-18 10:20:24,HM-A104,37.09863658463061,31.430011226657264,5.455871902185146,0.0345757112915913,4.150545399660439,237.01336067295844,1013.2872675762392,12.649464131493778,7.216124570610223,904.9826407249884,0.9684420165410444,18.28697033286624,0,13.226247682712234,1,безопасно
2025-06-18 10:20:25,HM-B210,38.19262973832043,33.745482433795814,4.448144908679296,0.058776366451045,3.803409772613045,256.88242319938394,1012.4874342643352,16.203407543087913,7.001558981881203,879.4027967957287,0.9312127785721898,20.33854909168382,2,11.044690325007268,1,потенциально опасно
2025-06-18 10:20:26,HM-A104,36.98797198981397,37.97732263348214,5.944770862233466,0.0266620870275363,3.820900674201571,259.6552977556082,1012.0446898675326,15.934798414820984,6.764438535245782,887.275349125341,0.9747600638493028,22.381933260327248,2,13.760574867469485,0,потенциально опасно
2025-06-18 10:20:27,HM-B210,36.37107601174335,33.6739072869707,4.517159086315498,0.039752317246188,3.5087056532644114,257.17447288543167,1013.6174307937708,15.282351969434714,7.797345511127276,883.3015801411482,1.0355262158035587,23.55393669032043,2,12.05451564142633,1,потенциально опасно
2025-06-18 10:20:28,HM-A104,39.91988823979914,30.870172183027886,6.6171836900644445,0.0145097850100122,3.951436573338009,234.9528217107994,1012.9822770713916,14.330955181644692,6.487926962837126,932.322299524482,0.9926150280723716,21.822437476413203,2,11.123365689852177,1,безопасно
2025-06-18 10:20:29,HM-B210,37.04667003157522,35.56784910928188,5.8393487172077245,0.0403007501239721,4.623376460717779,245.9399180875276,1012.6136762614052,16.82229634139756,6.571537800439804,985.924095179784,1.0283149279954618,22.065241434148867,0,12.238937930319556,0,потенциально опасно
2025-06-18 10:20:30,HM-A104,39.47049601839567,38.45120851496035,4.471611650670862,0.0144815886652308,4.691244063256415,232.56351662315765,1012.2038638135612,16.395159859382353,6.244821613373134,986.9089939132596,0.9249286379423268,23.59900755227024,2,13.198557899811648,1,опасно
2025-06-18 10:20:31,HM-B210,36.14977302945543,37.95926387143503,6.887014172443621,0.0579617717661911,3.803701313143625,249.7834957048158,1012.1254431818028,15.222152467573093,7.51823819116852,858.2145666288739,1.0351310388805766,21.701903619531315,1,12.32586560487529,0,опасно
2025-06-18 10:20:32,HM-A104,36.06552352012542,31.75123140130353,5.555096390005962,0.0457831326036155,4.938565995307112,239.4299465635796,1012.6977334435904,13.85900498858644,7.191098560811707,861.984910142784,0.9902680746610674,22.278081431584106,1,13.274033268416495,1,безопасно
2025-06-18 10:20:33,HM-B210,35.15567041442256,36.72764614412467,4.218695355614965,0.0494079894067853,4.25360419022019,258.081626664219,1013.609474129534,15.09011139340756,7.218132338508997,886.7678585758515,0.904763968311072,21.61352137983592,2,12.528228280733709,1,потенциально опасно
2025-06-18 10:20:34,HM-A104,38.25833412687943,32.205042634356474,5.880498713245202,0.0452052180385818,4.875468123527754,264.640419692455,1013.8374474986676,14.877204632653328,6.436940862038927,888.2589178704212,0.9949678432927556,24.16320763357393,1,11.898281444380856,1,потенциально опасно
2025-06-18 10:20:35,HM-B210,36.8426317186188,32.182075345521724,4.759596721038431,0.0394864518038232,4.560147922792447,256.6059930102353,1013.793502729226,13.971209939174582,7.302336778254167,864.2333762858876,1.0427095434391378,19.64861633009562,1,11.608737032460596,0,потенциально опасно
2025-06-18 10:20:36,HM-A104,39.321791249198185,38.74071773305185,6.411080355631907,0.0324956390542752,4.583650134533619,251.71183483056976,1013.8400016694992,13.53336985844038,7.530916894493728,908.269501176016,0.9118750500713044,19.847955091783565,2,12.263309886061077,1,опасно
2025-06-18 10:20:37,HM-B210,37.36604953345778,32.4966895274023,6.453466220698572,0.0529186689880531,3.627565431959107,249.3666710428346,1013.8154506862588,14.035053961186613,6.715777061451378,938.1588089036932,0.987368419570436,18.89573023121278,2,11.107410355141806,1,потенциально опасно
2025-06-18 10:20:38,HM-A104,39.84096713957361,32.63247346518011,6.936842067563985,0.0578417833771531,3.829986690345396,272.0845884048502,1013.0544495032008,14.86955703016699,7.602694287923424,936.7243300899196,1.0373217904304572,23.736267260460952,2,12.267631714995222,0,опасно
2025-06-18 10:20:39,HM-B210,35.927627578515605,30.006533907613,5.505608593073511,0.034951808645204,3.513222249941709,240.9684032532635,1012.4388312771138,14.140674223555472,6.697581177064042,931.5144521887888,0.9014542752501562,20.8824410339365,0,11.205860290293874,1,безопасно
2025-06-18 10:20:40,HM-A104,39.34311583977805,38.706690341255175,5.364870639183211,0.0565767524577631,4.574191460715106,266.71091697644346,1013.5960931656736,13.31787244100692,7.516276923018575,900.8007887331246,0.9946369389698736,20.435257586168703,2,13.631014123222396,0,опасно
2025-06-18 10:20:41,HM-B210,38.88298426395871,37.92594813209135,6.260426816339442,0.0391666454994258,4.016657432642765,267.874116237006,1012.4274259497053,15.804816588804044,6.067460214915438,955.9683527974872,0.9712353437746444,24.869441019610093,2,12.726443095542535,1,потенциально опасно
2025-06-18 10:20:42,HM-A104,38.85460922322026,36.27328935090678,4.39741196902578,0.0369192093448216,4.67997877411452,250.96000036353672,1012.5344145535132,14.657337479787063,7.102329202947305,973.9725911471608,0.9520483977972916,24.487623565078497,0,12.93812888879078,1,потенциально опасно
2025-06-18 10:20:43,HM-B210,39.22391614058444,37.50265763938842,5.6407465413793725,0.0327241366477678,4.00840432990554,244.865029961282,1012.466508643645,12.338375816128,7.939053121279773,901.9411399716112,0.9941304734918064,24.80391377487333,1,11.86659197133083,1,безопасно
2025-06-18 10:20:44,HM-A104,38.805119954715,31.52048567424492,5.638742800392553,0.0204643880765059,4.729000628448292,253.5270743022988,1013.0299648073916,13.841582528130628,7.962489201364781,862.8303038949193,0.9079053141881126,18.99609297731085,0,11.677463229498636,1,потенциально опасно
2025-06-18 10:20:45,HM-B210,38.131101608157074,34.58323594587576,4.268419368431162,0.0101859830409029,3.6960473806224696,234.66069629463493,1012.643655016338,16.42456728605997,6.5635051566834814,894.4495376637785,1.01295945694311,24.238762692037163,1,13.12371574752022,1,безопасно
2025-06-18 10:20:46,HM-A104,35.656224388411935,33.51219387348781,5.253952256520741,0.022075311342803,3.760059735136262,232.2965016114545,1012.3083120992508,15.77618265599976,6.882798182160711,870.6052981862354,0.9006719215379562,20.30096719571216,0,13.014696449065472,1,безопасно
2025-06-18 10:20:47,HM-B210,35.16263089745626,30.937765262570164,6.559854395701606,0.0354861585801782,4.011314809375905,235.5801599725946,1012.9063468237878,13.616233919720036,6.125955815973266,920.1038090840772,0.9460403615688529,18.08859739148304,2,11.368035369061896,0,безопасно
2025-06-18 10:20:48,HM-A104,39.60423923907843,34.86130485214924,6.568460865983981,0.0289979976129876,4.11273108332341,239.3572515731113,1013.7478144775704,16.690915760222545,7.746682615209199,873.3902726974118,0.9755937956527018,20.73908835188148,0,11.715924149305012,1,потенциально опасно
2025-06-18 10:20:49,HM-B210,38.08325157260369,39.20739650342635,4.297712994759043,0.0324242614001316,4.023054216264468,255.2088410169021,1013.1411057099,12.38301454179105,7.137144306280428,919.4267136486966,0.9565533375849828,21.564374471966417,2,13.839727359410633,0,потенциально опасно
2025-06-18 10:20:50,HM-A104,38.98268645488088,30.400591190506944,4.2721626482434925,0.0590324109782024,4.64547054878483,272.4568318080561,1013.7566712117753,16.806173519460945,6.770201357881034,883.1504338486972,0.9461213902808374,18.75754296497184,1,11.912532276594645,1,опасно
2025-06-18 10:20:51,HM-B210,37.40761175756275,32.91460913493794,4.788086431005806,0.0275136185334663,3.645427088940072,241.7821165999844,1012.3917443701582,13.228525462423375,6.225541116978306,960.8096658193604,1.0246252718202145,21.763743318119797,2,11.077494530958145,0,безопасно
2025-06-18 10:20:52,HM-A104,35.58654094481197,32.07540936205704,6.624298187661981,0.0326091469680053,4.026825529457732,276.7581005373389,1012.3339477473452,12.045470901512097,7.893534570993778,854.1352361253769,1.0402248861407863,23.73624508923712,0,11.191346152478246,0,безопасно
2025-06-18 10:20:53,HM-B210,35.625928961012754,32.381466536656966,4.386707755220497,0.0166757775676409,4.75585999927319,277.7453954467502,1013.1511542513967,14.169040182591631,7.060438095641987,933.2119455747888,1.0310569027358834,20.64355665587436,0,13.3264843908498,0,безопасно
2025-06-18 10:20:54,HM-A104,38.427826436144855,39.08434551879376,6.159990407882338,0.0123978866218493,3.600195615893258,277.94523024226027,1012.9266578030926,13.794852148435044,6.565855858165808,875.4232412380085,0.9783646969575,20.46851364574012,1,13.271467053696515,1,безопасно
2025-06-18 10:20:55,HM-B210,37.15152947449732,34.6806905423429,4.30349685883931,0.0487704757296247,4.913515261507036,271.8781367338162,1013.320345283294,14.695445026033967,6.700430260263019,850.148779670444,1.0326246262790224,20.37167294161474,2,12.145481808301597,1,потенциально опасно
2025-06-18 10:20:56,HM-A104,36.002623633501685,34.662994129398186,5.869413561243476,0.0385341587535989,4.97947526340802,248.191252039886,1013.5892535820536,15.983864302849229,6.541394361844295,980.380013209721,1.0381292347772315,24.461661121185845,1,11.459602329333318,0,потенциально опасно
2025-06-18 10:20:57,HM-B210,37.45797273370719,37.60575642455282,5.068201897357435,0.0480352403021947,3.63285226073762,233.63419555013115,1013.5026145913045,16.212154010752236,7.2036196177139615,950.72916817211,0.9613857595571194,18.341306691531397,2,12.49431565075474,0,потенциально опасно
2025-06-18 10:20:58,HM-A104,35.32104468537567,31.544922040049254,6.366741888897601,0.0174931399443275,3.936908783383605,258.44093658832475,1013.8845223473172,14.00614999805846,7.85992715156102,864.8414233075786,0.9425168789258168,21.115532993950687,2,11.995665965661397,0,потенциально опасно
2025-06-18 10:20:59,HM-B210,37.909857009572,34.87265354100051,4.701071346476091,0.0385914385591345,4.058600999053034,257.9340721968617,1012.796512818314,14.14922871853175,7.713387606653129,949.6108551525784,0.914739780871998,19.85219617904802,1,12.121905043691529,0,потенциально опасно
2025-06-18 10:21:00,HM-A104,36.34496702217549,34.2998521412106,5.91760548816988,0.0226821237170687,4.664587052979089,272.49878835547975,1012.4127734844964,12.740888651647367,6.920761750851955,941.7470999106398,0.9718637881573844,24.25664917771246,1,11.782956062263889,0,безопасно
2025-06-18 10:21:01,HM-B210,38.98779550318594,35.96910690546656,4.707047603727655,0.0214030908450009,4.393890218175101,279.79955254730527,1013.1018252798958,12.237738044405818,7.652998724602016,921.0035030564804,1.041944538065766,18.672365845086627,2,11.188573738128376,0,потенциально опасно
2025-06-18 10:21:02,HM-A104,36.55180979461787,39.99557703250439,6.1409808493364615,0.0105763007026492,4.466548550738851,255.40786532800735,1012.2214862403824,15.206074951175124,6.84621096255266,912.888714763842,0.9841361292105556,20.88009936676288,1,13.373477830526602,1,потенциально опасно
2025-06-18 10:21:03,HM-B210,37.276100745409,37.69448894082047,6.621034103682247,0.0165170361784535,4.636264734227759,247.2602015519892,1012.5777022466632,12.32218812776346,6.504614281517276,983.0604644373602,1.0001343152679258,20.8477130642176,2,12.854662474489558,1,потенциально опасно
2025-06-18 10:21:04,HM-A104,35.058102699540505,33.97865703017428,4.38040539738028,0.0254634055749847,3.6769684991555383,239.29508557781332,1012.4157761105264,15.66915059710728,7.966830230532856,886.7722029846177,0.9169325727737772,24.21876092282916,1,13.503905371308765,0,безопасно
2025-06-18 10:21:05,HM-B210,35.36223443897279,38.27553052274047,6.599787065786511,0.0158439380295469,4.749814185365393,230.23999124086853,1012.793127433594,14.695450725111238,6.607775135941644,909.7465085520076,0.9215279496213384,19.508454115286785,1,12.509605932150777,1,потенциально опасно
2025-06-18 10:21:06,HM-A104,36.96246778203342,31.707083633124803,5.780725763242893,0.0592929220205468,4.558429706270216,255.455684624444,1012.2224331500043,12.992914891130416,6.647448461973816,899.3673119342241,0.9696709892939508,22.51426787211128,1,13.95495991731531,0,потенциально опасно
2025-06-18 10:21:07,HM-B210,37.399694173585615,30.3046368630896,4.381331472601072,0.0254316324261975,4.366012587794556,257.77593333512976,1012.0636834890962,14.697614717563248,7.979385735573045,965.680154355495,1.0426897198475589,18.94084288821452,0,13.887574728213815,0,опасно
2025-06-18 10:21:08,HM-A104,38.00010274059652,32.04448372464273,5.282625566079136,0.0165161973351164,4.834603002174585,271.24692399086985,1013.31358800926,12.914988583010494,6.26785498633131,987.469795934881,0.9541176962387292,24.6778299985638,1,11.815350461289627,1,безопасно
2025-06-18 10:21:09,HM-B210,36.45831289354652,33.4041155611426,4.482580880455294,0.0199541156413978,4.550459530825711,255.22884839464004,1013.2204979565796,14.19368603755206,7.52106797601939,977.4672548110344,1.03162260619763,22.151104714906,0,12.160930770603771,0,безопасно
2025-06-18 10:21:10,HM-A104,38.47490943063272,35.1058075745956,6.1010436665997085,0.0393851614170738,3.802549943946538,275.82341743330284,1013.4167178720774,15.997801581211144,7.871625516965453,969.6555895449652,0.9180432890138568,22.383797112244693,2,13.258128238912278,1,опасно
2025-06-18 10:21:11,HM-B210,39.30061198594602,36.151291405412,6.276604403253849,0.0132021761932394,4.1446180716135,261.4041738285718,1013.3207728805428,14.309596467053186,7.023589988550837,998.0184918355124,0.9925525810400564,21.036413811623305,2,13.329810385933328,0,опасно
2025-06-18 10:21:12,HM-A104,38.89925494446675,39.10605717214422,4.3173895608183965,0.0531217065070578,4.2410643004036,272.01681191105416,1012.2285893622848,12.74349659148774,6.00504352340564,954.5716825615576,0.9900919465365776,20.39597898866425,1,13.732097408720673,0,опасно
2025-06-18 10:21:13,HM-B210,35.198094126741786,35.098540095504575,5.518419558083933,0.0580749839618573,3.5828264401256087,237.41508674038732,1012.5821577627512,15.619143409114724,6.750117888226212,962.65806868203,1.0289812125105402,19.48873500646413,0,12.95790150080676,1,потенциально опасно
2025-06-18 10:21:14,HM-A104,37.40253473628914,35.01275644625729,6.443875168077751,0.022337371033369,4.931956270040084,272.7668065151157,1012.2590532198006,12.933842081350043,6.223137984769654,997.4203809557528,0.9004975056607353,22.22791427682581,2,12.42536293073962,1,опасно
2025-06-18 10:21:15,HM-B210,35.524650892090875,30.502430098229823,6.80848912465299,0.0325047634295429,3.692865891195318,263.7571927221924,1013.6859448040972,15.692749371850548,6.832375321867391,851.0486178098761,0.928489750079636,24.681932217437662,0,12.132954648963958,1,безопасно
2025-06-18 10:21:16,HM-A104,36.21022507931264,30.34911552656224,5.54055360022531,0.0111067225514748,4.546191900840091,238.5116516219165,1013.4938073107112,14.396761446079166,7.580053523284569,945.1072564654548,0.9329531438144224,20.51853667864682,0,12.257535654191066,0,безопасно
2025-06-18 10:21:17,HM-B210,39.93331296633573,35.51159961916372,6.850837670834221,0.042035511236361,4.25934655413632,239.48817790730052,1012.4030540058365,14.268708795471507,6.8774230977676005,960.8457297929934,1.0424949132136103,24.18209822063438,2,13.551215453172029,1,опасно
2025-06-18 10:21:18,HM-A104,35.712477714507564,34.38178613248344,5.60706691136809,0.0306963029026294,3.538448374826634,276.3250309522111,1012.6826184809798,16.257175189287373,6.863850242691845,987.6740580635792,0.9230540484404842,19.041434189930747,0,13.940026530822184,0,опасно
2025-06-18 10:21:19,HM-B210,37.49444076725678,38.39180394980298,5.182571483799724,0.0235029233050777,4.887121213796543,231.61076802251864,1013.9332299845285,15.543017621703344,7.113578953837694,982.5766456276516,0.905544352533084,24.552882146172607,0,11.155727554759896,0,потенциально опасно
2025-06-18 10:21:20,HM-A104,38.0907786715906,31.60679584711845,6.544609385658687,0.0203418555308304,4.777755213228399,253.1267471647853,1013.1883187157594,12.164553984774695,7.16338116949536,976.2941021850692,0.9801692242112712,20.45340398728653,2,12.740733989121322,1,потенциально опасно
2025-06-18 10:21:21,HM-B210,38.51232485272052,30.249716621170496,5.478948131374267,0.042701153882938,4.286386891855753,245.67376449670508,1013.6023111946024,13.480871573008011,7.7125926175979425,991.8686907912556,0.9792837693650522,20.65809048115342,1,12.560161916183024,0,потенциально опасно
2025-06-18 10:21:22,HM-A104,37.79824341743457,34.49038767930126,5.4157075316935686,0.0308108515516157,3.843413504209168,263.2538719999214,1012.5291820695376,16.354603304249494,6.616710878457903,930.6068781870562,1.0266070448051796,21.239895799240298,1,12.128426824544151,1,потенциально опасно
2025-06-18 10:21:23,HM-B210,35.04885423709592,32.37478556752257,5.470937468229485,0.0189829644514956,3.682434336020141,271.9814693784496,1012.4201058403586,12.091630842725992,7.643342528736031,851.038014337724,1.0423289475266704,23.027709889633552,0,13.554729329078524,1,безопасно
2025-06-18 10:21:24,HM-A104,36.63230654121996,30.496143733388376,6.540355005609236,0.0444554540743412,4.04508871914819,248.0189060778285,1013.5678338576932,14.726267231309851,7.131867497384095,851.6581598045515,0.9807818163210196,23.037574035823248,1,12.727229050684764,0,безопасно
2025-06-18 10:21:25,HM-B210,37.58855821692356,37.24598286847629,6.495824625064156,0.0382536141518346,3.883142421569136,251.34510436614187,1013.3717449104628,15.63912834586972,6.601059099434294,931.6958583426788,1.0394991273629484,21.357120093037658,2,11.939348186700585,0,опасно
2025-06-18 10:21:26,HM-A104,35.439332495724166,31.11592999957248,5.210559977320633,0.0529336027464748,4.2600368015094485,279.0958892250707,1013.3619558584236,15.10928042742288,6.5902520880121545,915.2908358295912,1.0087738726949744,21.66207029519755,2,12.3323121150113,1,потенциально опасно
2025-06-18 10:21:27,HM-B210,36.7531346560459,36.08319500007772,4.999899579611575,0.0158737949438246,4.949613944185144,269.19582548396016,1013.1052691636584,15.802661010522185,6.7222750342114495,917.6867580048172,0.9396838691993378,18.21007341441899,2,12.070410672151665,1,потенциально опасно
2025-06-18 10:21:28,HM-A104,35.16601554395683,32.81049750166889,5.475784072117388,0.0492833300972228,4.362430239844462,274.86020654658955,1013.1271566855532,15.62845924457373,7.245386485239951,910.0607105815056,1.039263106641589,20.13007691090828,0,12.290256823148336,0,потенциально опасно
2025-06-18 10:21:29,HM-B210,35.39289248577511,31.73496050355022,5.718317529211327,0.0436758393408629,4.834896583835147,251.93811103258147,1013.4713950106124,15.460153475765566,6.461623462719898,987.6588713636854,1.0001164764272812,20.422119519614267,2,11.213797371031864,1,потенциально опасно
2025-06-18 10:21:30,HM-A104,36.98461638100798,33.79751522919317,4.715011631883991,0.0157505468414048,4.476318256243665,241.70381019920572,1012.5400049622424,16.107699304628262,7.840667123344534,903.8755526754684,0.9621143899113952,21.91109088108032,0,11.335747448650766,0,безопасно
2025-06-18 10:21:31,HM-B210,35.6635787702153,38.01445776222954,6.381865254146772,0.044741036493586,4.2128697898808,250.5931732693226,1012.705536931714,15.228453342247692,7.1498251683558,978.4340412644624,1.0020363126775396,21.90809837159913,0,12.871075049910829,0,потенциально опасно
2025-06-18 10:21:32,HM-A104,37.83770424130779,33.92093576904573,5.459448297197269,0.0320773644439915,4.781911344100057,265.8045958915757,1013.74327354104,14.01209247128491,7.840031553992014,985.4297190687462,0.9601969241615628,22.969298584095117,2,13.052205132189314,1,опасно
2025-06-18 10:21:33,HM-B210,38.44732484568633,37.50769649211056,5.002136645259879,0.0572492392777921,4.207052165259496,235.47152024179897,1012.6177304020244,14.35954554957294,6.092808717158309,924.9252654998432,0.917127565198194,23.019191073526567,2,12.909861245800894,0,потенциально опасно
2025-06-18 10:21:34,HM-A104,39.00293349554541,31.254862967991507,4.320462978891972,0.0170805675308949,4.802942255765542,243.52345528082543,1013.0926191427586,15.583623913407251,6.6852227409229465,917.0407056047632,1.007846812076535,19.64647506948458,0,13.289226192191617,1,безопасно
2025-06-18 10:21:35,HM-B210,36.00075122122405,37.7277141966508,4.716535481210821,0.0421416695407869,3.937365154363648,232.3317950230795,1013.4052789280132,16.38153014833397,6.045615321375246,964.153090632317,1.0236131418256116,23.39131005773377,2,13.830602064433222,1,потенциально опасно
2025-06-18 10:21:36,HM-A104,35.837412911295345,32.369333249066486,6.847843515267951,0.0290990022731472,3.693219610644482,251.61738691690655,1013.9998496536664,13.36109400419888,6.54450363019594,956.1957261459823,1.0093209298529082,18.13722497632397,1,13.581854920677966,0,потенциально опасно
2025-06-18 10:21:37,HM-B210,35.522839201672,36.773931298888726,4.91529906045858,0.0578407335295438,4.782971696544408,271.37228679898067,1012.8705826629906,13.710383979855354,7.724012944537177,899.2802674894309,0.9343672001635016,23.013133192247043,0,12.25552873811373,0,потенциально опасно
2025-06-18 10:21:38,HM-A104,38.18215124771818,35.657815548409964,4.506577868101106,0.0264987447645138,4.381122745689,231.2331844149005,1012.85618575325,16.65369698181206,6.073219431684402,865.382218888697,1.043495252021642,18.71442772463596,0,11.652629410763826,0,безопасно
2025-06-18 10:21:39,HM-B210,38.53237863243451,39.29144717211688,5.38201837496498,0.05810929547459,4.83363859737344,263.7661763403583,1013.6851767588672,14.892558962047229,6.87229419983149,889.727860027372,0.9037881842536736,23.10753745894853,2,11.935556634803756,1,опасно
2025-06-18 10:21:40,HM-A104,35.15793072412821,33.87322517975314,4.921263230080746,0.0550742925550374,4.906740810488575,276.62479372568697,1013.6110062225196,12.894809085675004,6.235134140946456,869.6542758718449,0.949902794606346,21.689826633978832,2,12.763224463835876,1,потенциально опасно
2025-06-18 10:21:41,HM-B210,39.68106123121845,30.661651888344405,4.105477750813583,0.0235191617655328,3.580442585557174,241.84639307555912,1013.4621517634693,15.318475694561911,6.833681318520736,894.2098413665037,0.9390138651802344,21.060781504781644,0,13.5686250033727,1,безопасно
2025-06-18 10:21:42,HM-A104,35.259856418257364,30.19155485551253,4.969435651838252,0.0501770888413213,4.251453952788302,264.6817420363824,1012.926459274818,16.953810777696898,7.677703168528755,889.2732348371198,0.9072189341422277,22.834664728330004,0,13.105172370522642,1,потенциально опасно
2025-06-18 10:21:43,HM-B210,37.70648167650536,38.26858560972753,5.632325871818406,0.0597802100901753,4.062446823611793,278.75509505501003,1012.6478782403216,16.117267822352,7.246142066805039,945.656713583007,0.9608594539483004,18.254595836230628,0,12.629039314307205,1,опасно
2025-06-18 10:21:44,HM-A104,38.54530259725458,35.24735637661432,5.655137116059901,0.0226331501085641,4.438787595605175,278.11390300762315,1013.2174609651696,15.728705682757012,7.473512690662846,993.1744042682168,0.9934672260244162,19.56429227972905,2,12.805635078680105,1,опасно
2025-06-18 10:21:45,HM-B210,39.35484561873043,37.752440518349495,5.069676763530666,0.0318388584661659,4.6903867958034855,241.7464596514572,1013.7524465862632,13.040233271331346,6.698208230899162,952.8615598495726,1.0323829295227651,22.315080997273576,0,12.584783641184911,0,потенциально опасно
2025-06-18 10:21:46,HM-A104,38.57043466066214,32.344256000115145,5.341908268757802,0.0360090368283379,3.920885323961553,235.01655266060345,1013.7675549164172,16.380698923420034,7.888795390020283,988.9974112096854,1.0484534574287203,23.930507846415725,1,13.914882533988887,0,опасно
2025-06-18 10:21:47,HM-B210,39.00864041534896,33.45083745513234,6.896553754704299,0.0247465567901932,4.335197576559757,237.4141268947958,1012.2169966901408,14.628944217677732,7.418524187559,967.6198387912664,1.0212134379606597,20.66775345861582,1,13.448274356766682,0,опасно
2025-06-18 10:21:48,HM-A104,36.69725096271403,30.30103872211319,5.132045431690935,0.0107632419823014,4.56309286985735,265.1017834241071,1012.8567005676264,16.446450110359777,6.843597638569062,959.181643310676,0.9703020778069238,19.8113303084349,2,13.343831646203446,1,потенциально опасно
2025-06-18 10:21:49,HM-B210,39.07412556873256,39.61492324574112,4.774680439779949,0.0210064622098763,3.701646624253601,266.28794377266377,1012.9294439123976,13.649139147124396,6.85292960045411,912.1092910320012,1.0085556638950546,21.63115505052296,0,12.551986960591195,0,безопасно
2025-06-18 10:21:50,HM-A104,35.40057423192338,36.67867906700813,4.730401132200281,0.0240968442170879,4.7211003589269005,263.71182808141,1013.9552307350476,12.310255263177163,7.837368355886595,898.7191754295053,1.026543568288446,22.35620676670789,0,11.995428372708623,1,потенциально опасно
2025-06-18 10:21:51,HM-B210,39.47408328030264,39.33205087759306,5.373293838112403,0.0321799850659093,4.40916439977946,246.8039193871119,1013.3559960304852,14.379879843298731,7.152809386870784,976.941605870938,0.9697960794628022,20.940721219840224,1,11.05854228301328,0,потенциально опасно
2025-06-18 10:21:52,HM-A104,37.73796188076868,32.654964074290724,6.278560446150832,0.01855512392067,4.924306155670478,238.4888469879061,1012.814492834524,13.349188024089388,7.412758419806083,985.8089849393508,1.017758165103825,24.136974778618285,0,11.13029007307916,0,безопасно
2025-06-18 10:21:53,HM-B210,39.08648884981247,36.114636112256605,4.61796455256542,0.0536627178345836,4.009293378696039,259.03805459761264,1012.0521157719712,15.576146448881492,6.834070449026342,917.7823740476398,0.9723978627469316,21.66407096202009,2,11.090713775487334,0,потенциально опасно
2025-06-18 10:21:54,HM-A104,37.2615914225915,36.784999682926376,6.127888381422304,0.0452455566365668,3.662218913505798,254.18402228789333,1013.1307703201984,16.785532764280163,6.447385529529428,851.3594647279966,0.9579743986315084,18.25076511299409,2,13.941430300333176,0,потенциально опасно
2025-06-18 10:21:55,HM-B210,38.21788847598263,33.17549700257588,4.063449470048249,0.0142600238779831,4.259751801555388,266.4417073561152,1012.1921519512769,15.45487075575782,7.447118583988837,968.8796588359704,0.9789136256675642,19.56137768294333,2,11.34344701540367,1,потенциально опасно
2025-06-18 10:21:56,HM-A104,37.63201330468057,38.4810923501563,5.256798933951838,0.0425046225569965,3.6287161575641584,252.06800393428108,1013.6688999146955,16.434669648546016,7.215647544282776,892.7603260708438,1.0013782106440718,21.154529216424702,0,11.426356558927424,1,потенциально опасно
2025-06-18 10:21:57,HM-B210,38.65794760877666,39.47161462900248,6.32759519560836,0.042682823820281,4.95428978498601,246.9319847343234,1013.5050373211408,14.265120068006032,7.002685760849559,851.4831797525381,1.0090323084477897,22.88407863311853,0,12.4524499623743,0,потенциально опасно
2025-06-18 10:21:58,HM-A104,35.40814991015295,38.84855117696005,5.016198867323294,0.0578110586821813,3.558027437385787,244.6739288679507,1012.9210183198164,15.858203685976507,7.248041879988928,970.7482838464184,0.9535104403338162,19.53826570654812,1,12.444203500679476,0,потенциально опасно
2025-06-18 10:21:59,HM-B210,35.30176041995282,37.39066975939373,5.691211304336198,0.010151043567808,4.630255851660962,240.5735160024873,1012.8584215590834,16.21521718335852,6.416571172128467,927.6121283225348,0.9856980377334053,24.833802078021947,1,13.759921301855208,1,безопасно
2025-06-18 10:22:00,HM-A104,36.23551617005073,32.77464679724954,4.614937698477732,0.0223966224902903,4.287653597213366,243.28731880933307,1013.7946779311376,15.554378137917713,7.587877413063913,952.7816119507704,1.0364806311120671,20.229907807316582,2,11.22059819501877,1,потенциально опасно
2025-06-18 10:22:01,HM-B210,35.79772340056594,32.81616042105632,6.225986173378517,0.0563895739687657,4.052930978747433,234.74152194220505,1012.5769167008364,14.538886430347825,7.896325610040612,987.2034731716716,1.046446935016596,21.72736144802412,0,13.871717495470095,0,опасно
2025-06-18 10:22:02,HM-A104,39.35891783296101,39.63360320446038,4.156837309806279,0.0566066957699141,3.598763246762982,247.34285054644448,1012.4980399242136,15.12933054807684,7.782206288335406,931.1760745207158,0.9340872136775932,18.132764693117288,0,11.649170715023027,0,опасно
2025-06-18 10:22:03,HM-B210,36.09606993679022,30.10284495935692,6.557627934626501,0.0460293209685318,4.433250386260411,231.8284906181479,1013.8783948656516,15.5025349783944,6.642871490614034,925.4791108868448,0.9289246748570013,24.19423505001563,2,13.910461427914498,0,потенциально опасно
2025-06-18 10:22:04,HM-A104,39.87932627909566,37.16049973242144,4.594589159265005,0.048288166052377,4.3778304940864325,239.32069235831636,1013.6184916735068,13.265422016107134,6.812011546564152,893.5993182022395,1.001502845014297,23.521842574676285,2,12.623972296407848,0,потенциально опасно
2025-06-18 10:22:05,HM-B210,36.684478958855536,37.06246162555262,6.623194095124992,0.0145741478964823,3.9213249096014,267.3385222309715,1013.6412511861344,16.047896304574923,7.616804599595122,895.7790751659929,0.9622025828735166,19.36820603006915,1,12.95603823779309,0,опасно
2025-06-18 10:22:06,HM-A104,35.9105895784435,36.22689540949797,5.057587723901552,0.0356937917389116,4.8653325521154684,246.27344943383116,1012.3903876285518,16.751622694836367,7.190234261649207,969.4813099044468,0.9036333507627206,24.5326568386789,1,11.947186317981942,0,опасно
2025-06-18 10:22:07,HM-B210,38.9484925357124,39.90108846086866,6.16805072342346,0.0215791495644499,3.956165011014255,263.4118508488672,1012.286591982862,14.32619657589968,7.095828887353298,917.3543868378906,0.9520292805970928,20.210878346581836,2,12.835471853298785,1,опасно
2025-06-18 10:22:08,HM-A104,38.29353887750438,33.118794357637256,4.957675893358566,0.0190609021806808,4.17458811588816,265.8442087798639,1012.0520590996342,15.505335915549388,7.853283935066891,874.5289312912181,1.021011711520838,22.84530401866082,0,13.132489339698193,1,потенциально опасно
2025-06-18 10:22:09,HM-B210,37.4909785822657,33.39971863793248,6.717735013703942,0.0505151649561666,4.315643683877983,259.0592671366057,1012.4740830178374,15.68512952895177,7.072049921954101,864.1793146000743,1.0196140395574775,23.7328342261162,1,11.031110501876917,1,потенциально опасно
2025-06-18 10:22:10,HM-A104,37.77681775468815,30.789394029465555,4.379911376555123,0.0167519068340273,3.650347817264429,277.9348870682699,1013.5483809834286,15.3112377376074,7.02987735917462,920.9380175292667,0.9742027723224872,23.186401228660262,2,11.102685275545111,1,безопасно
2025-06-18 10:22:11,HM-B210,38.59600889136132,34.427981365437375,4.535559367817796,0.0334325818498192,4.898242578820448,231.07199333115565,1012.4800768375284,14.735575541643176,6.084037182532719,919.7432535426595,0.9708866902331303,24.423079488208888,0,13.959431035814898,0,безопасно
2025-06-18 10:22:12,HM-A104,36.142273706656496,32.61048526234848,5.479090375476407,0.0569289119793016,4.061804228676562,266.9326325294071,1013.4582065671898,16.408239772874055,6.138833917180275,948.0187417308094,0.9869261163651568,24.04992332238496,2,12.372671314678444,1,потенциально опасно
2025-06-18 10:22:13,HM-B210,39.98166958028371,33.43386702177644,4.245815317114438,0.0192916027782671,3.621168820811516,277.9393321970204,1012.5038165307348,14.244633546344472,6.0148406157613,920.6601216617712,0.9329095065845364,24.96228059864127,0,13.807452576309664,1,безопасно
2025-06-18 10:22:14,HM-A104,39.87396581073392,38.345717902556274,4.587940554105286,0.0588996711869117,4.080936760512995,273.11358646764694,1012.7905849959012,12.305514782433018,7.8264884515672675,871.5213556201322,0.9789065437336434,19.27827988803302,1,13.189692850450006,1,потенциально опасно
2025-06-18 10:22:15,HM-B210,38.25162843173469,39.35484513527496,6.831299146636043,0.0597143992880529,4.400303820638871,238.39463459025063,1013.9663245798228,16.222781878560802,6.816773320035401,926.1704327197772,0.9016569540084972,20.1333326085869,0,12.118904923902155,0,опасно
2025-06-18 10:22:16,HM-A104,35.99771225464573,31.857330720051856,6.929468983443662,0.0377808577341201,4.2704790077319945,246.3410153125866,1012.4896234625684,15.369906361582752,6.937122752266825,986.0184105829038,0.97133393321747,22.45358107202141,0,11.45252601397559,0,безопасно
2025-06-18 10:22:17,HM-B210,38.40114121215646,33.72508931553466,5.128777987991266,0.0185071370088578,4.541812961055911,238.62259199382328,1012.7527412545966,16.24629313249823,7.690773895184924,873.9162117430319,0.9504076569375888,23.13133030124109,2,13.934455199150635,0,потенциально опасно
2025-06-18 10:22:18,HM-A104,35.36099204489588,39.28630562115394,6.769858063041808,0.0258052443970447,3.583225913101866,260.0654181907352,1012.6021743609303,12.692737212223472,7.218492620751556,953.4631961466624,1.001230440885549,21.74223538188996,0,12.753488771295162,1,безопасно
2025-06-18 10:22:19,HM-B210,35.15326251102903,30.618084606892225,5.634474027020295,0.0312246416338267,3.926810915408084,265.6093990989746,1012.21924997266,12.153764702548582,7.219003192781162,939.078889744829,0.995753037622894,18.517498554206306,1,11.5770698701055,1,безопасно
2025-06-18 10:22:20,HM-A104,36.28841444255607,30.923605281113787,4.809227397621301,0.0254662112179111,4.728845865260153,245.8536884681529,1012.9797882842616,16.671872701912505,6.593068858709625,962.2878590067704,0.9571253820274214,23.89116658760268,2,13.04495894088424,0,безопасно
2025-06-18 10:22:21,HM-B210,37.31311478369658,31.62790989206229,6.107196163241796,0.0240317789938257,3.6198405316870415,256.9753286992148,1012.757381326666,12.738641529252872,7.667816747849038,872.5900410141389,0.9010909472217888,24.726120492148905,2,11.276145529491014,0,безопасно
2025-06-18 10:22:22,HM-A104,39.3413625270419,35.95212834126875,5.976705419724572,0.0586114854608178,4.7832289320439365,264.54602850355974,1013.3897741716146,16.04826166035226,6.331659952078987,991.2408005358992,0.937841044409244,20.83861790678476,2,13.60411183922048,1,опасно
2025-06-18 10:22:23,HM-B210,38.63584534883154,31.504722710059976,6.9673759573262,0.0176682413707872,3.637844138115659,251.0669908305524,1013.6351890939033,16.11604971090318,6.106299184345896,943.1449641650738,0.9950021775283744,19.57368737189192,2,11.270412041766017,0,потенциально опасно
2025-06-18 10:22:24,HM-A104,38.7135326059999,39.68076381450734,4.79514186222785,0.0466663954358431,4.751681322337545,272.70077652277297,1013.0884994289912,15.543526002745017,6.383206715037065,977.0606706536704,0.9108560014526256,18.13519628473461,2,11.708583074873507,0,опасно
2025-06-18 10:22:25,HM-B210,37.12746667224037,34.467145272585206,6.016178507985206,0.0100205144719587,4.04118260161809,268.57749676439084,1012.0643928441748,12.656311055464355,6.535474437549129,886.9910145520354,0.9161463632750196,19.661093252655096,2,11.274292416282126,1,потенциально опасно
2025-06-18 10:22:26,HM-A104,36.72967496273481,35.015179603501664,4.1560712650883405,0.0398091334701188,4.418313594885824,233.23327719252853,1013.2378447124696,15.33699312280404,6.5646221157084135,960.9119334096944,0.9970552536850632,22.899431423868958,2,11.311361650548395,1,безопасно
2025-06-18 10:22:27,HM-B210,36.85519381492301,32.466586158054064,4.340938116090158,0.0557971501977026,3.729330673471997,261.05626495454146,1012.1107814600418,16.445432916634328,7.341027197237535,967.154605650088,1.013365110142394,24.381125713709118,1,12.571502460977548,1,потенциально опасно
2025-06-18 10:22:28,HM-A104,39.93824781868029,34.70960252434733,4.01175512485328,0.0243967047046609,3.5992530825877718,241.76627754798747,1013.232712647198,14.127658224004415,6.435649174657288,909.6152908580614,0.9482324562019068,18.65459146502236,1,13.060969407678176,0,безопасно
2025-06-18 10:22:29,HM-B210,35.20054595706241,36.61913632637012,6.998382043179019,0.0192762987628859,3.8239073060302022,257.87591323336375,1013.3700598985384,14.067584271892994,7.353316608989969,907.5930179325134,0.9734509598274844,21.87281431013351,2,13.36544535003786,1,потенциально опасно
2025-06-18 10:22:30,HM-A104,39.335157480612246,37.511771369540426,6.406821091442433,0.0425839897439213,3.691780726863043,277.84442213164834,1012.395535255235,14.214291547897096,6.1822643464676,948.6694397538624,1.0418567047475489,22.868718739582825,0,13.08516586880628,1,опасно
2025-06-18 10:22:31,HM-B210,37.89337704286197,37.53868082709913,6.360169044200623,0.0456300703649196,3.968608846519448,273.9531002276125,1013.6386922974436,12.411359453381031,6.2944049221958185,864.0111522640324,1.0418315343263955,19.93466574774388,2,12.090469436108211,0,опасно
2025-06-18 10:22:32,HM-A104,37.19307709594796,35.77891112694088,5.529178225864539,0.044401525947599,4.27157486976653,250.2258201557566,1013.822170263148,16.460127845149866,7.0176428969819895,960.3436225326265,0.9461254161695144,21.989279274192118,2,12.67186336114116,0,опасно
2025-06-18 10:22:33,HM-B210,38.62628830207568,39.04359774993857,4.90020124871632,0.0259658440010687,4.383139195347514,244.57569291721768,1013.6261739282276,16.34591431990255,7.843791605153285,856.4330139759116,1.0214981812525636,23.00673898204041,2,13.782992223284692,0,опасно
2025-06-18 10:22:34,HM-A104,37.43334470712352,38.17407847306109,4.453792853388028,0.0226101201079665,4.684802161069614,241.72028722041296,1012.6102183804242,16.989546608951432,7.719135177622228,878.5885451681239,0.9890916079210288,23.86403470194764,0,12.162729847262169,1,безопасно
2025-06-18 10:22:35,HM-B210,39.367116190408304,37.57048114698625,4.854024216539391,0.0577959399981022,4.484359839872538,256.625743487826,1013.1732860248912,14.925915707492068,7.9375068848856065,949.6215635862052,1.046322674002557,21.167498955739863,1,11.757213107084372,1,опасно
2025-06-18 10:22:36,HM-A104,39.503509320056295,30.556055216804605,5.127913665787418,0.0561649754134964,4.413137487694329,235.7124226629028,1013.8296302983824,15.75595818225693,7.300958130556342,864.7485500637946,0.9716420354566644,23.235000532432725,0,12.557958066682762,0,безопасно
2025-06-18 10:22:37,HM-B210,37.10860463436728,30.06877962219649,6.268930290940882,0.032865830494641,4.117673041228662,257.46375040641243,1012.6413294524456,13.013359531536524,7.351629732832184,995.7763137215184,1.0162060302023344,20.112480802178947,0,11.892005635526294,1,потенциально опасно
2025-06-18 10:22:38,HM-A104,36.38413898617526,32.12447277195473,5.618985366709458,0.0523096933077186,4.210712652440208,230.0666819745396,1013.6400556445308,15.337644091120849,7.250045997862984,980.2594314192852,1.0152205694422307,19.49132722740511,0,11.785451155885628,1,потенциально опасно
2025-06-18 10:22:39,HM-B210,37.96175164296681,36.635235939134525,4.232450879666448,0.0326161738817148,4.121781244085272,246.19248153729225,1012.0189502625234,15.248664243786951,7.245637845716395,943.9453498610104,0.9746149301449616,19.31119622263467,0,13.33640990375979,1,потенциально опасно
2025-06-18 10:22:40,HM-A104,39.56181672808346,34.11197488882546,4.054087026876736,0.0312194509036255,4.763249045092074,240.99671569152903,1012.0072934055694,16.506043679208062,6.294240690135169,972.8586183504024,1.0193445171445965,20.51210912278008,2,13.672507572192607,1,опасно
2025-06-18 10:22:41,HM-B210,36.053310945028336,34.02406259299312,4.306996538602189,0.0178381473799647,3.8450006788226,278.5609394980391,1013.519423320678,16.15396361419537,7.0874779123278575,983.1370072884353,0.9391560499960496,18.251157772521942,1,12.506950048246855,0,потенциально опасно
2025-06-18 10:22:42,HM-A104,38.11483291781742,38.84586888229614,5.231496141092138,0.0313203028245986,3.508581397312947,266.36211597849893,1013.5228951642542,16.692332313088816,6.772135866903452,888.9213474357728,0.9183379554435344,19.980942863656747,0,13.339348645902074,1,потенциально опасно
2025-06-18 10:22:43,HM-B210,38.157801100462606,38.95562848131839,6.799578751147055,0.0368708469299903,4.476979845839359,247.4826690231119,1013.5779543757046,16.34416736350804,6.885074431554587,977.411738192398,0.9637745616982974,22.5655597711026,1,11.561268278591724,1,опасно
2025-06-18 10:22:44,HM-A104,38.66556511207641,39.09175264053586,5.912207443627665,0.0111252163714343,3.8036932754582473,234.64225432653103,1013.8600536757764,16.34346947449426,7.047201146118475,879.2190675456403,1.0415445984950378,22.53543333012096,2,12.642929039107544,1,потенциально опасно
2025-06-18 10:22:45,HM-B210,35.6578384256363,33.13878076515027,6.4054776996265455,0.0322056502587703,4.835172704464714,255.8400297345312,1012.2358126236404,12.318616633443591,6.256792343604503,912.0013396223223,0.9751116912303792,18.51487664544044,2,12.908599828116998,0,потенциально опасно
2025-06-18 10:22:46,HM-A104,38.579124823410446,36.91055812739262,5.399123783513645,0.04906781091976,4.788569494559984,240.6723940663021,1012.4639699699674,16.22980976347978,6.71897546770424,933.73894468729,0.9952888707970392,20.011909319564342,1,12.471992503450316,1,опасно
2025-06-18 10:22:47,HM-B210,39.54516260332821,32.7163318127437,5.084998249585128,0.0440023028187134,3.615091057892309,256.8214772949179,1013.8074498407476,15.037391972515591,6.126899121753207,957.0836444611048,0.9936243683861812,21.98690365274545,2,11.350640649044587,1,потенциально опасно
2025-06-18 10:22:48,HM-A104,35.89841554435121,31.9060983307445,4.325201118149868,0.0417578494431967,3.659582608121116,271.7681177089446,1012.3544723955448,13.902222258829806,7.959336260844799,854.5211976583792,0.9198859300904296,20.22986496252172,1,13.202300695457232,1,потенциально опасно
2025-06-18 10:22:49,HM-B210,36.18771662461939,31.84632457347369,6.627799066558615,0.0554777714218601,4.242757388369999,260.78962760506926,1013.3644585351532,12.282573121940311,6.2370560576402525,893.5764119167284,0.9585445323565815,20.925916169322115,0,13.517234531568498,0,безопасно
2025-06-18 10:22:50,HM-A104,39.8569754702082,33.42107620863594,6.349480087083709,0.0109016004912615,4.413833994154032,261.6894209772501,1013.0609260000816,15.388368873840234,6.517049477089909,941.2778647315586,1.0060408459382812,22.989675299810347,2,12.905678764944376,1,потенциально опасно
2025-06-18 10:22:51,HM-B210,35.90488476354745,34.29957619779822,4.504354292793176,0.0378523793096117,3.912362506223361,257.05151445314056,1012.166387353703,13.641008752688087,7.782585853406794,903.6053018723678,1.045798514787109,18.06486780619641,2,11.50748300485048,0,потенциально опасно
2025-06-18 10:22:52,HM-A104,39.2719254668479,38.30949171055069,5.536781691628781,0.0493674424204853,4.575196575049056,276.36328163157043,1012.5705273238832,14.338881324930174,6.965420092478284,966.253758344424,0.925202660744554,19.93475480861901,1,11.223657319545628,1,опасно
2025-06-18 10:22:53,HM-B210,37.46138928224018,31.19891093472712,5.462124423763735,0.0370667691350633,4.392374031378307,276.5951342210301,1013.040744432882,15.40864218527567,6.271274403041261,947.7478241726076,0.9615662835508676,18.99660570649512,2,11.904811724523436,0,потенциально опасно
2025-06-18 10:22:54,HM-A104,36.23615537201589,37.34925847394894,5.875274658059586,0.0261947776290189,3.987236164622832,255.6361600536776,1013.7047002333676,16.558872735120715,6.768461076078697,885.1602180585604,0.9142640699704094,18.89326427935144,0,11.110970335551258,0,потенциально опасно
2025-06-18 10:22:55,HM-B210,39.35374950636256,35.31454914189305,6.838560681973783,0.0168125282545988,3.5380572320634736,245.2879743571752,1013.4150769792292,16.12718457802499,6.231735988382772,871.8893469388499,0.9363564689473884,24.71328151513073,2,13.517657031358802,1,потенциально опасно
2025-06-18 10:22:56,HM-A104,37.22652627501333,32.87945342675992,5.739314325287439,0.0543781535908095,4.625225421947777,252.9793502939722,1013.24376632291,14.252985645518,6.400431994169003,944.3570490380577,0.9565139014989226,20.635922320936924,2,13.109181320210627,1,потенциально опасно
2025-06-18 10:22:57,HM-B210,37.57408676964845,34.92819584532825,5.620651800335856,0.0335381196193801,3.822130498737624,239.3278956097808,1012.9920657798828,13.938915787231895,6.10405969389969,917.5700991557136,0.9810964871928526,21.68962009436748,2,12.691065983001888,0,безопасно
2025-06-18 10:22:58,HM-A104,36.79616684699883,32.999420697770226,4.150968798803992,0.053905759849285,4.751710615193943,261.81721576590445,1012.5973679676284,13.198898694220237,6.8764549890982,875.3435561651978,0.9345850323358622,23.136753209487427,1,13.668897510451195,0,потенциально опасно
2025-06-18 10:22:59,HM-B210,37.96475425717464,35.96081955238306,4.188722428054072,0.0392926061216584,4.130435390081383,255.00461678911165,1012.2384898226384,13.86213375587984,7.61327224345052,898.9561307977566,0.9341343991768029,18.33213232402035,0,11.330280499310213,1,потенциально опасно
2025-06-18 10:23:00,HM-A104,35.817619362925115,34.338439228552446,4.562040373980366,0.04370960583075,4.365616163947648,235.165023890664,1012.8181520691322,12.555231936459492,7.171938357399791,895.457012247788,1.0166744968710306,19.68715846990389,0,13.1433792496281,1,безопасно
2025-06-18 10:23:01,HM-B210,36.955407683258805,31.64405529078879,4.097412315075244,0.0502130577189225,4.809423095613503,239.88238905598075,1012.0570369878226,16.855527541823772,7.212690610969224,866.2197958509063,1.0443962494420322,23.82503451140599,2,11.439896620799525,1,потенциально опасно
2025-06-18 10:23:02,HM-A104,39.84706161167644,31.165830745556967,6.230058686710037,0.0429577772300067,4.79543450137993,253.98159780997636,1012.4221117785336,14.869587219797896,6.401168060166481,932.0363528897842,0.9485419451627184,24.033934292245167,2,11.182776280306054,1,потенциально опасно
2025-06-18 10:23:03,HM-B210,36.29066716350564,35.4669568207213,6.169990911981889,0.0299027420339468,4.05727936286536,274.3794495359429,1012.8649667517452,12.639029213976064,6.687787686504733,964.5472950868832,1.003198802795352,20.610656444485613,1,11.398713522114097,1,безопасно
2025-06-18 10:23:04,HM-A104,38.28368332270646,39.02413033286104,4.408168703294929,0.0356816691964325,3.813333339072265,258.3195360315549,1012.837210371344,13.764030046329529,7.690484207681663,936.320033327948,0.938712069203688,20.624031197562378,0,13.852820272125854,1,потенциально опасно
2025-06-18 10:23:05,HM-B210,36.62595032112348,33.43957686557685,6.508236702385843,0.0501522762337939,4.662719116592892,264.07675001042355,1012.088590861994,14.73519571810328,6.175712368653029,973.9437047406028,1.0391928382448448,23.29827813976217,2,12.321300153974118,1,опасно
2025-06-18 10:23:06,HM-A104,38.86736562843301,37.33000107222623,4.464358104538336,0.0286825148186492,4.149620305403197,246.95142748719547,1013.1781203070506,14.664428183204349,7.715861307337067,869.1352820823147,1.0009353540248098,20.065491587249085,0,11.146987088668508,0,безопасно
2025-06-18 10:23:07,HM-B210,35.65436830359175,36.58661354939767,4.903526760992077,0.0294060728384248,3.7880629903385055,258.5705696522117,1013.0993685117064,12.177516843593162,6.967380052529571,915.3417786733336,1.0204015281956356,18.819658567979985,2,12.7509039447645,0,безопасно
2025-06-18 10:23:08,HM-A104,39.84910522539273,39.31554914309481,4.746930697484095,0.0147845058029,4.856638013475726,252.36899113190336,1012.156208608042,16.754205171145557,7.674294862650234,941.4122655487148,0.9074031064798748,19.802748151684085,2,11.599142198397692,1,опасно
2025-06-18 10:23:09,HM-B210,37.2689477069182,38.20981017299141,5.116921295719143,0.0557292217610873,3.797156291361631,262.956495631158,1013.8863261049208,13.376878407374724,6.636012838788801,951.400234141286,0.9897758952360938,20.711413121450423,1,11.0205092307793,1,потенциально опасно
2025-06-18 10:23:10,HM-A104,36.18025231673232,35.66605258905463,4.763991297669886,0.014551815747272,3.5387107522868466,232.52877830395053,1012.1987655579018,12.080923344659457,6.677685903166042,954.367945963514,0.9791418497037574,18.365432967165688,0,13.27515738333203,1,безопасно
2025-06-18 10:23:11,HM-B210,35.367483736650065,36.57030498234107,5.4668527793153565,0.0424104588724277,3.53041996065113,254.66501081194795,1013.7096683024748,12.382220044751412,7.503209736646285,959.3448140646822,0.9439495360367298,21.350761779401225,0,11.464589236759592,0,безопасно
2025-06-18 10:23:12,HM-A104,35.8487895254377,38.98386466584035,5.222223644064057,0.0306597239401398,4.433473034681397,244.79963125719837,1012.00061946383,14.900974516239884,7.56999234678444,947.7144718294026,0.9393644977585978,23.18005258940945,2,13.827459417079629,0,опасно
2025-06-18 10:23:13,HM-B210,37.59886974278009,33.995187845869346,6.959708472337979,0.0302809695127721,4.492512591076295,246.30925306389543,1013.7645621900908,12.688927603375484,6.459289355980293,864.1342133411301,0.9870037203475456,21.596216011363232,2,12.778399606359718,1,потенциально опасно
2025-06-18 10:23:14,HM-A104,36.68501588215644,33.267947058577775,4.167779050384677,0.0439775918286341,3.966562557585476,278.0458715779031,1012.0394394644086,12.208623964267517,7.945742649643811,954.2958516403444,1.005972845251084,18.50326738360155,1,11.26098746762192,1,потенциально опасно
2025-06-18 10:23:15,HM-B210,39.144416829413046,30.10811083635196,4.426544129162055,0.0133546866314939,3.980016483870595,239.13474063556916,1013.5156240637842,13.898132332063556,6.168980208489658,958.717398516158,0.9049759135552784,21.081047419421708,2,11.653473286016489,0,безопасно
2025-06-18 10:23:16,HM-A104,37.15443761830903,38.26551074191464,4.158477681725808,0.0396852891475717,4.009240872589914,245.56226262892983,1012.7233816226004,15.113805961700944,6.137005926204262,999.021990150044,0.9851102372885556,22.96233225629983,0,12.832533911779532,0,безопасно
2025-06-18 10:23:17,HM-B210,36.24357136293815,38.00980700403365,5.877523584947127,0.0486015892986177,4.520237820138318,255.4946287865436,1013.4764336002728,12.559199024208064,7.1910084305722055,954.0043655051688,0.9255689293419944,18.40667657793133,1,12.01433818414543,0,опасно
2025-06-18 10:23:18,HM-A104,38.08572493302015,31.044545181001517,4.163527832241159,0.0514106378943297,3.587200686540243,273.1513474074812,1012.80349041085,13.566639160756578,7.445481535543243,953.0245593627324,0.9210544097079152,18.41893032808822,0,12.59642915314728,1,потенциально опасно
2025-06-18 10:23:19,HM-B210,38.53388608442723,35.768573811327,6.50931921212837,0.0185265194696887,4.893674529036988,250.8335041603185,1012.1418158446636,14.08880335812271,7.9217722584499475,927.2219935272958,0.9934679232142029,20.59420982226688,1,13.39853613978911,1,опасно
2025-06-18 10:23:20,HM-A104,35.83520953950475,34.63981698166887,5.535815892045783,0.0548709525039086,3.8337815662661696,267.1932640444086,1013.5350133907908,12.797300488933836,6.809891561597723,980.1884362877672,0.946630517582621,19.364747748865963,0,13.377804524712658,0,потенциально опасно
2025-06-18 10:23:21,HM-B210,35.83809608144159,31.187090955091115,5.581022873744601,0.0428073045923721,4.999509807863138,272.8187049107401,1012.1425053706428,14.53036949233355,6.050582817979266,999.5252142941738,0.9661320349702296,24.543465539158944,2,13.093960411949189,1,потенциально опасно
2025-06-18 10:23:22,HM-A104,35.18335713466772,39.80568227060724,5.684783523136582,0.0540927400410341,3.757284040680781,245.5008177910925,1013.8442408719224,12.426070434508857,7.205792678892814,966.8567305296148,0.953999821415966,22.0694052261782,0,13.65816291838996,1,потенциально опасно
2025-06-18 10:23:23,HM-B210,38.6820100753282,32.146958874633555,4.512441118918632,0.0342640358555099,4.657319685968567,249.6375091769355,1012.1019480715834,12.232592481725344,6.579392041197544,941.8750566786712,0.9972504480228784,20.011277795841277,0,11.59808207473369,1,безопасно
2025-06-18 10:23:24,HM-A104,38.31902263810903,30.672341800905613,4.593070909343463,0.03710166725486,3.8351188173944375,247.8278111844178,1012.958650555543,14.599176835775674,6.865894242390804,861.8432240397352,0.9705179649099704,22.933437103804657,1,11.531724465653042,0,безопасно
2025-06-18 10:23:25,HM-B210,37.37315437874907,35.9484737950191,4.956451968619014,0.0559519138514335,3.621270202464881,271.64279043089607,1013.4460688617016,13.239484863754376,6.976938964499871,959.0108697594442,1.044518799305692,20.624503359515305,0,13.398048548760292,0,потенциально опасно
2025-06-18 10:23:26,HM-A104,39.22085224484599,37.38866677133033,5.780489247465554,0.0549954771677335,4.812399986525973,232.21734309768007,1012.786492929584,12.476869039490138,6.129025221476068,956.2842352872924,0.9528574138659698,18.92480951065307,2,11.962668038683448,0,потенциально опасно
2025-06-18 10:23:27,HM-B210,39.028350764750265,30.32443446047187,4.630353327820644,0.0324080436684501,4.788126888786338,245.421054441434,1012.4344669491848,14.11956293743816,6.971963569128206,966.3352221714148,1.0110426510394253,19.660625608905065,1,12.536547239337343,1,потенциально опасно
2025-06-18 10:23:28,HM-A104,37.92677182198376,36.58717638727022,4.348995181399784,0.023720631581784,4.105355588674402,263.97042787975647,1013.518181922792,16.575703697586974,6.8526393336086295,868.6833082599234,0.9385938851374568,22.49923099121563,1,13.231856446158638,1,потенциально опасно
2025-06-18 10:23:29,HM-B210,39.34135640256629,35.32291875951454,6.910350659255297,0.0296585217282132,4.553594213810641,258.2721749782671,1013.5685894095776,15.620962233270774,7.425088530573186,948.0598750189216,0.976312963893922,18.36313274197894,0,12.187797077883044,0,опасно
2025-06-18 10:23:30,HM-A104,36.029206050183845,31.032650088750483,4.065945444428869,0.0293882164264874,4.335598899025876,251.81446796468472,1013.8453899679088,16.07807957673514,7.29133182242469,894.3585857427512,0.9828854627852937,19.90882328033645,1,11.39048690058264,1,безопасно
2025-06-18 10:23:31,HM-B210,35.55959809698864,31.72523876946362,6.408092216008065,0.0243433437491396,4.779434170510623,256.9974113610692,1012.7523302208622,16.359569943793183,6.370431436301122,964.0406865104252,0.94936639215941,19.458180343495226,2,13.038371605361874,0,потенциально опасно
2025-06-18 10:23:32,HM-A104,36.34874805758495,35.679742973160806,6.364105448725066,0.0234289802166483,3.9725839539779817,239.87922929141592,1013.0125034689946,16.863138706982095,6.4122778364207935,886.0560931047199,0.9707670793368944,19.40794577473572,0,13.451478160543871,1,безопасно
2025-06-18 10:23:33,HM-B210,35.28543428044657,32.96357613513288,4.891642341535288,0.0530531468239859,4.285508599998478,251.53583108040053,1012.726256885692,15.816232867570864,6.502012357548747,952.5968015230616,0.941891795684774,22.7793368838318,2,11.038391850742608,1,безопасно
2025-06-18 10:23:34,HM-A104,37.65584764000516,39.38315728651316,4.406879848021941,0.013493096034233,4.228058556806825,255.08514920881743,1012.5141636437028,15.042039609697396,6.357900880594355,894.248942047597,0.9009001172510972,23.780718417280557,0,12.687656348593237,1,безопасно
2025-06-18 10:23:35,HM-B210,39.683028461474805,38.18740229484051,4.43688594011627,0.0438805591049797,4.030858739385288,275.0594560977301,1013.5020659230752,13.827129401511236,7.314426399336934,851.3491439226146,0.9323472452456818,23.01106625644981,0,12.40821527719269,1,потенциально опасно
2025-06-18 10:23:36,HM-A104,35.19671770334255,39.83567206513664,6.092294851711578,0.0186410025728226,4.837182596834558,243.0417581401988,1012.679303690034,12.90821618278858,7.988860358400541,945.0036867959644,1.00500962587398,22.520094710603587,1,11.778788019581873,1,потенциально опасно
2025-06-18 10:23:37,HM-B210,35.61054957005013,32.59670838950414,5.928419773258521,0.0272252946697031,3.748816886993803,273.3914251082466,1012.8562988839848,15.433299369916472,7.304216681031873,866.9903624738383,1.0156444536728066,24.41516240272505,1,11.483085701359784,0,безопасно
2025-06-18 10:23:38,HM-A104,37.260995141417176,39.697236327979766,6.3482370227541605,0.0130771517067418,3.724262959281044,262.2120700412991,1012.807347315248,16.97474993060971,7.213363092382583,948.893720918232,0.942030430070838,18.40874666297008,1,11.564111933873331,0,потенциально опасно
2025-06-18 10:23:39,HM-B210,39.66937508763952,34.31233869791558,6.812443517197314,0.0234986818427731,4.365364302984127,231.01704155338004,1013.4253224512936,14.336793423094594,6.819855866702145,988.8414172535406,0.9612064498227108,19.172381601833685,0,13.174919552674131,1,потенциально опасно
2025-06-18 10:23:40,HM-A104,36.58078052488375,33.47518795313755,6.075782089799776,0.0484210535558621,4.486241344977413,266.2315668449697,1013.8355912522212,15.61839684046404,6.625160517719522,995.3868901316636,0.9056048490207916,20.900847989693723,1,12.60858540243086,0,опасно
2025-06-18 10:23:41,HM-B210,37.53617404344196,30.50349526969353,4.46755460965433,0.0542507662273629,3.791928881486848,231.77759387745277,1013.3335121226148,14.47546224996578,7.822147513812959,885.3884630991419,0.935559435164652,20.607161504527078,2,13.943463144004838,1,потенциально опасно
2025-06-18 10:23:42,HM-A104,35.20786429525196,30.527652578596022,4.7303278502962325,0.0210763575951183,4.086076163381936,279.86905634069063,1012.9431651921884,14.159667116817385,7.938003748284306,971.3879841475982,1.0168828925058448,20.92636122074116,1,11.72969239475646,1,безопасно
2025-06-18 10:23:43,HM-B210,35.74171600481044,36.92011255946655,6.526581192619344,0.033177391962946,4.919845764468116,273.6318343845599,1013.5584102294778,14.051528067799577,6.993552351175456,903.032991530866,0.9908979405397588,19.445184335298944,2,13.87071253036324,1,опасно
2025-06-18 10:23:44,HM-A104,39.93315061479424,34.57928994434028,4.627918227502626,0.0335162023968603,3.869926134036011,244.8671873770023,1013.2819426482442,14.523123414658489,6.580400991013115,985.0685609121972,0.9308655782931556,19.0465232090616,1,12.54532867801512,0,потенциально опасно
2025-06-18 10:23:45,HM-B210,39.825593482180224,32.26521626036106,4.217566950863445,0.0536787652879867,4.502541053176091,242.87056150983528,1012.1212207142356,13.834478309326876,7.540244415339536,968.123435294406,0.9386162992683648,21.564352732205496,0,11.438079132946992,1,потенциально опасно
2025-06-18 10:23:46,HM-A104,35.02469990467205,36.13970306325233,6.109840162126751,0.0481399526437902,4.610224090546386,249.07205410528044,1012.1913271728376,15.74386660910904,6.264913581733757,861.0882574968646,1.022520303448434,24.496367668481557,1,11.44453712809788,1,безопасно
2025-06-18 10:23:47,HM-B210,39.75905892711619,32.528581182501114,5.2075790664704265,0.0356538609184024,4.172193049197739,247.80834826572212,1012.0758338881471,16.371360132957584,7.531176475287364,911.0705490815916,0.9313626304417352,20.74378623644942,2,12.825703971470473,0,опасно
2025-06-18 10:23:48,HM-A104,38.195599689077504,35.77631754344423,6.760120157637711,0.0435373600235886,4.906288980139374,248.61689091926905,1012.9136326524126,16.41442653322592,7.637896748622677,900.5976739014511,0.9501236588770696,18.303472498836697,2,13.494268239895678,1,опасно
2025-06-18 10:23:49,HM-B210,39.33959147260011,33.5920874698269,5.9507652132809845,0.0523677526954683,4.604985102828186,245.913827305974,1013.651706868678,13.13849356712913,6.249807889254335,967.7771531084916,0.9996538037481968,22.94317140022667,1,13.243134575760545,0,потенциально опасно
2025-06-18 10:23:50,HM-A104,37.273699278169296,38.23552226611819,4.271256933374982,0.0104769477012772,4.186886869791347,261.05667034241657,1012.6261663387028,16.479545693657453,7.953722937593127,911.542856597974,0.9841668578562118,20.037734338690225,2,12.9668820279068,0,потенциально опасно
2025-06-18 10:23:51,HM-B210,37.57798014289625,38.20696160766779,6.843569701760982,0.0301445015525024,4.354002802664141,238.2131831860312,1012.768320366185,13.707756159275526,7.971024580776957,952.6882596479626,0.9691305307850722,19.715665051134245,0,11.516324187464717,0,потенциально опасно
2025-06-18 10:23:52,HM-A104,37.4442329012846,34.77350398122401,4.775671790920738,0.0553621583638539,4.538920165137651,272.29906462230065,1013.8189542167356,13.546538327426488,7.8734389586547024,940.365288338566,1.0349611636469618,20.269806004885734,1,11.325020017312816,0,опасно
2025-06-18 10:23:53,HM-B210,38.334321287730525,33.50819109335016,5.011637471218857,0.0470156515421975,4.388285270643827,270.6201242015658,1013.6738068906332,15.63378028699118,6.992069618812529,996.345807864645,0.9329565694072578,23.066708667355133,2,11.000744071125432,0,опасно
2025-06-18 10:23:54,HM-A104,35.69825627378157,33.62559796559095,5.206781241050626,0.0371420687167037,4.818046375739113,253.82416039276356,1013.3300962247652,13.523481700431446,6.492148284553657,990.6677435202422,1.01121298362945,23.731735708092128,1,11.30538158370181,0,безопасно
2025-06-18 10:23:55,HM-B210,35.14986794936339,38.057145256682176,4.15367288921294,0.0364822263517566,4.035332993420601,272.63649826392736,1012.5336075641844,12.26483202804855,7.164018561763826,914.1549272108078,0.9238595760927276,22.116392471372745,1,13.299099822450152,0,потенциально опасно
2025-06-18 10:23:56,HM-A104,36.53964970795595,33.28179482797612,5.489546266691814,0.0273885048802218,3.9498286100837072,242.35725350151463,1012.2340829653768,13.86808886155154,6.839867676942872,958.5367317461724,0.9923600750223218,20.25735127603686,1,13.685745247967112,1,потенциально опасно
2025-06-18 10:23:57,HM-B210,38.52340381368323,32.09059373706846,4.369955473225877,0.0360260266820757,3.820758334242897,230.87827278519836,1012.0321176453602,15.607328001791744,6.411897289434394,974.4190140971832,1.030593534511697,20.173347631820945,1,11.721051376566257,1,потенциально опасно
2025-06-18 10:23:58,HM-A104,36.00926726061474,30.84688341875307,5.202910980065055,0.0427691599731726,3.5566744520968925,260.96039625149115,1012.2140213452088,13.634792101350882,6.847352819235695,984.8328630793218,0.9686852678217208,18.87015844933824,1,13.384682721350256,1,потенциально опасно
2025-06-18 10:23:59,HM-B210,38.36716216662459,34.66693120884408,5.052129363976253,0.0309181519214396,3.564520946570083,252.89547034823576,1012.585192887248,15.147795279975732,7.327779671355181,860.2201395664725,1.0086441760786995,24.533107337646364,0,11.596546296823943,1,безопасно
2025-06-18 10:24:00,HM-A104,39.84956023053636,34.82132098919842,6.31852025027951,0.0457076573196087,4.805082789663924,258.3582273147935,1013.103580127159,15.300597221315652,6.141826621571982,895.3118198910245,1.0230590029498483,22.46697579278174,1,11.747815050074603,1,потенциально опасно
2025-06-18 10:24:01,HM-B210,35.46950357894709,38.40908710402907,6.4095115348981935,0.0530616113630192,4.517589719608861,274.96697045092014,1012.1280001655048,15.66868005863178,6.666836002892033,898.0345061452783,0.9204039637316404,18.18882233899105,0,11.672474283176609,1,опасно
2025-06-18 10:24:02,HM-A104,38.36301059112563,32.21238696446064,4.460238647167264,0.017734242409243,4.490798623154729,278.4962786782972,1012.2724555566368,16.485652331554682,6.03558978002565,915.1668926829818,1.0058740342923165,22.63656966630677,1,11.155189727147514,1,безопасно
2025-06-18 10:24:03,HM-B210,37.21875109652286,33.809912736684,5.099653562137679,0.0325773511408712,4.421964228402329,261.72265698778017,1012.362161404616,14.162822496342155,7.498991010923351,875.3897126073128,1.0379761535983014,21.130073969354555,2,11.582183804300495,1,потенциально опасно
2025-06-18 10:24:04,HM-A104,39.34071127188753,38.08405738893691,5.120059483095496,0.030401004564254,4.773828717041157,268.2027794926219,1013.2639641859666,12.832160383312283,7.281382535233401,924.4308819925012,0.9864555914783316,24.80790574132844,1,12.120630033821929,0,потенциально опасно
2025-06-18 10:24:05,HM-B210,35.88574894723693,38.23623610748973,4.454231331808256,0.0443732402024864,4.220400388498441,234.19042167435825,1013.2315795979604,13.594628577159448,6.125344269403932,949.4821490947684,0.9279183366793134,23.733481773644847,1,12.216409146164873,1,безопасно
2025-06-18 10:24:06,HM-A104,38.46312976113082,33.846110759787685,6.395360515153572,0.0224933732628964,4.80561624283745,238.03577924457528,1013.1015314527444,14.16083627586993,7.929475119203936,924.6045880325076,0.9190413797383414,19.199210276829582,2,11.928399241679488,1,опасно
2025-06-18 10:24:07,HM-B210,39.19057644824055,34.59124023286681,6.12168498500627,0.0420125457476138,4.039167539273359,266.66024024764886,1012.501002849392,15.569457346640563,6.045243114254202,949.8689642796425,0.9389602995700124,23.040777832124064,0,12.5441758569316,0,потенциально опасно
2025-06-18 10:24:08,HM-A104,39.72307109737012,33.03285890849283,4.571145358891104,0.0538744620865744,4.890061256508636,251.5682728194001,1012.7422393824374,12.065610627808168,7.179921292952177,859.9662447726851,0.9155269903525024,21.39896202684685,0,12.133994697499473,0,потенциально опасно
2025-06-18 10:24:09,HM-B210,38.41624014144823,39.32554878419312,5.100165725781397,0.0309065799896811,4.54798547012186,252.29826352022027,1012.1933794326754,13.578926917199396,7.552734923598112,981.3980997561116,0.9770091107377572,19.309316145689497,0,13.911093938522257,0,опасно
2025-06-18 10:24:10,HM-A104,37.48587382004214,31.1864376574158,4.317415074569543,0.055550784998961,3.8857657040366407,245.43038408177185,1012.452921207516,15.899212905096585,7.575792626089446,990.8603788151604,0.9104557024060104,22.89117935130965,0,13.422051362993797,1,потенциально опасно
2025-06-18 10:24:11,HM-B210,38.08923620100607,39.3374942300147,5.884619791279132,0.0596581869466739,4.346127382532938,260.3678191738872,1013.7954104529452,15.354288516653476,6.068570271186408,942.6861136177972,0.933510693695434,21.83171305085972,2,13.792932037828766,0,опасно
2025-06-18 10:24:12,HM-A104,39.34452492239359,36.83866451835343,4.364115773645859,0.0153046024973976,4.299545842232384,239.2582522708101,1013.9593834928716,15.658699867928023,7.812830265280878,982.2086497955344,0.965986566586832,18.212617151400995,0,12.672280838638107,0,опасно
2025-06-18 10:24:13,HM-B210,37.85304873319415,35.315721526867314,6.957802505874753,0.0216526593992429,3.706848232595501,261.3458139656948,1013.2953191712804,16.059053847195973,7.836903343854244,869.7169024972319,0.9710872125603032,22.52611565370178,0,13.035018886163922,0,потенциально опасно
2025-06-18 10:24:14,HM-A104,35.15193529848418,30.32659060784496,6.342046224063587,0.0575189875741046,4.386864358625921,238.689942856762,1013.8336465840468,15.916178594389812,7.122780746308745,969.6173380114466,0.9848097727720448,22.444909629037085,0,11.500029125303584,0,безопасно
2025-06-18 10:24:15,HM-B210,39.654743477534886,34.75596191822008,5.170715648751985,0.0579163843240693,3.972178435575437,233.19130173548567,1013.2854838008028,15.41091583076389,6.964166397774292,867.8722290208891,1.005842244412609,19.00859612736024,0,13.258357271711397,1,потенциально опасно
2025-06-18 10:24:16,HM-A104,38.4476337551578,34.07748105002732,5.735691796838063,0.0148853637693379,3.578523150214404,246.51788443495303,1012.0663929722108,14.198307661852953,6.0897349261252,911.2015347246304,0.9070842959498202,20.44291408897685,0,11.70791333349582,0,безопасно
2025-06-18 10:24:17,HM-B210,38.38256692888624,31.612188119751224,6.734025448649226,0.0107499250188568,4.922984236559847,241.5570171004924,1013.9935251699728,16.91799164439077,7.123908285019738,898.5727801837412,0.9120931428263676,22.10129279525728,1,11.437498783202528,1,опасно
2025-06-18 10:24:18,HM-A104,36.07837576198859,36.56409603500657,5.662297841187479,0.0180550011628211,4.462235553596432,274.4495819278166,1012.1979046033732,14.845365977950369,6.818758163540462,937.8387737830682,0.9091288727707172,18.97148109874711,1,11.125578046217484,0,опасно
2025-06-18 10:24:19,HM-B210,38.294427351163286,39.71150907368286,4.523495459193866,0.0598006391691124,4.815378397806271,232.74767269343133,1013.36528360289,13.013846046844195,7.545612814817312,895.22718028593,0.9634725473197364,23.969063644843292,0,12.416690748805896,0,безопасно
2025-06-18 10:24:20,HM-A104,36.9693220282708,35.62188811064525,5.136110066743478,0.0189999808305343,4.51408400751988,238.8306846287061,1012.5056724061496,13.464064275523922,6.807767133772176,945.59704445007,0.90627719173244,18.192402324013926,2,11.860367778888053,0,потенциально опасно
2025-06-18 10:24:21,HM-B210,38.25616488520746,37.14753276443946,6.529434595089237,0.0351273803361011,4.03547553821017,257.4359802791525,1012.783962225814,15.46781227985235,7.3671616666494195,905.1080933727936,1.011912190024699,18.71986190478549,2,13.960181517908566,1,опасно
2025-06-18 10:24:22,HM-A104,35.532965151539955,30.684504525660167,5.932639047968854,0.0524208863215255,4.269032108493217,254.05335954237367,1013.2918683696018,16.62369782599732,6.202816292475061,979.1185571545695,0.9334500271557716,18.812748438984187,1,11.74950290604744,0,потенциально опасно
2025-06-18 10:24:23,HM-B210,38.28922652301518,34.176669958169946,5.952173153001401,0.0110200805344103,4.513620140520766,232.29260091873508,1012.8729746986154,12.893600646029489,6.265904541531934,945.0825760329416,1.0408818739934935,21.696749881825387,2,13.599629840955965,1,потенциально опасно
2025-06-18 10:24:24,HM-A104,39.99706862885333,31.16358485164496,6.600464457065467,0.0402244491129229,4.940378487802157,230.36262140075723,1012.5010921178624,12.411732478728933,6.2794203812983165,882.2947445982169,0.9729605632645668,22.340798085180374,1,11.949316307393984,0,безопасно
2025-06-18 10:24:25,HM-B210,35.24106019430278,36.1279583553651,6.681919172387514,0.0238512724434812,3.880504188682545,279.4033970980575,1012.6688923737566,16.40765524021003,6.091050999599487,900.4194133042131,0.9669488628663304,20.826185575510404,0,13.247380556937236,1,безопасно
2025-06-18 10:24:26,HM-A104,39.88587092110659,39.38482158214155,6.759377715338308,0.0531167458219865,4.812465587936177,262.94173501794194,1012.6830962338464,16.576389894564173,7.082657718539608,977.1131331439984,1.0170808038959251,20.020667793677163,0,12.979523930209115,1,опасно
2025-06-18 10:24:27,HM-B210,37.03453980361435,36.61777732471639,4.284547579759469,0.0241730574632039,4.8861167079414045,248.27030654507783,1013.9186478090164,13.381896726579498,7.587935452087272,907.9719624981188,1.0069730975839488,23.6652216293789,2,12.685350663985046,0,потенциально опасно
2025-06-18 10:24:28,HM-A104,39.35376725168629,30.768030483144216,5.632378005889303,0.0443377860140954,4.505623271988435,253.52161238316205,1013.597226031847,13.8864286218562,7.220822407387332,930.3698598348468,0.9910963561422216,18.47800188608494,2,12.250474830362304,0,опасно
2025-06-18 10:24:29,HM-B210,38.91192742029137,33.54666204985083,6.221528563654956,0.0437109816223698,4.896899941102006,243.32750602271437,1012.9170975429588,15.300939987489292,7.149909771105713,947.34129039285,1.0402720059375556,19.962043027929543,2,13.01331503853378,0,опасно
2025-06-18 10:24:30,HM-A104,37.83508130493334,35.506633794408515,6.270780535381041,0.021074677442982,4.096817881216053,247.2436891846605,1012.3996418406828,13.649650104212371,7.361247856805473,902.1714474378877,0.9633388891480617,18.273809051627797,0,12.221835050650576,1,потенциально опасно
2025-06-18 10:24:31,HM-B210,38.69224604625664,34.03207756133252,5.820148605910012,0.0117399599934175,4.929524264060664,262.45222336341067,1013.6220322205252,16.385793541350264,6.67929064614403,894.0967946137102,1.021279751365843,18.09723094476388,0,12.64430070298196,0,опасно
2025-06-18 10:24:32,HM-A104,39.392577806506736,38.33644010475172,4.500362005551023,0.0304624786892698,4.554174315748963,274.1405899433685,1012.3143649432168,12.537893513569314,6.723908143296458,921.2882353912044,0.9570139418618728,20.473659208525408,2,12.769405210507909,1,опасно
2025-06-18 10:24:33,HM-B210,37.020701608255166,38.14671004709989,6.392261661824993,0.0244596575982934,3.563008651128218,239.20650115405925,1012.420924434284,12.189911104800975,6.628540196441845,882.2321458139184,1.0257518511444157,19.363765637114525,2,11.802065660111372,1,безопасно
2025-06-18 10:24:34,HM-A104,36.63516580781619,36.118310201032216,6.160334000544838,0.0504488874806854,4.860309247728579,272.0180752692659,1012.7320267836805,13.042431033713948,7.424217865707151,892.6315880378595,0.9389211943448952,19.878560983867725,2,12.01920943191617,1,опасно
2025-06-18 10:24:35,HM-B210,38.33796692781792,33.73457945132705,4.258407314647108,0.0500182094227672,4.226709213549789,236.07783147591343,1013.760696391704,13.430438891024846,6.323280671341548,859.3117726048054,0.9433900609254048,23.746630102184778,2,11.05415019067341,1,безопасно
2025-06-18 10:24:36,HM-A104,39.03922970970629,32.55336373763244,5.391429474023129,0.0328511976096312,4.190490477166749,240.7496111794196,1012.2635733372682,12.564632956444376,6.0260505606258485,895.5955413956508,1.001680430102618,19.140860673744548,1,13.556476980184351,1,потенциально опасно
2025-06-18 10:24:37,HM-B210,38.81142567388308,31.05874318213129,4.521932198565411,0.0403256112661609,4.349699908969452,231.8587644024823,1012.2444683857092,12.328452146703231,7.192392893444985,898.1056140045354,0.9319069942427696,23.46163357006261,2,13.267949432901904,1,потенциально опасно
2025-06-18 10:24:38,HM-A104,38.98906824429317,33.54897683486554,5.012431137138916,0.0402129757993462,3.7240768201568417,237.04059310465,1012.9879499766104,15.778038567508991,7.884762729468411,994.274974943698,0.9343731280538145,22.725354362024547,2,11.550591359908768,1,потенциально опасно
2025-06-18 10:24:39,HM-B210,37.17791657406467,34.1317251720772,4.054243276617056,0.0513579074213811,4.203749072851098,275.8651572732025,1012.5528210821874,12.821382829511286,7.218815833992609,938.459323819882,0.9457893643526124,20.285118675985828,1,12.086145350025676,0,потенциально опасно
2025-06-18 10:24:40,HM-A104,39.089171080875104,36.75822925104074,5.200989605232275,0.0312501207061598,4.746690825076619,252.97193733091893,1013.1374558832964,16.56961099533152,7.56584330588179,968.1073638123707,1.0018393154490564,21.825893016234016,1,12.263208449027086,0,опасно
2025-06-18 10:24:41,HM-B210,35.60104527685304,36.58159824297574,5.649630763468632,0.0237723339895254,3.523223688706273,233.88329308891767,1012.9032733693664,13.83999830724048,7.34558141893206,856.8065879170483,1.0334082138634848,21.111049268421773,1,12.003136076000263,1,безопасно
2025-06-18 10:24:42,HM-A104,37.72244548980425,30.70108139641257,5.858747778481261,0.0232517459070273,3.909375740486557,277.9863419019481,1012.8699182127024,15.353029048606729,6.994873307046032,865.9805040412558,1.001185147669048,18.898767208483655,1,13.39472841981827,0,потенциально опасно
2025-06-18 10:24:43,HM-B210,35.028793302490605,33.95259315431158,5.990471035386131,0.0368096139641102,3.5036818796657663,273.9496153879325,1012.223945940974,13.127010573844,7.436784803567692,972.1805441293887,1.0241721366516188,24.350297252139228,2,13.176262118346456,0,потенциально опасно
2025-06-18 10:24:44,HM-A104,36.62292914950135,31.81778867217362,6.50887393930738,0.0324574101366106,4.123566963724772,267.73412604340706,1012.2820993804996,13.201613842459334,7.648208247710444,943.5324324126452,0.9815340884541705,21.98732577310032,0,13.301476190423584,1,потенциально опасно
2025-06-18 10:24:45,HM-B210,36.83230767435699,31.568127053168052,4.64638872182719,0.0320060385492468,4.592473265740602,276.67363959737787,1013.6421571548937,14.873546014337876,6.449463288343396,878.6473045810304,0.9103384832017718,24.161680320568184,0,13.71239015280306,0,потенциально опасно
2025-06-18 10:24:46,HM-A104,36.98086345804628,38.27302149737246,4.361445467315404,0.0145568669544853,4.698157743671943,241.00647104178825,1013.7717654751436,14.80321462572993,6.672260960966291,910.7193108792608,0.9150699317262752,23.766785582693032,0,12.78545376770114,1,безопасно
2025-06-18 10:24:47,HM-B210,38.47733603344931,30.419152167162576,6.554611515693777,0.0459301870345097,4.91778464169051,271.8184646505043,1012.4693670657704,15.843646140060407,6.447451465006568,930.8008749972436,0.9831587967550374,18.558431477165964,0,12.843602987084164,1,опасно
2025-06-18 10:24:48,HM-A104,36.94279050635173,34.19182875902121,4.46983844467795,0.0206868343990955,4.41275691945618,264.4995598177153,1012.2269210030496,15.78906652847133,6.904345911180882,976.5414743706162,0.9491701452963164,19.45089466212917,0,13.1658023589417,0,потенциально опасно
2025-06-18 10:24:49,HM-B210,37.243468113112655,31.68203655766518,6.924280244008585,0.019847681510436,3.8819402999793433,273.4879624783844,1012.106833343869,15.353438823318308,7.770129101833335,859.0617987541741,0.9330852110455414,19.016827800623812,0,13.043697783952032,1,потенциально опасно
2025-06-18 10:24:50,HM-A104,36.18772065437164,38.79330215678474,6.527614688195911,0.0306379160138696,4.886221923705048,269.8455782871315,1013.2165952274838,14.245652829467454,6.690414201670665,939.5083434051044,0.9699385390953932,23.815456729508437,1,13.609439055196884,1,потенциально опасно
2025-06-18 10:24:51,HM-B210,36.8662589581467,35.57040513275035,5.502629817668797,0.02138891708089,4.662973630820565,247.32475315884125,1013.4307064250004,16.453201931403086,6.748933778261106,957.5553882380026,0.9999745111356452,24.03712638518641,1,13.310594617533637,0,потенциально опасно
2025-06-18 10:24:52,HM-A104,36.13634813631576,32.31380636376848,6.944264274766075,0.0391929133654007,4.3616427245047165,268.71992685086275,1012.7456199784064,15.112892451106491,7.720734469343863,996.6837786865688,0.9577487921603788,21.69580056865856,0,11.361375849436426,0,потенциально опасно
2025-06-18 10:24:53,HM-B210,35.36597961884222,35.02427287166376,4.2921301873240125,0.0285731669667235,4.543460323578404,243.1228151492445,1013.3593517349811,16.950992452311787,7.03074866148935,971.0740117438276,1.0203813385736014,18.72924650755605,2,13.78507584634336,1,опасно
2025-06-18 10:24:54,HM-A104,38.01724296690689,37.31486359703116,4.909197283525305,0.0324455861296395,4.886474532511144,246.42960815140276,1013.4259176311192,16.096849089671792,7.070897999294869,891.434097034791,1.010778486985709,18.949316329801118,2,13.049297870903608,0,опасно
2025-06-18 10:24:55,HM-B210,38.34106399277509,39.58118008919433,5.9146732451218345,0.0368584660802014,4.568591042709382,235.3952858611488,1013.8706845627938,12.22154905619163,7.7216024066644255,956.4368790817398,1.010237232323935,23.69484168706787,0,11.38143777747906,1,потенциально опасно
2025-06-18 10:24:56,HM-A104,38.09745173004807,32.20446004245419,5.050020605419537,0.0201767761240902,4.052561761377101,276.75383079902343,1012.1297472756702,13.602969535401588,6.981053474050946,964.4916827390466,1.0477784534516084,24.504330955705317,2,13.3159212071478,0,опасно
2025-06-18 10:24:57,HM-B210,37.317470219002864,38.86181772129345,6.785117655942376,0.0177875811432764,4.569542303433645,244.55016817001408,1012.3845834464622,14.859378582354758,7.36311506925879,959.4603249877592,0.9442844966057452,19.3963297957746,1,12.075237589217616,0,опасно
2025-06-18 10:24:58,HM-A104,36.89892890089615,39.3430411416749,4.196878264533453,0.0540210951436802,3.560417244103082,256.0311232585726,1012.137051975194,15.607347689357436,6.171289331748121,973.0216101927804,0.9967088379511344,18.07796303530521,1,13.417933736109507,0,опасно
2025-06-18 10:24:59,HM-B210,39.31666824785913,39.16420544532066,5.6482354961828936,0.031686185141571,4.079623342745872,249.5666418233096,1013.7359878666722,14.751682488809708,6.357263426253771,985.5594964320456,1.028321751024047,20.316670336055445,2,13.866217828970653,1,опасно
2025-06-18 10:25:00,HM-A104,37.59540892568109,36.3541435686191,5.772598802185343,0.0306046804816269,4.109484547768369,277.9964060291751,1013.5851743200672,15.93065211231091,6.808752401432491,864.7644803484011,0.9869286650870868,18.213495727535168,0,11.765726108326788,0,потенциально опасно
2025-06-18 10:25:01,HM-B210,37.39590938814865,36.298206544347074,5.958184371331672,0.011780607513642,3.750257351631252,246.7524585469241,1013.1492841412436,13.413278263786722,6.98967813563975,865.7145786521678,1.0184253264173089,23.795824412546267,1,13.572233138254727,1,безопасно
2025-06-18 10:25:02,HM-A104,35.12821032903218,34.03210633183823,4.766998669995443,0.0348988151293696,3.534628220827656,268.92729107113445,1012.1673268201024,12.919560256164123,7.931467402472458,969.4599983155967,0.9621678278759868,21.44058580058376,2,13.320684110431817,1,потенциально опасно
2025-06-18 10:25:03,HM-B210,36.70623913813078,37.52397882303788,5.0936992825595935,0.03770848608055,3.7000718549566143,272.770807731559,1012.5466247173074,12.26958341894885,7.94130326609558,887.8558714782206,0.9885737018482208,22.49302545134114,2,13.013554700601402,1,потенциально опасно
2025-06-18 10:25:04,HM-A104,36.90097809392928,35.31294018350932,6.531041588994933,0.0379420435477333,4.481932243695582,251.7803248740483,1012.5954396961172,14.866568722857613,7.702394174957523,858.7812132925117,0.9083499589206492,20.8803941329558,1,12.15476163368274,0,потенциально опасно
2025-06-18 10:25:05,HM-B210,36.9941139044845,36.77438071228295,4.584828306910479,0.0453515584661442,4.703433224545531,248.90859072264652,1013.1214863920308,15.442997603377476,6.631197670571149,910.1843771470908,1.047865140873722,20.41855282908737,1,11.32958628633338,0,потенциально опасно
2025-06-18 10:25:06,HM-A104,37.90086184613666,34.284579038487955,6.480603541520086,0.0188740917495505,4.982305239090461,267.3872910466314,1012.5160877880734,13.630748585596807,7.92805658166488,972.9815367739116,1.0200027722172629,19.555402891532594,0,12.45169048375978,1,опасно
2025-06-18 10:25:07,HM-B210,37.66801273363439,37.31496464043139,5.687966268708227,0.0226111567115309,4.0195452546627415,275.6447990153117,1012.145919727826,15.067920924279385,7.378681729352425,868.984753572097,1.0303213607447177,23.39372782926702,2,11.316999889332472,1,потенциально опасно
2025-06-18 10:25:08,HM-A104,38.03952546396722,38.24471517604549,6.286562533582247,0.0505365232615206,4.399068833391652,267.7465866536119,1013.4615246037066,12.260786154266649,6.785880255634801,950.77629577067,1.0041441417214418,22.868833090908705,0,12.500441680634976,0,потенциально опасно
2025-06-18 10:25:09,HM-B210,38.82441630771064,31.46436256602816,6.140822098790414,0.0573585308421697,4.905717450222683,241.35631827959327,1012.5981604233108,12.496466731484018,7.403349833969533,850.5423792657351,0.9279075049213048,20.525102891472603,1,13.46087981232671,0,потенциально опасно
2025-06-18 10:25:10,HM-A104,39.06492869358047,38.32929715574228,4.622534486154637,0.016796637368366,3.750562672007229,274.4153873718853,1012.9047483540464,15.508773861292491,6.033045459573053,866.4606170818674,0.9046542663627049,20.24781294009428,2,13.992914403202889,0,потенциально опасно
2025-06-18 10:25:11,HM-B210,38.59061538113247,35.402965317903075,5.706438209301618,0.0348824777252609,4.576468379514115,249.3790833718417,1012.2553332699646,13.840348526086494,6.292309364548427,902.6275518652732,1.029698491160402,18.008700150540754,1,11.594026134479329,0,потенциально опасно
2025-06-18 10:25:12,HM-A104,39.777618479774674,38.44665909090224,6.603169458415277,0.0207088126369793,4.632468099723745,258.8114705888967,1013.6050966067892,15.356670155515028,7.659371423112735,862.5403421536621,0.9594495980604184,18.44486491031831,1,11.623574127041069,1,опасно
2025-06-18 10:25:13,HM-B210,35.09116291338181,34.31301706341014,5.296348710405788,0.0130036584177491,3.633463303804008,271.57178096463554,1013.131063753848,16.15860560139959,7.2911472737463425,976.8852501155668,0.939579731405988,22.36278867424844,1,13.432649995757208,1,потенциально опасно
2025-06-18 10:25:14,HM-A104,35.97888992841773,33.79040485383035,6.899772310669951,0.0262751669063067,4.791874077774597,239.41973837002465,1013.8031712524196,16.263112187380585,6.728389402583768,979.6105754718204,0.9842509438258416,21.60225117164823,0,12.40717589689163,0,потенциально опасно
2025-06-18 10:25:15,HM-B210,35.03781437489071,39.150607325172224,5.356645300305154,0.0171843812592106,4.719657570666266,269.2255067838777,1012.9909431261308,12.860838227322256,7.001333280445437,963.3356054649288,0.963134778371358,21.04362243139516,1,13.747413788095646,1,потенциально опасно
2025-06-18 10:25:16,HM-A104,38.237373570773016,32.511692675484014,4.428356910003654,0.0454966536717123,3.550104509866152,259.8081398955339,1013.8828513436356,14.431427861756733,7.810284299291534,886.3719447093426,0.9977498993531336,23.79251568561161,0,13.306988712743642,0,безопасно
2025-06-18 10:25:17,HM-B210,39.490152744749935,38.44212325286144,5.16830404023302,0.0366862706835722,3.636626622320077,274.6670820913804,1013.7837364087628,15.669633618162432,7.263156218958173,928.487061285997,0.9725689849581772,21.527287430819925,1,13.209283294190575,0,опасно
2025-06-18 10:25:18,HM-A104,36.217411482881495,34.84020572509404,6.855107219171611,0.0171917235495155,3.5736903408377785,238.59852009217715,1013.1529197129184,15.869902981334551,6.796298567868661,877.6282788285057,1.0045849710660406,20.69145506985124,1,11.30586112596397,0,безопасно
2025-06-18 10:25:19,HM-B210,39.63517272398153,35.1409544255126,4.959162548019563,0.0104620794202757,4.002115297699043,251.0341118520464,1013.8677868762998,15.923379903644388,6.24065331479507,892.1917675109667,1.0280134904263716,19.12879443267489,2,11.10762669552227,0,потенциально опасно
2025-06-18 10:25:20,HM-A104,35.3013369514478,33.08468281489484,6.604294479601188,0.0504078524512106,4.263933486019889,271.6421546433419,1012.6461774945892,13.140836671902925,6.587493603251122,927.4007938260688,0.9293335516433684,23.744816057502334,1,11.950288458979584,1,потенциально опасно
2025-06-18 10:25:21,HM-B210,39.67218013402757,35.73042200619015,6.6437520450456695,0.0188097203082123,4.298521591931944,230.961585172838,1012.7312843254084,12.962674088618868,7.956680465593166,960.2520712691196,0.9494149320848232,22.033737750848317,2,11.65189508254686,1,потенциально опасно
2025-06-18 10:25:22,HM-A104,36.75811343619817,33.252111962762115,5.050559572995883,0.0403108321110382,3.901500139654164,235.61006833828213,1012.090955902612,14.95006234136848,6.874726125703555,864.1981570590459,0.9655223379855958,18.6472197614593,2,13.13692665778554,1,потенциально опасно
2025-06-18 10:25:23,HM-B210,35.507104142246085,30.392694142416524,4.249772974151896,0.0268460956538372,4.867395329840411,279.52826063783675,1013.1784018135276,15.705428988691098,6.943678927689722,894.504504644213,1.0443087672041458,22.54228878597953,0,12.352201172498152,0,безопасно
2025-06-18 10:25:24,HM-A104,37.42935879593163,32.71998605344356,6.173673727476455,0.0392742969157517,4.05239418480787,244.01970892951752,1013.4438479398578,13.595697577670968,6.99719606479403,988.9932022857884,0.9548000420321228,20.97549521841887,2,12.569439123886756,1,потенциально опасно
2025-06-18 10:25:25,HM-B210,36.28388283860254,30.063790434065908,4.934536897041959,0.0257826813491162,3.5683252339480287,278.77715968619765,1013.5470383804842,12.523525784312108,7.768208045896422,914.3684976672832,0.9571649774388944,23.67970356511597,2,13.441224448615696,0,безопасно
2025-06-18 10:25:26,HM-A104,36.424364509809614,39.78354787056857,6.348770842772717,0.0143469780346127,3.95034066731208,239.1265775504337,1012.2996325720922,15.583731914550388,7.2078565687706195,990.8304510863971,0.9980208784439342,24.432402178971973,1,12.43551404529713,1,потенциально опасно
2025-06-18 10:25:27,HM-B210,36.53644982463143,39.65747209819747,5.327964544781299,0.0211475004278876,4.2966641338162335,248.0547221503668,1012.888318144625,13.498489156900025,7.387354072903844,998.7100812328204,0.9628799564834924,22.203260692233723,1,12.634778962416195,0,потенциально опасно
2025-06-18 10:25:28,HM-A104,39.015129489163314,33.95155297472305,5.455800227027865,0.0194029283239537,4.112332733882348,267.6434722251785,1012.3537264241878,12.83181362155861,6.778827085098208,928.9989739167124,1.042683561845941,23.121289735193564,0,13.526960799224067,1,потенциально опасно
2025-06-18 10:25:29,HM-B210,37.69580638337627,37.28370854339646,6.333728220245611,0.0314009676219821,3.9107637786488887,262.8889203619089,1013.3242546977084,12.73861764198566,6.058175237177949,893.2066014677276,1.0341703140713163,18.39613593321516,2,12.29400742792254,0,потенциально опасно
2025-06-18 10:25:30,HM-A104,36.55653849578002,33.45806098410425,5.147089993184884,0.0429141891713078,3.696984874646476,259.0561199964528,1012.3158927448436,13.574547737633582,7.861945828485688,968.6165212858868,0.977011316666351,21.9217881850081,2,11.249380123740798,1,потенциально опасно
2025-06-18 10:25:31,HM-B210,38.05166891655459,36.71093157085976,5.329382035968743,0.0231903037473178,4.728746750144344,256.4949587902504,1013.8083273679122,14.963390329568728,7.898255361832813,873.8966103287522,0.9967162850921776,23.28737984848832,0,12.565115628778948,1,потенциально опасно
2025-06-18 10:25:32,HM-A104,38.58075337111597,38.05430043045979,5.1285714063088665,0.0106034967650308,4.994217863186288,272.172022183237,1012.4612692913228,13.792011193469085,7.8983061066961024,887.8070289508106,0.9087045842825432,21.477335046346727,1,12.738085052698542,1,опасно
2025-06-18 10:25:33,HM-B210,36.36312000366767,39.46756244692241,5.10202154583184,0.0359468682132378,3.994313200285823,241.74742814166964,1012.5828045325763,12.103309257967158,7.887374173293433,967.7319864248924,1.00435957920486,22.15485062653036,2,12.53539041293898,1,потенциально опасно
2025-06-18 10:25:34,HM-A104,37.06774550762676,34.00212275849672,5.577839730704378,0.0402879744679486,4.072431566264906,252.1235463496759,1013.701812644302,12.484542173389055,7.630483882139122,915.0468887098044,1.0060801309423548,24.29263729906731,0,11.774148551654353,1,безопасно
2025-06-18 10:25:35,HM-B210,35.609430466684735,37.83297982956048,6.426398333503452,0.0581435247000904,4.427056287015436,237.77261460782287,1012.9169352202914,13.452516235993096,7.369192100232654,880.23069054815,0.9538798943464812,19.3866970042184,1,11.671070204756385,1,потенциально опасно
2025-06-18 10:25:36,HM-A104,35.905746747673405,32.659284506321185,5.085304935767698,0.0394735401546623,4.577662212103312,259.7970797865352,1012.0479918916002,15.298522410735458,7.689019836534571,947.6688617428488,0.9329524325437908,18.687725552863384,0,12.109269115795524,1,опасно
2025-06-18 10:25:37,HM-B210,38.40558926982492,39.90332303793648,5.57276416161321,0.033558627968907,4.088044302205387,242.527221213566,1012.9891725024052,12.492575367342669,7.201092478002073,959.9142792072524,1.0372617602725525,22.834505291976505,0,11.49868621551104,0,безопасно
2025-06-18 10:25:38,HM-A104,35.90719173847813,30.257695987643512,6.012181976327803,0.0386700812948851,4.857394275472723,246.6921032171693,1012.1690866707604,14.80328426750341,6.268739227784048,868.7606859175853,0.9640057351207691,23.75994233865711,2,12.998071037821504,0,безопасно
2025-06-18 10:25:39,HM-B210,37.6258169183353,36.03528806501121,4.808318338910965,0.0563950314931013,4.340005983843378,253.5625358311764,1013.9706894373746,12.59942935412002,6.782436330082842,891.5470389962401,0.9980559157202566,23.953431320077947,1,12.844024703838931,0,потенциально опасно
2025-06-18 10:25:40,HM-A104,38.545231308612166,36.59505981651327,4.832568414707177,0.0514189072800823,4.1755851146088965,231.3385292851564,1013.1762231409112,13.058076636746907,7.942589823945875,883.191513305835,0.9049993192464384,22.491511479638543,2,12.897186847036352,1,потенциально опасно
2025-06-18 10:25:41,HM-B210,35.53438461547372,36.88045557074129,6.800239381070364,0.0261489366681903,4.470009129739857,234.59689679604188,1012.513065235222,12.860942637778814,6.702275627191312,906.9781943143678,0.9621100749865256,23.832493927195625,2,11.674392479419824,1,безопасно
2025-06-18 10:25:42,HM-A104,37.836561098144514,31.20387578789089,6.170603719993266,0.0218627181828568,4.929205772373759,264.29646103541097,1013.1274353590952,12.336143177854051,7.735655827462739,964.5167343364096,1.022588821652082,22.904649440063032,1,11.739587042611651,0,потенциально опасно
2025-06-18 10:25:43,HM-B210,36.28281391850682,39.3852978347313,5.731560028669927,0.0231316806183036,4.691828441632558,251.44849903587536,1012.1537342067636,15.35664908693295,6.186422941549739,957.0562153411486,0.9581364000601073,18.61163841134753,1,13.362170777356251,1,опасно
2025-06-18 10:25:44,HM-A104,39.8146343761879,31.811832790500823,5.943160163261836,0.0352210519857606,3.560019695802686,273.2395110999948,1013.5997826085376,14.317017736930172,6.668367684750939,949.3785865575556,0.9904741740205316,23.33430455519492,1,13.070335317675546,0,потенциально опасно
2025-06-18 10:25:45,HM-B210,37.417728233599625,36.22753403239841,4.087898329310255,0.0472024725614288,3.99846486610994,264.73360018220995,1013.8506561077284,16.15526720448669,6.70190664945476,850.9428318802887,0.931478370072681,19.25551782685231,2,13.625539547502624,1,опасно
2025-06-18 10:25:46,HM-A104,39.02996274887579,32.22676079123085,5.85430889668509,0.0351609603591481,4.205817027426834,230.4050470823661,1013.7488887764124,12.494454199911583,6.10320508621796,871.3214970070584,0.962478847325934,19.65626539813681,1,12.210517153330386,0,безопасно
2025-06-18 10:25:47,HM-B210,37.751132710781306,33.07216417021271,5.528526619672606,0.0133898197914056,3.971776358313658,260.8356165383568,1012.6835152045973,12.72366466669036,6.23818866037351,883.49463236531,1.039145657707978,20.76255438899065,1,12.64198349629326,1,безопасно
2025-06-18 10:25:48,HM-A104,35.217062664274096,35.46458541728124,5.637249039338308,0.046179035021999,4.550281341245685,234.68624330298584,1012.6515362392868,13.532288656752254,6.386330422243542,890.7933769058275,0.9849677624551556,20.20196946428436,1,13.21633311779124,1,безопасно
2025-06-18 10:25:49,HM-B210,38.16575687797011,34.17193418564577,5.078271480492451,0.0502985064335476,4.739403724793871,269.0466589895247,1012.0701752224326,15.82932993469404,7.675631181620226,871.963981247335,1.0352897188639398,20.251562168120383,0,13.92246490709767,1,опасно
2025-06-18 10:25:50,HM-A104,39.75701671103329,31.602256009765064,4.2444216931388254,0.0244748932559859,4.597017642777908,279.5753844139251,1013.302800717402,13.528794115778494,6.126803979879613,911.5473327210834,1.0353028949234315,19.18481666942832,1,13.968895438537087,1,потенциально опасно
2025-06-18 10:25:51,HM-B210,38.00805910073166,31.709364024208483,4.580017700836157,0.0432062869641675,4.983999930242413,256.5599397120756,1013.0698095683796,14.042093537493464,6.597401802688775,861.2770877521039,1.041622170063672,20.05709732976681,2,13.99752623743484,1,потенциально опасно
2025-06-18 10:25:52,HM-A104,39.095944297133954,34.181447881628,6.852234139638015,0.0313295950527196,3.908821471839544,264.13897500970654,1012.9186927426548,13.508017831485825,6.020350005178536,962.5033285581673,1.0343087490120155,18.13763812983117,0,13.67157944919442,1,потенциально опасно
2025-06-18 10:25:53,HM-B210,39.42103231674204,37.57282978275501,5.226098686812802,0.0544559677863721,4.812484242536632,241.8657080447376,1013.8152619066694,12.40112145900515,7.391255490806049,968.1581180944156,0.9004921693515451,21.31037662681828,2,12.918952457411232,0,опасно
2025-06-18 10:25:54,HM-A104,36.14039885974466,38.97964646847788,5.400049467492592,0.0522612779080369,4.649933997761729,251.8798871876897,1012.3357578021656,16.697168114480938,7.240606180086759,936.1400034401348,1.0401022337372396,23.380136711388648,0,11.020912852368358,0,опасно
2025-06-18 10:25:55,HM-B210,36.06022419954113,30.841276622593828,4.158129369560317,0.0362715999154821,4.043268136337219,272.8047666118192,1012.0193325333804,14.742694960355944,7.289964524106283,863.4557315562952,0.9206189158628064,24.03573158457388,1,13.098631289833268,0,потенциально опасно
2025-06-18 10:25:56,HM-A104,38.05490494425496,33.93103907559401,4.112698688631942,0.0445752772906797,4.601186815485453,238.37114738731256,1012.1466329042416,15.939165940927484,6.748765569429238,983.5124754320136,0.9059889376666728,23.74299991271607,0,11.715798548410824,1,потенциально опасно
2025-06-18 10:25:57,HM-B210,37.05514234903352,31.002455637228767,6.151544341140273,0.0541674850511052,3.6561139346273706,243.2767802806881,1012.4467428756548,15.29178546092648,6.416535642535138,994.8453743062172,0.908308280186708,20.915204032965796,2,11.171501441930731,0,потенциально опасно
2025-06-18 10:25:58,HM-A104,39.1993065143336,30.16592480632598,5.614283992363334,0.0347858505039137,4.684000223510829,252.2716837643015,1012.0665710985268,14.571271395309877,7.440640426572067,880.3545340482684,0.952337429276465,23.112985368146997,0,13.091553286835408,1,потенциально опасно
2025-06-18 10:25:59,HM-B210,39.50011561699006,36.61718682643957,5.5261179526488,0.025662537024441,4.298495903880654,265.6124445922007,1013.0056874212864,12.4483912832969,7.62223574548139,955.695972916108,0.993120612790319,20.01523541866649,1,13.26803278152858,0,потенциально опасно
2025-06-18 10:26:00,HM-A104,36.76710689651359,36.02449441966588,4.729373591268006,0.047683306895479,3.93843525906388,248.7941977397837,1012.6281809104672,15.213667726351522,6.277202996196404,976.2907945963728,0.9603466794778496,18.388937309023326,1,12.978299360503248,0,потенциально опасно
2025-06-18 10:26:01,HM-B210,36.18435279487241,31.630191138148863,6.234252194889766,0.0210033127392345,4.483665952676271,276.3866139891502,1012.3609660161362,12.77685177968416,6.9736588558748425,930.9765283814054,0.903833142697407,22.731800677738867,2,12.095509351448769,0,потенциально опасно
2025-06-18 10:26:02,HM-A104,38.90262757621931,32.338128330930644,4.504709737325475,0.0294265574003021,4.462429998071613,234.722852563436,1013.5001681498974,14.071915846781383,6.497431363957725,898.4984649290124,0.9714723951262072,22.541573153154843,0,12.53301237223737,1,безопасно
2025-06-18 10:26:03,HM-B210,36.37403017774068,30.237077536445184,4.56980423098306,0.0532863618553396,3.8142293340794,248.5402098772424,1012.408902652465,15.145565717402151,6.336213722412268,921.7838072620528,0.966319611340557,23.61140576824013,2,13.80484288098724,1,безопасно
2025-06-18 10:26:04,HM-A104,39.11307159256839,38.34947205694404,5.382136514044826,0.0462211170134657,3.5455961222172894,265.4477061714211,1013.3752102019876,15.911145002360616,7.468650626989998,926.8403126176678,1.013527389825247,22.31274344692016,2,13.188832897930826,0,опасно
2025-06-18 10:26:05,HM-B210,37.118691268243815,39.74690596048551,4.858839586335822,0.0301905502623749,4.150433880352511,241.29933828307463,1012.6985298116952,15.4252258785431,7.076193870945674,910.0955566282042,0.9419419347638158,19.098241374817416,2,12.514052700498008,1,потенциально опасно
2025-06-18 10:26:06,HM-A104,38.33774949645735,31.354595367946903,4.742388943699439,0.0207372251204178,4.354267804016632,262.82065671148365,1013.023655521325,15.357667645273144,6.432370664757336,989.476374045056,0.9326296760691551,23.97213674435139,1,12.780347455853216,0,безопасно
2025-06-18 10:26:07,HM-B210,35.47767656917334,32.31475213765298,5.935712933659995,0.0277984195416118,4.814907917555898,238.2108479113673,1013.8677340797026,12.745211045876037,6.62000002242309,961.5824666413752,0.938390843651494,22.390769516130906,0,13.783050795039069,1,потенциально опасно
2025-06-18 10:26:08,HM-A104,38.11929662338287,38.68409523946934,5.952915235655634,0.0242052074613716,4.892325193471391,232.79901424308432,1012.0747032696316,13.73064270035794,7.9333073426554845,886.1952463382446,0.9455609733944772,23.65326789324503,1,12.181347566809032,0,потенциально опасно
2025-06-18 10:26:09,HM-B210,37.25883839368615,39.26463797956185,6.473551209399788,0.0188044643971926,4.2932078272351495,236.05078583743244,1013.000529014955,12.214561363300971,7.697359129417113,937.8335780979804,0.9898747310050752,23.418749842632288,1,11.305531146458272,1,безопасно
2025-06-18 10:26:10,HM-A104,37.93304231587737,34.1962738280681,5.253125700918927,0.0471666456782828,4.630705225652817,276.4992391567067,1013.7088459206552,15.597384465882325,7.759893485746256,953.3033726396752,0.970728822817812,20.08505141057562,1,11.977478725109217,0,опасно
2025-06-18 10:26:11,HM-B210,35.84007103872432,30.506224722690742,4.219255273078451,0.0226034943425085,4.158954908491996,257.5875441469776,1013.1759484967408,16.762929906587097,6.920024194161416,871.0234632553195,0.9505341847768588,18.521870823964367,0,12.24560064420886,1,безопасно
2025-06-18 10:26:12,HM-A104,38.68436872472091,30.393918336928195,4.820999154764373,0.0327083735083881,4.619123234859339,269.81728877398245,1012.5537410339304,13.320551950895378,7.24761452784175,903.7638613570224,0.9561471237425518,19.23553086362709,1,11.818891609581463,1,потенциально опасно
2025-06-18 10:26:13,HM-B210,39.313985387716144,35.7394986606901,6.9400163895904505,0.0292929723418054,3.8072022874087503,246.63272504525256,1012.79536227029,12.438483545811549,6.753535480408823,985.8322422405874,0.9556385490238464,18.65003634019276,1,12.586917215750152,0,потенциально опасно
2025-06-18 10:26:14,HM-A104,36.08369900045388,33.92895108893179,5.788775725698106,0.0591038689317815,4.056597102205297,259.6329323942723,1013.3605312574572,14.377850383768267,6.155423951377781,935.0759650277804,1.0458610042065477,19.70388702456096,1,11.914573625438232,1,потенциально опасно
2025-06-18 10:26:15,HM-B210,35.47857277760081,30.286524275776543,6.129211254403061,0.029554612207411,4.451341998220422,254.7476066852496,1013.7816237886276,16.283491115637844,6.802138621313565,882.5496619090475,0.934949548207943,21.21672591118195,0,11.309538756147148,1,безопасно
2025-06-18 10:26:16,HM-A104,35.11819293023168,35.832523923125564,4.022073488876243,0.0139991241398377,3.5272369484106183,277.2868979701147,1012.0821327474932,14.7598709763589,7.18796150641429,868.4177197178726,1.0227092340408388,24.34767423486898,0,11.564205540818152,1,безопасно
2025-06-18 10:26:17,HM-B210,38.20985750221633,30.113025365890223,5.554617196547563,0.0144912876286042,4.583691965508431,267.3787318027055,1012.1430776437808,12.233885750950568,6.574288541536263,927.7340340212317,1.006231625638228,24.104131291444443,2,13.754468250269417,1,потенциально опасно
2025-06-18 10:26:18,HM-A104,38.0354701804439,37.87371958149273,4.11258597259541,0.0395376860676532,4.75330325190225,266.52713157482896,1012.6501030472192,16.87136120263973,7.695901149454832,932.1528584543717,0.9008355008405328,23.03019870567009,1,12.88878688730258,1,опасно
2025-06-18 10:26:19,HM-B210,37.73348706357035,33.06432822703371,5.707690636274344,0.0399681775869132,4.098712491640927,232.317663471714,1012.465559368875,16.143249549813003,6.302200318349197,900.1621677031918,1.0489764327188231,18.168786516834786,1,11.94292613828915,1,потенциально опасно
2025-06-18 10:26:20,HM-A104,36.15973548057988,30.40258003009232,6.762312548908226,0.0309379495241327,4.171913625765747,257.48348345018456,1012.5298617724447,12.657970385257553,6.73425817887384,944.5624042628676,1.013465905595036,20.389724409243875,0,12.10075373750132,1,безопасно
2025-06-18 10:26:21,HM-B210,36.95452997952757,35.88352220983153,6.905257391501223,0.0315921846156014,4.776923318324797,253.34957269509076,1012.4425399972516,16.608988782517542,6.249807810648406,860.3027029329083,1.0023674379526186,22.77643898539164,0,12.480149514227076,1,потенциально опасно
2025-06-18 10:26:22,HM-A104,37.97238167593086,33.97684414433055,5.621658026166772,0.0126966291420435,4.66348195298905,276.3921133303097,1012.3916500977105,14.253441443025944,6.809664267970451,871.770953989921,0.9607987061514957,18.90320227787348,1,13.019390100688115,1,потенциально опасно
2025-06-18 10:26:23,HM-B210,37.483834294295846,39.73800413357149,5.374614415756648,0.0358273255194631,3.932224233550063,242.86709940947665,1012.2612479337386,13.859489952874709,6.079322609948541,931.9410731516888,0.9832804633371436,23.60761495011136,2,12.74653966953131,0,потенциально опасно
2025-06-18 10:26:24,HM-A104,39.93892760107444,35.441986625037025,6.835051282745482,0.0352369737690175,3.985964159842308,243.49167266455476,1013.8679082635904,14.30526665263594,6.545098790123291,859.2723540766681,0.9379906343501204,24.402015759913155,2,13.798094373688825,1,потенциально опасно
2025-06-18 10:26:25,HM-B210,35.68219876278366,32.752391810370085,6.020829495990085,0.0174774659278472,4.518317348585895,250.567312444075,1012.2883789278123,16.172859784354735,6.801470510227367,982.1363147486652,0.9053225107718548,20.47873112646478,1,12.877246479716929,1,опасно
2025-06-18 10:26:26,HM-A104,38.475722770237965,37.09438864633975,4.1946978386152285,0.0151919693055463,4.3447971386722415,242.1684856703188,1012.408807549531,15.29739839143393,6.956330726553383,871.3219555684775,1.025403248766896,22.940901433046832,2,13.732375938814824,0,потенциально опасно
2025-06-18 10:26:27,HM-B210,37.02159384052146,32.71492002542711,5.3971767330024925,0.0161786245299745,3.743344356644745,236.45919589043748,1012.4925314479616,12.296242261998636,7.087392716950284,951.0879811126804,1.034472674052176,19.037428928680992,2,11.016290477493696,1,безопасно
2025-06-18 10:26:28,HM-A104,37.14099807462807,39.04243291407565,4.720735055392912,0.0150514123245629,3.9648948638437496,272.87074233254003,1013.8660297462608,16.788021855580855,6.549982259579838,908.6805162571636,0.924370595492136,22.83571514379119,1,13.67167841576584,1,потенциально опасно
2025-06-18 10:26:29,HM-B210,38.58798882829088,33.74721970507376,5.4094129643460445,0.0404854097768379,4.849974915317981,257.9138262201958,1013.5114282672022,12.73892066739159,7.046082669229745,909.9681621313372,1.01805841437686,18.150187886009306,2,13.164375763898132,1,опасно
2025-06-18 10:26:30,HM-A104,38.46218075662185,35.49868562776205,5.366396716019086,0.0198241326201459,4.532261655083396,273.06813594782835,1013.579398860631,15.727839758676756,7.018009243124119,964.7334292916717,1.011172900992849,19.055400547677703,0,11.516580362336258,1,опасно
2025-06-18 10:26:31,HM-B210,39.95627996851094,30.50573103824229,5.746434408444226,0.0225715076093731,4.978961476528279,271.5567382701848,1012.2095165190768,15.180682652140655,6.632356101752417,924.9193201259372,0.9267562502904136,22.96917012626069,1,11.789114057735151,0,потенциально опасно
2025-06-18 10:26:32,HM-A104,35.64197144727063,34.261212379522306,5.070311471047754,0.0186786072075719,4.650518794971154,244.1021177394836,1013.6726197500312,12.937640239732804,7.6604006613129565,958.84831954658,0.9632743203862192,22.982951560134143,0,12.628429997491644,1,безопасно
2025-06-18 10:26:33,HM-B210,35.52054824692083,38.32363539660995,4.492811348367784,0.0578917652224251,4.9129616482153855,257.3868722162137,1012.8163861636348,12.853660380565248,7.0912822531871305,925.7786843129154,0.9634136881251156,22.48813894091624,1,11.374814466051628,1,безопасно
2025-06-18 10:26:34,HM-A104,38.6216940856437,38.056488053633416,5.511158303769869,0.0527308731575917,3.824282860805713,234.16088513700356,1012.5256460524248,16.35163796852346,6.66453943749309,938.9358012107896,1.0139946387457872,21.34154817068942,0,13.356104807336138,0,потенциально опасно
2025-06-18 10:26:35,HM-B210,37.89193458503205,32.24318558853526,6.490608653037286,0.021524741867576,4.657227312225388,275.7625942015379,1013.1515001670406,14.098474617497985,7.894677024161552,964.1071941804496,1.0256491358664084,22.724356638203616,2,13.37352159866728,0,опасно
2025-06-18 10:26:36,HM-A104,36.37080333279903,32.260790710105624,5.992036684202807,0.0263783146961062,3.530326280221696,250.2131357532577,1013.6443658116336,15.272882570870692,7.690224826142322,941.0963114381912,0.9142162682087056,23.41660558802152,0,11.902846965965246,0,безопасно
2025-06-18 10:26:37,HM-B210,35.39709684494493,38.173053122132366,5.015103597775648,0.0204946421152498,4.506140032567301,249.68380919445107,1013.55730430215,14.520355019283366,7.965175623103602,942.3422664083184,0.9844453852356304,24.76537161325721,0,11.209451014918388,1,безопасно
2025-06-18 10:26:38,HM-A104,35.42829124798215,39.30398420169325,6.806569068276572,0.0345937979730411,4.203923417180362,245.1377685308977,1013.7799949651622,15.636767585379795,7.384467749290842,968.3829387141392,1.0142622745393328,24.220487220840237,0,13.966542377700724,0,опасно
2025-06-18 10:26:39,HM-B210,39.4709543733206,30.95360921273004,6.736622713747547,0.0109805266237126,4.020140107880103,253.0331872355352,1013.8562643720308,14.396211875196652,6.756445811012094,992.363022372906,1.0179285891097738,23.561739417962876,0,11.752186637732974,1,потенциально опасно
2025-06-18 10:26:40,HM-A104,35.959336623593714,34.50058639426225,4.6280451981522965,0.0435684004448397,4.793606528439634,242.5879693272724,1012.4762441428556,13.436899576277842,6.561721333358024,906.5074230903006,0.9221990286645614,22.86330261700061,0,11.202675953952037,0,безопасно
2025-06-18 10:26:41,HM-B210,36.616857810577606,33.37454278964229,4.118252755361089,0.036157907490882,4.781401538986296,248.74261363984024,1012.8477157883384,13.816916854982482,7.326635687348962,936.5675735838928,0.9788257714726192,22.01908881802657,1,11.989894878150666,0,безопасно
2025-06-18 10:26:42,HM-A104,36.13328201113494,38.7068845545744,6.223926125052287,0.0549319464150551,3.5334525573479656,269.9973524292441,1012.0292570784102,16.295388472251712,7.961633164990607,862.9409736600319,1.0286338059544056,18.84426176346341,0,13.90700978652288,1,опасно
2025-06-18 10:26:43,HM-B210,36.77498152915969,30.835249146800187,6.48283078404746,0.0182196342164207,4.414257683674147,271.7127751792586,1013.7586433185302,14.340173464613637,7.253430160207698,903.82058208533,0.9477777864877928,19.15889789468875,0,13.378782838255985,0,потенциально опасно
2025-06-18 10:26:44,HM-A104,35.347119213730466,32.11125942558037,6.903593697854066,0.0502054623030565,4.051748336481435,245.2091238814258,1012.3091443029496,13.067246661223049,7.763229881979676,911.807383883408,0.9637675348367696,23.741956924696296,1,12.44099923943043,1,безопасно
2025-06-18 10:26:45,HM-B210,37.59529895454135,37.52468337586495,6.669509182264932,0.0495980507233357,4.1234915022506735,253.4507215276394,1013.7229496246854,16.673026940386265,6.658206862095537,975.2855975236076,1.02065377670045,23.623190385450545,1,11.91599126517704,0,опасно
2025-06-18 10:26:46,HM-A104,35.338062817961074,30.51293848981216,5.801604304619245,0.0163590594608443,4.748061108828164,273.6909888140026,1012.6587746439732,15.983002282491883,6.813907564948512,927.0088603188516,0.9133979281775644,22.30121248181354,2,12.269918295642404,0,потенциально опасно
2025-06-18 10:26:47,HM-B210,39.00178253911181,34.92535380714289,5.590157017637143,0.0299279612072063,3.9647596572915176,232.63366659148485,1012.7362671799624,12.278330730280995,7.812550479178706,959.6599559947688,1.0289239934833467,21.071880929013076,0,11.052096824691926,1,безопасно
2025-06-18 10:26:48,HM-A104,36.16856040955216,34.4210703467972,4.083523153787759,0.0185076320572258,4.91457321595643,274.45724809978924,1012.0782645089675,16.99471480990259,7.513733403915637,852.8511100038507,0.9466735075096214,18.18222854876524,0,13.155111444324008,1,опасно
2025-06-18 10:26:49,HM-B210,37.70005957302255,33.34401178988749,4.7399693405343335,0.0227360250228774,3.769450739558211,240.95921728261655,1012.6537575795306,15.474633482200511,7.962820640735812,919.6739004442474,0.9002175474886691,20.29023859769981,2,11.29893281465553,0,потенциально опасно
2025-06-18 10:26:50,HM-A104,39.40039543780729,33.945723153189235,5.378844255198779,0.0231623087415272,4.494083635052267,263.9269622107188,1013.7767273656024,12.801332995202934,7.549528419464484,985.1976497745376,0.9351238717584538,20.944477602957225,0,12.557112730622922,1,опасно
2025-06-18 10:26:51,HM-B210,38.25438684523597,35.29940586930233,5.885511700250703,0.0378118197012886,4.508157600520647,259.12758481923004,1012.0510948022433,13.185838406492982,6.897031414436464,883.6470863958677,0.913425096134326,21.400714003213945,2,12.697535158587709,0,опасно
2025-06-18 10:26:52,HM-A104,37.66478893275668,31.61367358388383,5.671755499955232,0.0305705465880232,3.878292742141877,257.6470374094626,1012.8126549460934,15.462227406207736,7.062136039644726,854.728327796067,0.9138577360494368,24.505272189928466,1,11.005069322906882,1,безопасно
2025-06-18 10:26:53,HM-B210,36.62166876557688,35.71995878283593,6.227907969045072,0.0573866402003152,3.987125913450803,272.96801123764106,1012.0627992596256,15.89880527639561,7.801030984926273,915.0113100570214,1.0039253601213889,18.760965798601,0,13.939635877932291,0,опасно
2025-06-18 10:26:54,HM-A104,36.66500956529099,38.05432329299986,4.839300792661122,0.0163185070973502,4.752197738869911,235.07860718223307,1012.7418468502182,13.195179715749031,7.103293472196096,955.6647730971392,0.9320964503458598,21.632068438458397,0,11.90641711306666,1,безопасно
2025-06-18 10:26:55,HM-B210,38.34743477599095,37.60160929790159,5.69485782295742,0.0586846067425099,4.642707882432429,247.3514012662818,1012.3452812815606,13.284844269496354,6.51079474832889,918.1695260262204,1.0402113544465474,20.57545607870796,1,11.231672752976348,0,опасно
2025-06-18 10:26:56,HM-A104,39.97069680610584,31.538999046937736,4.264426730172376,0.0215319320107131,3.993643820472139,256.9126373172383,1012.5044367865368,13.535603474360304,6.871239625539899,918.9967470266898,0.9774666819886956,24.93068683451236,0,13.563165674778473,0,безопасно
2025-06-18 10:26:57,HM-B210,38.30919594924689,31.492494697414735,5.240996570749621,0.0486436968190926,4.300934820402401,270.564442697302,1013.7551967463228,14.990091824183184,7.032631977698236,950.470756185748,0.9690147386932378,24.033048113980332,1,11.455857812154036,0,потенциально опасно
2025-06-18 10:26:58,HM-A104,37.78891708685013,32.681743677449134,6.250482498863804,0.026948496308641,3.5925204443796432,240.8221541705836,1012.8720984412438,12.859080891506384,6.193439667102259,888.1583212424573,0.9651425277330228,21.071500979672447,1,11.074865408673466,0,безопасно
2025-06-18 10:26:59,HM-B210,38.65325255119623,33.610747263410374,6.080202560287132,0.0171540697708656,3.813118823597944,270.1464920687138,1012.5475959828038,12.521215994423889,7.48752534850578,962.7834687462966,1.0038881459507447,24.997869265483324,2,12.484072038778692,1,потенциально опасно
2025-06-18 10:27:00,HM-A104,37.32602806141859,34.08455581408482,6.971928211516537,0.0528944592623119,4.228730838290598,249.9819241246968,1013.178676755901,15.394320445427567,6.218707866709946,872.9670296358601,0.9678394143785412,21.59844272530048,1,11.38975095739272,1,безопасно
2025-06-18 10:27:01,HM-B210,35.30071171300393,36.796972168333454,4.833673377963268,0.0254430449618231,3.628960602918817,239.4456928216848,1012.2842139196651,15.89548969896585,6.809835426737611,909.362590792898,0.9192900534337788,19.169824576139806,2,13.947269199061642,1,потенциально опасно
2025-06-18 10:27:02,HM-A104,37.81148407938955,30.566804321658356,5.494567897521938,0.0429427702113421,4.7649985323379065,267.9493220221741,1012.5187832148416,14.504647022082526,7.609244883080809,948.4012162706376,1.0320258270961136,21.891122842787,1,11.031232959837547,0,потенциально опасно
2025-06-18 10:27:03,HM-B210,39.7881264225269,30.346727042260664,4.98859124132199,0.0383221842543313,4.577009315161472,234.54494507372735,1013.0924959352058,13.819163551341926,6.935140723226594,974.2553510845296,0.9642593023388488,19.583440360625527,2,11.153592032565896,0,безопасно
2025-06-18 10:27:04,HM-A104,35.876514711788296,33.91910562943909,5.321809342177524,0.0335878154695437,4.915450505972743,255.73836870377212,1012.4750460836962,14.160213567632384,7.684031039437016,968.7296606747584,0.9111006863549254,22.454189880533765,2,13.499851899196909,0,опасно
2025-06-18 10:27:05,HM-B210,38.45002445410333,36.971636921379805,6.5708503896081645,0.0347909736324269,4.5402003589460405,233.19378919309443,1013.3582554748016,13.94203916935976,6.68376264411223,958.2528398961548,0.979404898124664,24.56208122418748,2,11.719255088114078,1,потенциально опасно
2025-06-18 10:27:06,HM-A104,36.00466844329528,31.934353429564823,6.05262722556546,0.0466118957046143,4.910602058393279,247.82089275788937,1012.9829826045192,16.799924541188375,7.915272587996871,903.8644575304588,0.9971020287683556,23.5033900378452,2,13.734790260151833,1,опасно
2025-06-18 10:27:07,HM-B210,37.679138422365405,36.41504481256251,6.647323574042745,0.014388645706172,4.331768833536447,260.0538399503196,1013.5439781405094,15.840449526095702,6.418936863610471,868.3456474440586,0.9413373696236638,19.912145832933387,0,11.93341116042488,1,потенциально опасно
2025-06-18 10:27:08,HM-A104,35.4833822482336,32.59828137940299,4.610533324995659,0.0434090330978952,4.400327916592954,257.80577707436066,1013.896489071445,13.040436074250552,6.076528289978603,882.5251326539486,1.0200510611510765,20.07801037476205,1,11.209347954081217,1,безопасно
2025-06-18 10:27:09,HM-B210,37.25185468129092,38.86086108813517,6.620083353524314,0.0547906050699289,4.965456581939391,250.23277089523333,1012.2316097786947,13.9209457602699,7.744853085980837,979.7250721864727,1.0004663769056046,18.485017421632183,1,11.031775397124608,0,опасно
2025-06-18 10:27:10,HM-A104,38.78081664447623,38.95689944266616,4.179286822535153,0.0128894098509932,4.46319372029639,251.45239969860577,1012.669330019969,14.72006145681555,7.504405431900817,978.5997055198987,0.9975511753896652,20.001074849523945,1,11.847701831171529,0,потенциально опасно
2025-06-18 10:27:11,HM-B210,36.73785762119491,32.972872042813265,6.665797841311457,0.0170326669616833,3.54617985329112,241.3384776675383,1012.6390981257568,15.064929310318442,6.463967674134746,992.7341278808524,0.9631237429301692,18.64837359774472,1,12.4211917264877,0,безопасно
2025-06-18 10:27:12,HM-A104,38.324558622436086,32.2999375396324,4.987221338382184,0.0458315968351015,4.585704164945785,252.7941294212052,1012.3023658386744,14.340919480143835,7.969483214273348,861.3982977843312,1.0442872952116933,21.4961410352795,2,11.00304833277821,0,потенциально опасно
2025-06-18 10:27:13,HM-B210,38.977249803948645,34.113039720662314,4.943762900242199,0.0318640824122308,4.858203038206123,277.6627427860417,1013.6206062746668,16.050633175059794,7.004560258537055,930.5213627916183,0.9411283751923872,22.958429556487804,0,12.743321607631682,1,опасно
2025-06-18 10:27:14,HM-A104,39.63588909739726,32.40531585180149,5.536265730095992,0.0301774310406844,4.69337037469149,272.5226458891895,1013.5197574080776,15.838030097291158,7.902130880288327,947.302456735635,0.986655825152318,23.25826813049411,1,12.000984676024196,0,опасно
2025-06-18 10:27:15,HM-B210,36.17321040927727,36.72383843291704,6.822070563169696,0.0168483317272117,4.375749908938134,237.2616434538172,1012.9688509416688,14.525789593140834,7.010057542773999,956.5986065600284,0.9463582736208926,18.416704625737253,1,12.170460588087234,1,потенциально опасно
2025-06-18 10:27:16,HM-A104,36.99657957904654,38.26064684548285,4.143344094044216,0.0353385020358894,4.506955269640274,231.4890393660461,1013.0755415555892,16.27214693390865,6.943749173542582,946.5794852515644,1.011720712945733,20.379691287667413,1,11.78423284459432,1,потенциально опасно
2025-06-18 10:27:17,HM-B210,35.76208006665209,36.73092130911217,5.056692925212236,0.0163272655598188,4.985287683877507,276.6762156358315,1012.119088276005,15.755447652211927,6.89827707428893,965.5017084853424,0.9071687225805184,20.017202365832038,2,12.587135616323188,0,опасно
2025-06-18 10:27:18,HM-A104,39.96241751079187,38.2435044724935,6.569715966050007,0.033831022815527,3.635993132764008,256.33748749403736,1013.111014704654,15.892909243603215,6.6697505522659,903.9207364434012,0.9068840801812574,18.73010226091134,1,11.690367865904433,1,опасно
2025-06-18 10:27:19,HM-B210,39.63500483962147,33.96992162207474,5.1881634323064,0.0481807649480828,4.500867242949859,256.8918911574654,1013.5826830480391,16.782003897167083,7.067402994353103,876.9149158203223,1.0216291454278188,20.53729917652404,1,11.404466258469412,1,опасно
2025-06-18 10:27:20,HM-A104,37.6997856514028,31.56316970708861,4.597470692791201,0.0229132178943581,3.9250965418558903,269.03589978532614,1013.1476551471676,13.332334706046014,6.905109323897136,880.6875058225658,0.9651402241595508,20.09524076397465,0,13.671941246144137,0,безопасно
2025-06-18 10:27:21,HM-B210,39.2101664718821,37.37950947397592,5.274382543994236,0.0340393084089863,4.460135594879255,245.73444869356632,1012.5306127402408,13.338240811834249,6.073493753247108,851.7968034205246,0.9511770081900534,22.44149460537494,2,12.171664949091657,1,безопасно
2025-06-18 10:27:22,HM-A104,37.60478988636021,33.60474505141554,5.1566575044750085,0.0596007984698417,4.411435363825908,254.0953784418001,1013.3350965446688,16.4447612784532,6.520870466847005,902.5482808159334,0.9911290293263008,24.18311864613599,0,11.230791050662976,0,безопасно
2025-06-18 10:27:23,HM-B210,38.1179284400138,36.71270825229132,6.74624860440011,0.0443325211677018,3.7301852481622433,278.43314565733687,1012.7229768599304,15.861131866928398,6.426245600211117,863.7616076319966,1.005284901580346,21.18389204611251,1,11.690968263698997,1,потенциально опасно
2025-06-18 10:27:24,HM-A104,35.445622160580086,32.706439419817656,6.285803127229292,0.0520678385652599,3.810119968610359,263.6074343466204,1013.0897465685716,16.632727707178137,7.734871204642133,898.2233039185286,0.930180202026661,23.22665620936773,2,11.92982884460245,1,потенциально опасно
2025-06-18 10:27:25,HM-B210,38.77635210248404,30.812296348066727,5.515346667232019,0.0307423803280272,4.432444367064821,237.6872515997893,1012.9751307265578,12.315650801622263,7.197739954453683,944.2315115749371,0.9278146862107096,19.02207256977472,1,13.308938928045622,1,потенциально опасно
2025-06-18 10:27:26,HM-A104,35.63856741817617,39.92581795487763,6.965111700164713,0.0483930461562927,3.692344920955661,236.66133739921767,1012.7623500019304,15.138785386307983,7.527366200899455,984.171708338023,1.0437226121639822,24.26476465050705,1,11.066766483588047,1,потенциально опасно
2025-06-18 10:27:27,HM-B210,39.13033815126264,31.562015079305997,5.39583259382777,0.012025458647066,3.897771312695484,240.21323791665023,1013.4377559607884,12.723141690617236,7.913652075498561,975.9408176485774,0.9884496459576856,19.068163167505645,2,12.434748465434344,1,потенциально опасно
2025-06-18 10:27:28,HM-A104,38.91014043835193,39.884209939634815,4.174713492460826,0.0161455591271122,4.752868321607004,268.33558372103585,1013.7677522239718,14.519485991462911,7.28807854505282,887.9011317936365,0.9585174715941402,19.344708264195724,0,12.223077456070154,0,потенциально опасно
2025-06-18 10:27:29,HM-B210,38.54372348871488,39.77279932566447,4.786822965444955,0.0201535296460031,3.990637259002458,244.7688501920308,1012.0104250369538,12.77873465926722,7.965219982809488,870.1124713297071,1.020216254200426,18.745246625113737,2,13.905201204904774,1,опасно
2025-06-18 10:27:30,HM-A104,35.18080190262381,37.9381810390804,5.308211440657938,0.0300975962307609,4.232090234404494,231.069442333754,1013.8672330384608,12.640392544924396,6.62352810330426,878.9608410695097,0.9787738438166876,20.16775651064376,2,11.540225036889836,1,безопасно
2025-06-18 10:27:31,HM-B210,36.51564177972664,36.59422962081997,4.470707872438361,0.0522872439162881,4.91171050271876,277.2087181752831,1013.0230302721664,12.060841726910166,6.372534364625787,995.6479977855412,0.9362494215561872,21.86687312700868,0,12.883612238491157,1,потенциально опасно
2025-06-18 10:27:32,HM-A104,36.31556284955421,35.77807050251084,6.842695378972129,0.0273133025393965,3.8407236332554193,238.48567081974556,1013.4014637607264,15.151194061914522,6.806619775985823,932.4211719528236,0.931010295846236,24.91595877984429,2,11.60659065527819,1,безопасно
2025-06-18 10:27:33,HM-B210,36.8006820373576,38.66101545377835,6.300546693453319,0.0427310596757731,4.084439026037016,230.47790930740345,1013.7112491323518,13.795113083450431,6.941598829871616,877.3753334500863,0.9595288899254732,23.55357624260281,0,12.645266162515522,0,безопасно
2025-06-18 10:27:34,HM-A104,35.43821373381919,32.89439521619488,4.804861601283318,0.0454657147401741,4.409686663315318,241.85658011916613,1012.9342073846284,12.525941424394858,7.79072308570517,976.1119232030222,1.028984379038982,20.663050620243872,0,12.665189697541368,1,безопасно
2025-06-18 10:27:35,HM-B210,39.68478911515531,34.67681212484877,5.772413600553747,0.039309117704417,4.633008394255958,241.75143935590668,1013.6699481467298,13.61418888865655,7.119880878073353,909.2786866468832,0.9092171874066388,22.030922405324997,2,11.226040189575356,1,опасно
2025-06-18 10:27:36,HM-A104,37.76901120356188,36.19389969366502,6.164347471328716,0.0278620984085068,4.852480080069058,251.10026254228612,1012.3552396389103,12.844720457257925,6.584361998836034,984.8833227962092,0.9327789001132144,22.363156216574453,2,12.369353882591696,1,опасно
2025-06-18 10:27:37,HM-B210,36.52762155329012,34.11190475869491,6.823836786720394,0.0388526670856772,4.873209481360273,276.01949157500184,1012.3183350689596,16.7084741575083,7.4852685657350415,889.1015690251729,1.033972772827889,23.75909054873143,0,12.383468323879889,0,опасно
2025-06-18 10:27:38,HM-A104,36.98490758537142,34.27486454090268,6.6449060475262325,0.0271132796394873,4.664960111558934,273.9592458889549,1013.3149427377124,13.60002442880674,7.011663874278142,908.9832638206354,0.9182601853453876,23.155162497938605,0,11.95741002242644,1,потенциально опасно
2025-06-18 10:27:39,HM-B210,37.23601270252418,33.302846675020845,5.5455766784146405,0.0141936869276006,3.8424962548899657,252.8447277491214,1013.7402860111034,13.669767616446949,6.32426389055034,925.7421644185126,0.9944438577396252,21.985037888797983,0,11.831475661062964,1,безопасно
2025-06-18 10:27:40,HM-A104,38.00297166680309,35.64231816684536,6.323957859379053,0.0596401989093007,3.5372139950638486,250.54499524959036,1013.784852355072,16.199290016997928,7.153639575182504,983.8923001133548,0.9320267052181538,22.6842811892776,0,11.672893922348615,1,опасно
2025-06-18 10:27:41,HM-B210,37.57839713848249,38.50574528015116,5.686434261482755,0.0163591226816255,4.075660895533436,257.7504543237426,1013.2874809167544,15.23877880643002,7.822789073614568,980.3136147407585,0.9908800271267832,23.221423276740296,0,11.01782321562401,0,безопасно
2025-06-18 10:27:42,HM-A104,39.59695986607208,32.01528378006313,5.65811167013662,0.0136174191918028,3.712323276481735,242.17270059858828,1013.0509784604186,15.550858037015008,7.68524523495164,936.1532605455816,0.9574656250266348,18.93200841393383,2,11.00544885346692,1,безопасно
2025-06-18 10:27:43,HM-B210,37.484817414529154,39.34433038753441,4.344225875014576,0.0539265374603577,4.565581471157447,232.60924959831812,1012.6627861753932,15.180009019944803,7.173619945270662,883.2663264671336,0.9152515344646488,19.40318822913766,1,12.769361632371783,1,потенциально опасно
2025-06-18 10:27:44,HM-A104,39.96079007411656,36.8908765374823,4.378412974048456,0.0250917330446447,4.491695880238575,276.96120680856035,1013.9600008311986,16.730981419742825,6.754166347769976,910.5035457606812,0.987371260133116,22.820090022352616,2,11.874391733422062,1,опасно
2025-06-18 10:27:45,HM-B210,39.25712478872548,38.2327321268003,5.588600845067372,0.0425148487036753,3.5659574624321824,239.33494924385863,1012.6393913733324,13.035004157790226,6.173957502128422,996.3449598048256,1.002456412062688,23.952978933913425,1,11.5036659673496,0,безопасно
2025-06-18 10:27:46,HM-A104,36.04255257178668,35.56190692630012,4.806584634937019,0.0264502864831116,4.754890668696427,239.92003646228585,1013.4883722144632,16.945196208778977,6.939297846663248,941.1659835816104,1.0020408928448703,20.864835978898377,0,13.0542056165369,1,потенциально опасно
2025-06-18 10:27:47,HM-B210,39.652976073219584,37.79516701424063,4.063110707381406,0.0295727135397235,3.873114899436773,253.62301644269735,1013.06396359981,16.154780887782564,7.504158875059158,967.1646632686296,0.9955551613609064,24.85923225729844,2,12.586713708438335,1,потенциально опасно
2025-06-18 10:27:48,HM-A104,35.58183198942738,30.162003973394672,6.168517611700636,0.0231056486008398,4.148340613236563,254.58066724201652,1013.2170246850508,14.944862944381711,6.720547439466021,917.479704304213,0.975033717140332,19.51250212871361,1,13.744874830643754,1,безопасно
2025-06-18 10:27:49,HM-B210,39.08724854245596,38.18380424779535,4.097459790070495,0.0271522002896505,4.501900603183614,230.9217104850371,1012.7869611011772,15.311858121981246,6.470893651103329,929.801091320021,0.9779208925288988,20.91689497430407,0,13.493050811216008,1,безопасно
2025-06-18 10:27:50,HM-A104,36.9031164673829,30.401388590853664,5.785830523312164,0.0305350200293271,4.14412818027838,237.39773693869853,1013.9296462509444,15.24412938250307,7.862759438541907,914.3431168348816,0.995346016471194,20.649661304242773,2,13.1801875732999,0,потенциально опасно
2025-06-18 10:27:51,HM-B210,39.38987160222535,38.89913376362863,5.617581382381943,0.0460208034546171,4.161931704199915,248.90774092803707,1013.1433646521986,12.29198112029577,7.643111400915985,955.4381497092952,1.0035389042619962,24.512071585085003,1,11.379745871555045,0,потенциально опасно
2025-06-18 10:27:52,HM-A104,39.34028345053725,39.91962747238643,6.9064440717334135,0.0355768097117395,3.5984419930036107,264.18653467552696,1013.8755752609176,13.090082492659691,7.276551238840289,977.7206520830316,0.9982315108247078,19.997649623007774,2,12.998266216876289,0,опасно
2025-06-18 10:27:53,HM-B210,39.02962700058811,32.940674621767776,5.452639418042925,0.0571782608578488,4.102165323890006,241.4209228415968,1012.0151828323478,16.807354422623746,6.273566687841039,926.1045314836846,0.9880418347370178,21.29553544629551,1,13.081779328812887,1,опасно
2025-06-18 10:27:54,HM-A104,38.95015218153531,32.10318556285794,4.190804309133392,0.0120940196919387,4.647271839829975,251.1507223120881,1013.1453411663822,14.671822144296897,6.289817680812346,922.130118795434,0.9233758477206178,19.310636877307303,2,13.289997769924131,0,потенциально опасно
2025-06-18 10:27:55,HM-B210,36.5233956954902,37.65363363858041,5.655063903419385,0.0351534161316014,4.872764505779896,257.86725323582334,1013.4343737794504,13.89176801630956,6.2064391829115575,901.0429700647596,0.9315924807739292,21.648863669937107,2,11.789398171272229,1,потенциально опасно
2025-06-18 10:27:56,HM-A104,35.40459641525626,32.53026340920253,6.523288511848304,0.0392112394415859,4.120245705595058,274.4296247311646,1013.4901603423244,15.810192316945376,7.232593333785486,876.5645041441126,0.9390336031553024,24.00182918624514,1,12.920892510991251,1,потенциально опасно
2025-06-18 10:27:57,HM-B210,37.01490089382581,38.65562383172204,6.99054785284432,0.0560098493037136,4.135378740318618,246.30352511635616,1013.8099537635634,14.622594713279048,6.231125592946672,990.8871584312664,1.0379492485631254,20.128276233233947,2,12.85483537484762,1,опасно
2025-06-18 10:27:58,HM-A104,35.86762257493255,31.028425921574765,5.291029521067218,0.0124579261810713,4.553940659485479,236.67791329317416,1012.0088032180076,12.065813857159489,7.685254397725266,897.4119578019257,1.013909263769545,23.6755445051398,2,12.155930149434475,0,безопасно
2025-06-18 10:27:59,HM-B210,38.47475544451231,31.259551963793584,4.960896227490228,0.0386749792467608,4.914158001657915,254.4636112948804,1012.000660318519,15.68118798357559,7.985930003638645,970.1037195361428,0.9829300229305318,24.379181075229383,0,12.990520941106425,0,опасно
2025-06-18 10:28:00,HM-A104,36.73049863268893,39.79151555100616,6.719959890855996,0.0526814964263978,3.90059141035904,267.3360800842031,1012.9445269215904,15.661087800264308,6.73269636941733,957.3020531931212,0.937808539281607,18.510705228001942,1,11.260086683949094,1,опасно
2025-06-18 10:28:01,HM-B210,39.87805100429957,36.738388982700044,4.573726387228364,0.0220963864059618,4.160216309806906,235.49298785263667,1012.0585874100108,12.825743560549872,6.907339693934195,968.6376400417194,0.9166337284866256,23.29497175423476,2,12.930515063365965,1,потенциально опасно
2025-06-18 10:28:02,HM-A104,38.20486038672666,38.46887224428953,5.84628674509878,0.0538146174261968,4.693959865328452,251.234174584848,1013.9490651073248,16.783300442121067,7.423334353971358,990.5152200058152,1.0348138838969962,19.78740405305344,1,12.818046752638,0,опасно
2025-06-18 10:28:03,HM-B210,39.1124028181718,33.24329377351518,5.217143272542844,0.0109521704637145,4.4145403540610575,230.88925706312415,1012.4441303490828,13.11954065770557,7.874306012651532,943.5056140331346,1.0338999023734377,19.227293637756404,2,11.631873221762264,0,потенциально опасно
2025-06-18 10:28:04,HM-A104,35.662623363709244,36.764837495206045,4.123247094866666,0.0466227314566864,3.665879515945932,231.67795908236252,1012.9453294587296,14.288746836910995,7.78818754711277,984.6925515073068,0.9166043393543536,22.207856744175253,1,13.454640858559609,1,потенциально опасно
2025-06-18 10:28:05,HM-B210,39.31007241136311,35.94241827308597,5.041865422917093,0.0566556610584326,4.441599103343399,254.1476681608333,1012.1222752600244,12.573679806304574,6.115183657499697,875.154598436844,1.0195824999144745,22.939218313600897,1,13.62324200078811,0,потенциально опасно
2025-06-18 10:28:06,HM-A104,39.61378595256697,36.03150120122947,4.795685567508023,0.0428598830820031,3.780119426895991,244.90986490754648,1013.0440968323423,15.016411597252942,6.33814360511353,944.006886393518,0.966996760396487,20.76332690014649,0,11.631451841760978,1,безопасно
2025-06-18 10:28:07,HM-B210,37.43530959409468,36.82532459537722,6.058273461830461,0.0319514621990223,4.265323901117606,272.25536495027063,1012.7599122502947,13.877255600286064,7.509194397115585,965.841341937192,0.948595039924581,18.274215949575336,0,11.22788325271161,0,потенциально опасно
2025-06-18 10:28:08,HM-A104,38.03126468875489,35.75359173129098,6.846371493075754,0.0122440508236359,4.293654901490658,260.1077153063227,1012.0893200577544,13.765867311048527,7.377786216064894,890.7461696116261,1.010865680431306,24.360931669377557,1,12.810726390624648,0,потенциально опасно
2025-06-18 10:28:09,HM-B210,38.824049004514976,34.29062369302666,4.804141562135913,0.0560056906661314,4.814305043337477,252.69664808714955,1012.6702485333924,16.134884386104737,6.266437188080246,961.1130701937948,0.9921494311591096,23.115228417932464,2,12.439752580949891,0,потенциально опасно
2025-06-18 10:28:10,HM-A104,35.87419313630206,32.759226943805466,6.434397817455045,0.0335148111345787,4.1937414110186575,250.39676855271483,1012.7828720404456,12.04780856425239,7.004129164003135,966.7715243674356,1.017004516139001,19.901667646781103,1,12.282782687786174,1,потенциально опасно
2025-06-18 10:28:11,HM-B210,37.51283038231721,37.68581330913202,4.166079450815229,0.0114498372167974,3.9191636333538415,254.86227400947817,1013.9798429825498,15.989733854462113,7.561629262170591,974.6781934024668,0.9111493290949406,21.47804699021318,2,13.283024990131093,1,опасно
2025-06-18 10:28:12,HM-A104,36.99331513886157,32.26272430003186,5.614363030119439,0.044491053566438,3.846449522324048,232.02194156063308,1012.4157717438388,14.857242828740391,6.437561364525387,896.9324368893899,0.9477880529936183,18.194549529769542,1,13.908987918526744,1,потенциально опасно
2025-06-18 10:28:13,HM-B210,35.731869960811245,36.923543061544144,4.211650191129683,0.0340918626788129,4.811377815026504,274.639667821033,1013.0895592307402,16.930492567400997,7.742575271469333,952.2409885252464,0.9478975275625104,20.37497947264159,0,12.43299115812859,1,потенциально опасно
2025-06-18 10:28:14,HM-A104,36.83767211145766,32.333328226493265,6.802098973391918,0.0162172658721205,3.756516281627343,279.91515778669793,1013.9746310983973,14.947216103021244,6.105943549640736,895.6379925114643,0.9494629638431648,21.657746649095827,0,11.018465236324325,0,безопасно
2025-06-18 10:28:15,HM-B210,35.34086154692747,36.25330169954454,6.299053841672171,0.0207135904655129,4.138802841324716,239.07435624293493,1013.5840384158804,12.27689567073979,7.564390170136148,960.8560581247684,0.9753719808965708,21.620565305813752,2,12.788801403615134,1,безопасно
2025-06-18 10:28:16,HM-A104,35.129059534747434,37.47078267129029,5.973849733613777,0.0132245340227923,3.780759672390421,236.019148238731,1013.986735001764,12.253226632218633,7.23163779957974,919.4460497718568,0.9424520704621422,19.457294146059787,1,12.961897616389518,0,безопасно
2025-06-18 10:28:17,HM-B210,35.675831445774115,32.187138889065395,6.471689144873993,0.0387146769854286,4.659956060171563,237.17887317242975,1013.9365966293204,16.415764931859158,6.630398693308698,939.6316561790828,0.966657541513128,23.437231563287234,2,13.48405491798598,1,потенциально опасно
2025-06-18 10:28:18,HM-A104,39.81557555794587,30.599433008613083,5.9425593867104896,0.0411014739626004,4.211558959961929,263.0513529117184,1012.9790790841884,16.206070727555264,7.441865096683823,912.3759972145854,0.9551666389673124,20.092035109686503,0,11.598220943288352,1,потенциально опасно
2025-06-18 10:28:19,HM-B210,37.74764767947509,31.30973742994174,6.906833191522873,0.0352871149177722,4.026715535835218,263.07204192253874,1013.3927516997412,13.729450377910116,7.564731590302319,874.2974390394736,1.0102944072030766,22.062870162245808,1,12.572982900556791,1,потенциально опасно
2025-06-18 10:28:20,HM-A104,39.8291108057661,36.05996967271025,6.141873843594315,0.0508551066501307,4.0416494609397,272.3962081139205,1012.2208862538824,15.090162420905688,7.867797942607939,876.7044294408046,0.9905251193512576,19.900655578765825,0,12.341394501168097,0,опасно
2025-06-18 10:28:21,HM-B210,37.16248939165066,38.49446406225736,6.773975828746741,0.0530504410654006,4.778321310084469,267.5913194213127,1012.8822976500936,14.447956785278002,6.735549344308527,861.6353360893202,0.9980444148475972,20.97617511090739,0,12.993321383487892,0,потенциально опасно
2025-06-18 10:28:22,HM-A104,36.5590806654263,30.449968212354243,5.551395676031914,0.0407812198341563,4.330660931441657,252.484483668467,1013.6180370845334,16.835820275680263,7.372033471959909,942.7109019582492,0.9315875841123968,19.45260237675161,1,11.191829191109496,0,потенциально опасно
2025-06-18 10:28:23,HM-B210,37.53070931420122,37.341512590416464,4.351193238945588,0.0106378239853715,4.576801776696895,260.642768078266,1013.0106706419544,16.749804504384457,7.205232553869382,977.2957596929588,0.9488253247990336,22.43105454772427,2,13.652038795098576,1,потенциально опасно
2025-06-18 10:28:24,HM-A104,37.19755844316455,33.41318645950052,5.584533164269051,0.0447614827873867,4.845557774376027,264.4142335184004,1013.4053980656344,16.919195042703873,7.050412138914177,853.1255239393122,0.9031748171418112,20.979090520989452,1,12.533472212714836,1,опасно
2025-06-18 10:28:25,HM-B210,35.52832342130872,34.785283699195226,4.38061848418928,0.0308999608460175,4.852612514060963,255.63682351426127,1013.4915026599684,16.33224390317132,7.780832948310076,859.935925313253,0.9162562060939756,18.11282113141435,0,13.63113633490997,0,опасно
2025-06-18 10:28:26,HM-A104,38.20413157345103,39.288595498455656,5.777480437529215,0.0382778741613193,3.992763581506795,253.78254922258185,1012.5069382824856,16.547757953875507,6.0063346282768,918.6200488454364,0.9397581347983331,18.197154958117363,0,12.020711395589414,0,потенциально опасно
2025-06-18 10:28:27,HM-B210,36.080190912548,33.31971504735846,5.447479181582989,0.0424540301009442,4.928676894719578,262.2548722821327,1013.7513987458852,13.086393893835682,6.564223212207195,960.6581104252284,0.9098195581953032,21.297940229299957,0,12.960566643921885,0,потенциально опасно
2025-06-18 10:28:28,HM-A104,38.09793977448915,34.65336933939486,5.867726193498346,0.0275118307163538,3.537313823021908,257.8737274487827,1012.9196448618184,16.155033944948872,7.07655447908966,873.6561467067927,0.9903948600532054,19.28258106833748,0,13.870175447928233,0,потенциально опасно
2025-06-18 10:28:29,HM-B210,38.251005461990765,30.13682414760681,4.030140943164495,0.0558549252585897,4.065253341524248,262.19711526679555,1012.4203702072432,15.544285566021372,6.356586523273105,890.7476979323791,1.0497195173885738,22.0952943370132,2,13.830137572129338,1,потенциально опасно
2025-06-18 10:28:30,HM-A104,35.76012426564324,30.815987200048383,4.584521474966092,0.016698743337489,4.843698286263262,260.6427386981682,1013.7308317635768,16.81393254414035,7.8157330674655165,884.800930192271,0.9151222821098084,20.85734247240415,1,13.832308264313651,1,опасно
2025-06-18 10:28:31,HM-B210,35.30674813555334,32.58591591134784,5.4739912957363925,0.0435755903640518,3.9119553197254735,265.9598280256827,1012.8356376122124,14.856309142213096,7.2951902352260305,909.8576828006732,1.0231845319003898,22.58093884877806,1,11.128840521550796,1,безопасно
2025-06-18 10:28:32,HM-A104,38.9038079303422,30.278522408210744,6.851510684767405,0.010217978997829,3.9096221754819775,262.14017543914383,1013.5006248767594,12.425835833552782,6.95576598926398,883.7498015526356,0.917822437089772,24.666766218447663,2,12.209048002923568,1,безопасно
2025-06-18 10:28:33,HM-B210,37.2990021188466,36.31375326048251,5.150827121065476,0.056232555270259,3.953933427622833,255.98712432186332,1013.0960661444432,14.986994455935765,7.629403518133309,902.889801781713,1.0004871028194655,21.701152943566772,2,11.182343772343296,1,потенциально опасно
2025-06-18 10:28:34,HM-A104,35.29081897752738,34.26398356801623,5.273116078160903,0.0156252066619045,4.418470077270383,264.08984056421934,1012.763743504469,15.43290464010644,6.901772382930208,959.2813897992916,0.9964736404588526,23.511650225130698,0,11.928431039825249,0,безопасно
2025-06-18 10:28:35,HM-B210,39.97433158584884,35.48145202728022,6.144088267019867,0.0147442115073787,4.157499163421531,252.4740982592714,1013.6197528300772,13.10160514356214,7.117306023860019,941.6513872681284,1.03540754022168,23.27128697421156,1,11.523734285281488,0,потенциально опасно
2025-06-18 10:28:36,HM-A104,35.28890280498183,31.746471858963297,5.811378271858354,0.0266503816526122,4.590102254530014,242.0835612986301,1013.1689398632892,13.970566917563644,6.005501991107842,862.1772558087539,0.9170918420520768,24.452537730267057,1,12.860412272335688,1,безопасно
2025-06-18 10:28:37,HM-B210,38.47517614429277,32.95932029436616,4.896778450295,0.028678314301954,4.842365963846999,230.07091100669575,1012.781124204854,14.9925170702584,6.731401060390147,945.6618499368576,0.9473166699122848,19.49812507066604,1,13.342238453796188,0,потенциально опасно
2025-06-18 10:28:38,HM-A104,39.91839462631707,36.63824474852725,5.232449186702283,0.0207150036161439,4.511299062414291,257.99820735729213,1012.2191957406702,13.870528686582528,6.277580944701939,921.561575733882,0.9136169640532028,23.791288795494587,2,12.540040895790204,1,потенциально опасно
2025-06-18 10:28:39,HM-B210,36.19590052107963,39.653027236304,4.653099396571697,0.0392560830463562,3.806700080296363,259.53276133043204,1013.7908906275334,13.87473858619332,7.3793773613245826,990.1848362060708,0.9611074988706652,24.338642649532808,0,13.386419219893646,1,потенциально опасно
2025-06-18 10:28:40,HM-A104,35.71124684343598,30.50416773602209,6.898064377390625,0.0321457049020981,4.899022853540753,278.6024482387857,1012.0709391706832,12.665433195863988,6.958053917951467,893.395647565608,1.0367389760336168,20.749340866633045,0,11.038439889818694,0,потенциально опасно
2025-06-18 10:28:41,HM-B210,35.60692469711214,38.90384320855266,4.391903144672079,0.0117087794520543,3.8967393100212178,248.07391670471375,1013.726374696736,16.70373361538833,6.603515114500461,958.924962954874,1.0172284726592784,20.196713362192774,1,13.461429093977587,0,потенциально опасно
2025-06-18 10:28:42,HM-A104,36.516375737837976,35.76881201311208,5.115510353699259,0.025982603112765,3.724841442992237,249.7066621414156,1012.7199230497664,15.752471922475484,6.935664678743485,959.6291234566856,1.008435015066798,24.66425136774801,0,11.53508067406642,1,безопасно
2025-06-18 10:28:43,HM-B210,35.505229055053235,35.63919566755624,4.077516916660033,0.0505216456786585,3.6349509182914415,240.0899790671095,1013.2786775270029,12.00621719433051,6.419259775902693,883.2251171513781,0.9799541257294052,22.393429754972075,2,12.382807704214322,1,безопасно
2025-06-18 10:28:44,HM-A104,38.460806708470656,35.0027853520776,4.665338475800639,0.0444850767430934,4.345075610999248,233.5267147618661,1013.8443994476712,15.828066420110826,7.850173264972281,985.4835437456404,1.0325228613503286,20.66473539669028,2,12.327756847709503,0,опасно
2025-06-18 10:28:45,HM-B210,35.31145899065032,30.693940859041835,6.341413415140465,0.046243542678994,3.6706436937209777,268.64022464308704,1012.3034132310078,15.698974963289292,6.107945265101826,923.6774800644404,0.9674162697361992,23.54279404652141,1,13.61946658749454,0,безопасно
2025-06-18 10:28:46,HM-A104,37.54711064074895,30.898768517361606,4.603525696866639,0.0449058462041761,3.708163826168946,242.48405321696623,1013.1339009512776,12.048654800777616,7.730834070592241,951.8325050333954,0.9224528500650958,20.131317311310006,0,13.897937441851903,1,безопасно
2025-06-18 10:28:47,HM-B210,39.983484269264885,36.00912005659086,4.240190207586897,0.0255486510691516,3.950045720893245,260.4452430515019,1013.5288657247404,13.848021488068824,7.022717577466702,871.8783338325256,1.025637783468117,19.234853102489037,2,11.765362899612596,0,потенциально опасно
2025-06-18 10:28:48,HM-A104,39.0698513475301,33.409585714355586,5.423359539533569,0.0149831961038387,3.922479514526696,264.38865177727405,1013.515167665438,15.033738451627652,7.237892992277635,888.6705875487954,0.9419457492077592,21.807787450583938,2,11.202239517779605,1,потенциально опасно
2025-06-18 10:28:49,HM-B210,38.07609719115506,39.17268066577681,4.029907704203556,0.0236233592016548,4.406359265498214,253.5618343645824,1013.051263829199,14.26375325929018,6.605211241817408,937.9160676905834,0.9080450311536672,21.963484314374224,2,12.95156534736454,1,потенциально опасно
2025-06-18 10:28:50,HM-A104,36.53126810393306,34.065905373594724,4.254298463279,0.0515892650092579,4.725117919209023,273.8176056513596,1013.2494789198128,15.889930593602536,7.933395233588643,897.8540902560025,0.9189057046003188,23.780225375871368,2,12.508521760259626,0,опасно
2025-06-18 10:28:51,HM-B210,38.11947918145819,31.43281458702641,6.422877608688925,0.0590235398891535,4.642024484304338,252.18974204898643,1013.5150539882655,14.12729166317217,6.56370191703898,924.953937785646,0.9913588374291222,21.19919148514301,0,12.697115425732084,0,потенциально опасно
2025-06-18 10:28:52,HM-A104,37.63520731955826,37.14718833502036,6.314420034578819,0.034692350737078,3.893726682074715,244.24543115208823,1013.6820552755148,12.769314847269186,7.177755994280608,906.1007799059934,0.991062294588176,23.70210577653739,2,11.13881063831,1,безопасно
2025-06-18 10:28:53,HM-B210,37.13041691945186,32.9335342144101,6.745416461214688,0.0104850177461521,3.86796574697897,274.8007761480811,1013.5236261937516,16.882078121369144,7.986833410214258,946.0830694966072,0.9390274756623052,20.17925875543837,2,13.325929464853838,0,опасно
2025-06-18 10:28:54,HM-A104,35.653551883701,35.25470307355893,6.563546307732249,0.0170022406067114,4.948687295160451,273.0782142124978,1012.7080098863624,13.210199963880234,7.762188792766891,923.0718044171214,1.009077022191897,22.027577415244544,0,11.697060245261891,0,потенциально опасно
2025-06-18 10:28:55,HM-B210,39.43302107620234,36.9783278550517,6.049526689719454,0.0261040287658132,3.5123543623879403,238.20199735382064,1013.9934528021156,15.58846155270666,7.072659650572212,850.6914903959753,1.0160460233099302,19.45930945230501,1,12.004810342733832,0,потенциально опасно
2025-06-18 10:28:56,HM-A104,37.24892324410661,39.002641112020704,4.156998571901989,0.0389292674296474,4.819580799590324,231.2980509176961,1012.8690053874386,12.71578155832036,7.980749045934424,947.4521256918076,1.0380753939200429,20.698121656416173,1,11.68506113764812,0,потенциально опасно
2025-06-18 10:28:57,HM-B210,35.973112559103825,37.92191194801676,6.348545853959973,0.0137546822902656,3.799592778683608,234.49927781748104,1012.0489294055178,13.645063068919663,7.402739723465229,913.3182335575272,0.9877406248017356,24.00277788482996,2,13.837833681776155,0,потенциально опасно
2025-06-18 10:28:58,HM-A104,36.83879675438645,36.76361067872724,6.536532432521682,0.057167864935494,4.920926484634652,244.32736992769085,1012.7252339031708,14.21013804215212,6.417400832283619,901.2547510735334,1.016913504622136,19.511917354050286,1,11.506165449621756,1,потенциально опасно
2025-06-18 10:28:59,HM-B210,37.07064876264464,36.79633182395144,6.397246437315864,0.02825418366422,4.01346092724128,278.6129900870856,1012.2555659091475,12.96116002263532,6.811192420871613,864.1220128424835,1.012964951965745,23.671676240294875,0,13.196957012054508,0,потенциально опасно
2025-06-18 10:29:00,HM-A104,39.13768947783437,39.45924644032087,5.525437105924079,0.0556292108962411,4.160527660839879,257.92580765804126,1012.2428852314569,14.249797881843048,6.668986668023102,883.0554535849737,0.938671357270079,19.980101604931843,2,11.73724188181561,0,опасно
2025-06-18 10:29:01,HM-B210,38.66807190280701,32.95824097496536,4.698705515948445,0.049026090137851,4.560680920916571,248.66308660146345,1012.5630700802138,12.78581411495875,6.688027416542378,883.565843737128,0.946533889190649,18.241428037756176,0,12.274758857324928,0,безопасно
2025-06-18 10:29:02,HM-A104,38.846524468206695,30.011120941961877,6.53598992706618,0.047771863625779,4.381503577209891,274.4358047306373,1012.1067509883544,14.79503269492945,7.520912878719733,990.3054249107092,0.9717723593629308,18.76954199039792,1,13.988185631516368,1,опасно
2025-06-18 10:29:03,HM-B210,35.05515632214323,32.719545593981984,6.181488429220416,0.0403359789891116,3.976908994560234,252.65681657392497,1013.3770243768192,15.31856626260097,7.168525854545587,914.876946211982,0.9028558451293872,23.22115681724552,1,11.301730232726472,1,безопасно
2025-06-18 10:29:04,HM-A104,37.08076999089881,32.17891379626744,6.942283523166555,0.0413391908525922,4.330746373801736,245.76193142005104,1012.1479777684038,12.312171420140054,6.076185423179057,856.3098770822755,0.9446096659736586,19.83449648551504,2,13.64407769325972,1,потенциально опасно
2025-06-18 10:29:05,HM-B210,37.40672075817662,36.61834585113998,4.467077793267799,0.0419001617608124,4.596060326544329,277.0609764372829,1012.406579110872,16.35566060541084,7.754896967301952,870.8225023364981,0.9710824310016356,22.579019145688903,1,13.838149688806636,0,опасно
2025-06-18 10:29:06,HM-A104,35.095961384115284,36.33711599765529,4.676993749156165,0.0414360693512791,3.563502418853738,272.4758833096339,1012.1857994289884,12.925704425210178,6.593592280960329,861.8549013599368,0.9162103942921715,22.894392319300632,2,13.094681884787835,1,потенциально опасно
2025-06-18 10:29:07,HM-B210,36.29906604372517,35.93461382704724,4.635394449644508,0.037686411569918,3.516798957883556,272.183418770972,1012.126335461806,13.12681212660162,7.994149753826287,938.3304085310816,0.9189413831662688,20.415829251042798,2,11.02988656920597,0,потенциально опасно
2025-06-18 10:29:08,HM-A104,38.80144911561067,30.162434432094532,6.3776193028640105,0.0593207009241444,4.187100408609337,255.61423715251067,1012.5355033310792,15.306749200415316,7.908381460669571,877.993223735024,0.9694855103606012,21.32443291047798,0,13.46239575209534,0,потенциально опасно
2025-06-18 10:29:09,HM-B210,35.68554852864499,37.28778054450648,4.560721889350354,0.0466145283712848,3.697754926705272,269.47191994077275,1013.1437979353208,14.34375530217207,7.88106143336393,924.7836460422664,1.0096447547378895,20.826369633190676,1,13.646815782832345,1,потенциально опасно
2025-06-18 10:29:10,HM-A104,37.67655065726296,33.23530412485491,4.199979489469918,0.048847319419626,4.496516437197071,238.9676679632276,1013.9293711128936,14.496977995855328,7.622255208127948,905.5093094304964,1.0250623396381024,24.631442974481736,1,13.942802470663802,1,потенциально опасно
2025-06-18 10:29:11,HM-B210,36.07600936008619,36.65055989006631,6.995682419756886,0.0536231407541837,3.8210786843411513,258.6611478778122,1013.7511133086992,12.640774922815664,6.441226663367085,970.58145657163,0.9819470846257125,20.239642036461117,2,13.517947243250289,1,опасно
2025-06-18 10:29:12,HM-A104,35.06060387321946,35.565784285021536,4.074451634335447,0.0207819881362924,4.1492766601935065,279.1922961423773,1013.7518678508908,16.02867910938204,7.065265488057564,898.0734455898044,0.9712123481320096,19.283261295574725,2,12.336760901919565,1,потенциально опасно
2025-06-18 10:29:13,HM-B210,36.20600728799771,33.42730925427907,6.505732180476597,0.014190207954753,3.796506405311404,244.5479215258981,1012.3521340720752,15.08527123052105,6.44860525364995,918.7398223595212,0.9576420852689632,20.559149900129047,2,13.06594903008179,0,безопасно
2025-06-18 10:29:14,HM-A104,39.87936877455027,31.34576267104108,5.096100524651958,0.0341447218299299,4.322725378623687,269.7176164623838,1012.5298143869956,12.67691021654728,6.519350911177899,958.192832289674,0.928942348865641,22.686609953214084,2,12.455385535872018,1,потенциально опасно
2025-06-18 10:29:15,HM-B210,39.00768555941495,30.94418897660481,6.524846379273446,0.0357040347809636,3.674080189076853,254.52392036040337,1012.1527866335906,13.86999683512798,7.221903538872555,915.002681039596,0.9219843004221548,22.881538832530257,0,12.05905504856814,0,потенциально опасно
2025-06-18 10:29:16,HM-A104,39.79788322160517,38.31518333112224,5.663861473633435,0.0514590889974958,3.5346602791812205,231.9902841611044,1013.5569366798304,16.05204966367515,6.081667090706127,968.9823304019784,1.0187844677492712,24.46840120752005,1,12.879279479452164,1,потенциально опасно
2025-06-18 10:29:17,HM-B210,37.439270219631815,39.18397542081558,6.70489368845908,0.0321891789641167,3.5766974571600456,268.15096989078336,1012.1396326029712,14.841775229933104,7.938917133641415,949.2526534354996,0.9697509948318505,24.172281394130664,0,13.309497318925327,1,опасно
2025-06-18 10:29:18,HM-A104,35.54868099338752,36.49788046764299,6.77857895924388,0.0385426512772156,4.931387662272964,238.42845721960563,1013.1133913416415,12.543243895664652,7.837346345155929,911.5793670920074,1.0185480368219633,20.01824364292093,1,12.90770236003458,1,потенциально опасно
2025-06-18 10:29:19,HM-B210,37.73979744486847,31.034341148604835,4.027294543842328,0.0363535469256729,3.713429327916404,261.5736783566375,1012.495751144648,13.863885228946431,6.76153514431544,925.5972888529544,1.0056124553850945,21.18614274277317,0,13.479735102938632,0,безопасно
2025-06-18 10:29:20,HM-A104,37.2718866727998,34.02027216888241,4.226236527978365,0.0119101391878695,4.562717379705253,234.28320970234864,1012.4868912680574,13.213471992278674,7.030844896013826,995.080518376329,0.9290843871575069,23.23088291728404,2,11.52912492380022,1,безопасно
2025-06-18 10:29:21,HM-B210,39.22178541369808,37.28939200105157,4.751076188712567,0.0407607448298456,3.601889306334239,277.3433698747982,1013.9814501104952,14.587327768268633,6.932238838535518,949.2417244762588,0.976546089631684,24.415760964214176,0,12.121083654809478,0,потенциально опасно
2025-06-18 10:29:22,HM-A104,35.490412903921225,37.798208840100685,6.007946249090505,0.0514021642887126,3.662240528352773,244.58619435901804,1013.5135596139572,16.216805644359948,7.76439955723494,985.7492838958487,0.9666024945634022,20.360155089998244,0,11.93775743820269,0,потенциально опасно
2025-06-18 10:29:23,HM-B210,37.44120568510889,31.18218622291089,6.664816589534518,0.0178750274037901,4.263314377114002,241.32323458386972,1013.673878716582,14.1813356740221,7.377203752632222,876.8137755206596,0.9635810259136044,21.11109003923897,2,11.582381419003395,0,безопасно
2025-06-18 10:29:24,HM-A104,35.750243323469924,30.000307188453824,5.379825853881888,0.0397165866963297,4.197306395231515,236.4568202033167,1013.143965370688,14.166710151841617,6.556222494848713,922.4854234367727,0.9813856573805722,24.296347893175263,2,12.329522982456051,0,безопасно
2025-06-18 10:29:25,HM-B210,36.6233796344503,37.12137045880605,5.820919348822796,0.0396805272223207,4.927370464159805,277.3001096669524,1013.7420285747876,16.526754511635183,6.893682508930594,986.2992504767576,1.0473122851613157,20.50938711210896,1,13.843618618594,0,опасно
2025-06-18 10:29:26,HM-A104,38.686785386939,33.565961759862056,4.565499558386684,0.0182092482028179,4.917253179531106,265.5951871220652,1013.2909810783328,14.880927062536362,6.857931951373527,898.3918092162127,1.021935089650612,21.36359090334215,1,12.614024875121489,0,потенциально опасно
2025-06-18 10:29:27,HM-B210,37.38009064684383,32.544813316182605,6.414900501645056,0.0161731786865368,4.669412963813698,267.0830444359044,1013.8923474095928,14.830955436987034,7.918670336567837,995.1496297219632,1.0355568647445588,24.33152898852655,0,11.859214630110936,0,опасно
2025-06-18 10:29:28,HM-A104,36.87944142572885,30.128974697895256,6.901984334060409,0.0590025971488242,4.403152745191025,254.97022806901225,1012.5626771720912,13.309549459376946,6.35062182102928,864.5616235710486,0.9044459374764056,23.61570252592894,0,12.062181854909111,0,безопасно
2025-06-18 10:29:29,HM-B210,36.972381392850174,35.402994067615,4.805796798743792,0.0296859584826518,4.182440476089517,253.73638926352416,1013.1906390915658,15.038613739185632,6.179152674588858,985.4006755412556,0.921050455018876,19.70401647506862,0,12.839227135151384,0,потенциально опасно
2025-06-18 10:29:30,HM-A104,37.29723384202993,38.51150735425982,5.484477854801639,0.0213710864361764,4.034267801492632,235.50106214957384,1013.3802626958736,14.87955233708698,7.761237664323381,916.7818183098788,0.9127145490336844,20.27356545788353,2,12.05824022543924,1,потенциально опасно
2025-06-18 10:29:31,HM-B210,38.92508271918528,39.57631646272588,4.258348331519121,0.0185662272227187,4.920631320463333,257.9920547791996,1012.7858746100555,13.98425735170932,7.793371979011741,861.0616247711741,0.9394846507597916,20.47071109221537,1,12.615040168762008,1,потенциально опасно
2025-06-18 10:29:32,HM-A104,39.46042344470117,35.65744950613289,5.677409969388905,0.0433800856791617,4.404363217137028,242.3458247554395,1013.759415964808,16.953477829495903,7.743478175824329,981.9282388879132,0.9662838737949976,24.38916931401742,0,11.822479680358482,1,опасно
2025-06-18 10:29:33,HM-B210,39.77667343251965,35.14461327739894,5.508350325540041,0.0404722648663639,4.368608791528992,278.85726664002027,1013.9596063262084,16.409454824740433,7.021953831251112,887.7910318613671,0.9963079871483834,24.99253615973177,1,12.037793812700558,0,опасно
2025-06-18 10:29:34,HM-A104,38.93451693127648,30.85056385489241,4.433309452465233,0.0421776061493708,3.847851682653373,269.8290470007574,1012.9875389827454,15.747931450384078,7.319488856538921,853.3375188242837,0.9751246899429904,23.41803011508808,1,13.11718357650908,0,безопасно
2025-06-18 10:29:35,HM-B210,36.57703447874006,35.488728015426,5.326198639354225,0.0144003013755726,3.5700467268276697,250.6496030096444,1012.7812813096086,14.686727942065,7.126726095121968,870.3710658353789,1.035477587236971,21.390284117454545,2,12.753855054931662,1,безопасно
2025-06-18 10:29:36,HM-A104,38.44067353043271,33.79979078965395,5.002313956259689,0.0546767291749218,4.917782869639317,237.56706293457663,1012.943875857113,14.310299009473152,6.138895652108802,948.8672112849642,1.0409783938340795,18.071216726472358,2,11.28046058994014,1,потенциально опасно
2025-06-18 10:29:37,HM-B210,37.18801562027696,36.07135280883577,5.565492625915568,0.0294633198404524,3.970602888266981,269.2665845569392,1013.705473491464,12.924486976115997,7.191669793801445,996.6717233707292,0.9245281426796188,22.882416396185704,0,13.919547555518118,0,потенциально опасно
2025-06-18 10:29:38,HM-A104,36.27335311023025,33.88726347876547,5.756963006286398,0.0256684703215178,4.163883534986688,236.1026883540658,1013.2909368510363,13.52868737007312,6.027228294512202,866.7193209375275,1.027936938039718,20.725528151484493,0,11.148010768876656,1,безопасно
2025-06-18 10:29:39,HM-B210,39.20435789712961,32.402991234503666,4.025486735821628,0.0331180723623869,3.67195991537856,239.46668767485352,1012.0895447450362,15.869803999116051,6.649974819114172,919.2922072187145,0.9722583306019952,22.43090529160024,0,11.248818716844992,0,безопасно
2025-06-18 10:29:40,HM-A104,35.192131744811626,30.949652752283765,6.283017948848666,0.0295033032873814,4.755386494863938,240.57602588721136,1013.0843398208914,14.268744769687755,7.8645851517463345,877.0954826421299,0.9679994206976076,22.246857744237,0,13.1041581462234,1,безопасно
2025-06-18 10:29:41,HM-B210,39.50880996067712,33.14918444588896,6.139042875585222,0.0531788501569572,3.541447749283896,257.8445319136547,1012.034600245482,16.411347582847505,6.608090539271615,961.7554801152388,1.017740902272685,21.365824396020717,0,13.12405441829247,0,опасно
2025-06-18 10:29:42,HM-A104,37.30738732312367,30.966448342877523,5.098859158619566,0.0564630487598946,4.750986143148644,269.3528326995184,1013.5570707420068,12.739555681727644,7.879653285288496,867.7088349642721,0.9139710763567316,24.61071178408426,1,11.056806599680316,0,потенциально опасно
2025-06-18 10:29:43,HM-B210,38.1860073840414,31.76896950823984,4.158807806706455,0.0251726608224803,3.71042751918195,245.71574393623465,1012.6566245470848,14.541735480068184,6.5002679142984885,885.9762622721335,1.032373969112872,18.16202441748739,1,12.928261698390791,0,безопасно
2025-06-18 10:29:44,HM-A104,38.296769611028914,39.87336158579546,6.264797619355151,0.0531967903729977,4.8298461689467285,234.23349071376447,1012.9440149642346,15.234828420106544,6.629124480923065,879.4608951473607,1.0006295031821422,22.98492739130812,2,11.09978004432937,0,потенциально опасно
2025-06-18 10:29:45,HM-B210,39.47558870353268,34.44103556906619,6.865525481434397,0.0490761564766533,4.594658956004237,253.22692317622096,1013.5973562118152,14.58424228153963,7.256814992877107,932.8779670550468,1.0312892411486998,20.86887907809682,2,13.88230998167008,1,опасно
2025-06-18 10:29:46,HM-A104,38.18334841083604,35.318717665050166,4.720454788066043,0.056540383617238,3.7470053937609578,267.4055120579968,1012.0928976345716,16.446134457924934,7.52325394557859,980.9776138000948,1.0491716366561434,22.99653315344128,1,13.088427781498806,0,опасно
2025-06-18 10:29:47,HM-B210,38.06966792380031,38.73618528737215,4.970573841211114,0.0222875156092943,4.348726989289203,241.0831921543694,1012.3170830711832,16.947816409145698,7.002775536009768,926.6635301734628,0.977700667853588,22.726537532777424,2,11.559734303962854,0,потенциально опасно
2025-06-18 10:29:48,HM-A104,35.33326020280345,39.95568900490688,4.551438668445445,0.0388479575060489,3.968984471532829,240.99622740196872,1012.7959207528902,12.579173291706848,7.764231374388311,858.7365179157207,0.9139893296863394,18.07166601803197,2,11.474314364481256,1,потенциально опасно
2025-06-18 10:29:49,HM-B210,37.59204010972602,35.827144493446816,5.730808370034519,0.0237272292370222,3.767349648367375,277.36135136733554,1012.4598503270912,12.649774520384604,6.080480843221238,934.5083395895248,0.924978579439633,19.9973694662227,0,12.708986908161227,1,потенциально опасно
2025-06-18 10:29:50,HM-A104,35.75084500408521,38.12473821044172,4.464524183942364,0.0512047245242187,4.788773299116663,277.7076863559589,1012.67580285155,12.651620567800606,7.844389677268741,969.6281498977014,0.9485427363831466,19.323640643526463,2,12.900556176909795,1,опасно
2025-06-18 10:29:51,HM-B210,38.68716884360743,33.26941024336675,5.068581830384138,0.0102662095285532,4.105284149760844,279.5232866030788,1013.9963494757848,15.405885480352635,6.392615599790816,869.8234295956483,0.9155329413202064,19.168904470597447,2,13.493712889615216,0,опасно
2025-06-18 10:29:52,HM-A104,37.561109604063375,33.05743957447291,6.091039041802789,0.0382409581443198,4.0978155715480735,270.382980078739,1013.6508288751476,13.86338047747919,7.768477490169312,860.9066821516888,1.0223012739206656,23.09933678884793,2,13.709963447640686,0,опасно
2025-06-18 10:29:53,HM-B210,38.401138896041765,34.027037209945604,5.680347949028045,0.0269601715635958,3.75483001220993,239.40920845839727,1013.7678036299202,15.66657330632953,6.801726358972761,878.1711666336354,0.9445301776549152,19.67685944365187,1,12.17760033217462,1,потенциально опасно
2025-06-18 10:29:54,HM-A104,35.20836450301192,36.72507262673649,5.159387692983806,0.026134185353891,4.0745985141286685,240.59907603996308,1013.8741092671316,14.027357364434891,7.665514111742075,961.912948423244,1.0463829282029795,21.323163304911105,1,13.532254527114468,1,опасно
2025-06-18 10:29:55,HM-B210,35.423960080229016,36.82191689255099,5.260748805422626,0.0422453161932458,4.807425269493275,247.0112620761196,1012.6818717606284,15.138033606660318,7.34333109960739,938.7520629298002,1.0053887147897784,19.72892296699976,0,12.627140105950202,1,потенциально опасно
2025-06-18 10:29:56,HM-A104,38.58161694031341,33.15239434649451,5.686332647869689,0.0525742224656996,4.044693065734454,245.90662656667453,1012.594153915593,15.849290028394469,6.351883264956524,931.0891980942624,0.9260145555383336,22.061636764047307,2,12.41174642180606,0,потенциально опасно
2025-06-18 10:29:57,HM-B210,35.360421679993365,31.332099241366286,4.017594183661484,0.0404597695696663,4.927405343749682,277.82638745390045,1012.4681249851442,14.741079553274602,7.836095139762897,887.4219841947653,0.971406397041591,23.044016376419776,1,13.096911938173363,1,потенциально опасно
2025-06-18 10:29:58,HM-A104,35.35628363882629,36.32396256465508,4.23552960536083,0.0526586489323361,4.919463348812581,269.4536991440847,1013.6602338226162,14.697517952250031,6.49103478097692,899.835489287029,0.9700326332449982,20.317523170887235,0,11.309584884033962,1,безопасно
2025-06-18 10:29:59,HM-B210,35.06054237617444,31.283258621887644,6.643774203289035,0.0232298555940514,3.717347988961019,266.2004396080777,1013.3591037245704,12.441171626428172,6.488280237389998,994.8827519415012,0.9738767487500452,22.22114593800985,2,11.796159517197538,0,безопасно
2025-06-18 10:30:00,HM-A104,39.7825069914974,35.7849250822933,4.233636967273872,0.035975092738249,3.765966880283967,239.29816120290656,1012.4723439649656,14.053908714547171,7.628357793274761,886.0937840094078,0.9803536755964404,23.77398342089617,0,13.450288056234164,0,безопасно
2025-06-18 10:30:01,HM-B210,38.68754179729503,36.93422128056309,6.120410788631515,0.0325268269533538,4.794011105497834,275.4762779681165,1012.7539876584208,14.728885766124687,6.2117465111450425,985.2468134882632,0.9046759623476596,18.65956999615144,0,12.512236515012226,0,опасно
2025-06-18 10:30:02,HM-A104,36.76625704251032,37.00611496394452,6.760114492327158,0.0105822449751548,4.089141378387079,271.39351897530867,1013.0134235278656,14.30990412833205,6.444071812740921,937.0797256686604,1.0029451688615436,22.974694193288897,2,13.72413030944628,1,потенциально опасно
2025-06-18 10:30:03,HM-B210,36.48267790643828,37.53472110659597,4.812050812905193,0.037840607157037,3.506560973424514,238.1820920663962,1013.0562801145476,16.503910000942128,7.007355146842125,868.4944699556871,0.9730787662932664,20.26201461104766,1,11.266111201648732,0,безопасно
2025-06-18 10:30:04,HM-A104,36.74851614872925,38.72859421565664,5.111474311178543,0.0430762162073087,3.910807729558056,273.55851659804864,1013.7774554571034,16.532653160597448,7.660954057373249,920.0968567232602,1.018644809830305,18.85854969567461,2,11.940238432940136,0,опасно
2025-06-18 10:30:05,HM-B210,38.87326765590591,34.99958991964788,5.706764217534149,0.0395957202209535,4.39644348979334,243.6123768185236,1012.7611322658944,16.10958690294381,6.294967949474535,992.2823076041312,1.022302435989065,21.81957945330044,2,12.06664967841211,1,опасно
2025-06-18 10:30:06,HM-A104,38.30685305535207,37.30249189529571,6.6451269089157545,0.046813994939171,4.698898948939952,234.0434872916053,1013.8170480610012,13.8764903768656,7.0953364690246925,912.7848397206038,0.9345802682987576,19.583836234874124,2,12.268160968169465,0,опасно
2025-06-18 10:30:07,HM-B210,35.92597783933734,36.191727353658365,6.82571676178126,0.0385669764226538,3.700082925639889,262.8411153257105,1012.8827351206396,15.586495758437673,7.422481183605879,979.5079847184044,0.9072634419640166,23.749532548684105,1,13.960460154692743,1,опасно
2025-06-18 10:30:08,HM-A104,35.87054667667042,31.866399397976824,6.218689744333805,0.0133375127425378,3.665812046625103,262.69023296921654,1013.4927453495848,13.97644230534805,7.721190449431902,888.4643041977562,1.0054850784168483,18.30027136671753,2,11.931988142204606,1,потенциально опасно
2025-06-18 10:30:09,HM-B210,35.49197824856699,30.25689644869408,4.259859282564082,0.0158222762042355,4.883138980358497,234.7466004782809,1013.86050863997,13.162967994878796,7.871131120404439,935.638322770056,1.0466644182695812,18.69057027389628,1,12.5560473588963,0,потенциально опасно
2025-06-18 10:30:10,HM-A104,38.30151359850669,32.84541385676934,6.007462466604553,0.0398237288771976,4.626722551733874,245.94259044682912,1013.8151514079266,13.714513217754408,7.569279828937865,976.577808730296,0.9669986979871352,21.64697288190072,0,12.608213971613004,1,потенциально опасно
2025-06-18 10:30:11,HM-B210,38.82186331110868,34.43033706337619,5.230911165617986,0.023748959598682,4.384669401167118,279.6407231127769,1012.1139057345914,12.354823166427677,7.305656796444004,988.1032661754545,0.9389419214390394,22.122592488538697,1,13.3123938158221,1,опасно
2025-06-18 10:30:12,HM-A104,36.32523214162502,36.17105944428656,5.412102998473185,0.0139822564517382,4.653780184993892,263.92133335043684,1012.4114085899532,13.658887545023235,6.867240170625532,922.8735050726953,0.923500784187522,23.10920665165923,0,12.553606982257424,1,безопасно
2025-06-18 10:30:13,HM-B210,35.10472480515456,38.49959330503205,4.147445171035531,0.0314801371724273,4.143281541959958,266.5037583301665,1012.9538108510644,14.303711086305858,6.22422030837684,945.9532153218144,0.9431168396085878,19.81482509776536,0,12.817212201861532,0,безопасно
2025-06-18 10:30:14,HM-A104,35.41085833738214,31.962457167061658,4.573186418039074,0.0377161299041827,4.63768362096369,240.64586428021528,1012.8631085799062,16.77740447390415,7.419474385051043,850.4470196173496,0.9491879327057176,23.89232285749304,2,13.259984152282737,1,безопасно
2025-06-18 10:30:15,HM-B210,39.83930017422515,31.25549789898477,6.371540822600943,0.0264372994174803,4.057704486911804,233.9391035501957,1013.2817833296745,13.567052931098123,7.985474608950974,887.9834961270085,0.9635812115151696,24.67199637841648,1,11.303396014039835,1,безопасно
2025-06-18 10:30:16,HM-A104,36.47722388738711,39.63479947474328,5.3618764991435794,0.0460216851112888,3.866141858738904,243.84508448704688,1013.8894181016508,16.512267696027603,7.4735211894642,891.8068155620418,0.998311068482188,21.493275125164047,0,13.890416370574908,0,опасно
2025-06-18 10:30:17,HM-B210,38.846115739190665,31.080445593764072,4.904986724893447,0.0421885304050622,4.593520131939453,242.4449192596596,1012.224809422556,13.144291379117483,6.033422187475453,864.0239517481646,0.940974458412034,23.32371955478861,0,13.538912528238344,0,безопасно
2025-06-18 10:30:18,HM-A104,38.12331784427132,34.784910701071894,5.152057221894875,0.0266409180545835,4.129508438235902,241.72720503740263,1012.9037173302684,12.954844488796248,6.992519956083678,891.9542520035465,0.9076465145203014,21.673938481806548,1,12.166317840869322,1,безопасно
2025-06-18 10:30:19,HM-B210,36.90969819826448,35.85563728793302,6.563198539977041,0.047743626445428,4.972065656489292,239.637716094352,1012.3848220757744,14.594977282160825,7.229293264965808,898.1683049587209,0.955991791735908,18.486269205885478,1,13.185252767221227,1,опасно
2025-06-18 10:30:20,HM-A104,36.028436310977774,35.41374420907438,6.246997052214871,0.0424347521266517,4.024227773462151,258.7377845327702,1013.788215196796,15.36255684648703,7.379348402205686,995.314905935229,1.0283444424238617,20.282780589898348,0,13.28697531322624,0,опасно
2025-06-18 10:30:21,HM-B210,35.60693209079703,30.860321570329432,4.8169461915432485,0.0418722689358951,4.882591130796599,246.4051737920911,1013.9291603716032,12.221661254011408,7.439451671201417,950.2903570841256,0.9747527266277826,18.612406827389105,0,13.550739348246973,1,потенциально опасно
2025-06-18 10:30:22,HM-A104,38.07506484019433,30.570269140036192,4.35250552063712,0.0376713850393534,4.899443822850619,271.0172507523765,1012.9574033637808,13.105329325236085,7.116216882433048,913.9007619124516,1.0447175636618116,24.92215383478509,1,11.564950475402156,0,безопасно
2025-06-18 10:30:23,HM-B210,38.87316890318894,31.05483427461036,4.755994664932215,0.0105694834044276,3.862779420597119,239.1973708923692,1012.2080205954564,14.278418332506584,6.44672066546848,998.2081691043264,0.9755432296633098,19.60318138451364,1,13.111108257931408,0,безопасно
2025-06-18 10:30:24,HM-A104,38.21952126770565,35.855876838726125,6.762269353164201,0.0448253591738444,4.69733177238202,253.2313535434272,1013.5705893334454,13.655021679915908,7.884401322953093,872.9848480351917,0.9413848225382772,22.451302935910032,0,11.100021591578852,0,потенциально опасно
2025-06-18 10:30:25,HM-B210,37.65151066624579,35.44344887634321,5.744766513549266,0.0288020895554578,4.149611757716848,230.682891821304,1013.3942827009848,15.563105396741609,7.393332935327324,921.4076790895726,0.9289970995867822,19.99041571361456,2,11.346737372161645,1,потенциально опасно
2025-06-18 10:30:26,HM-A104,35.20975611715818,32.33740792036744,5.600440626234349,0.0571304855079327,4.876287090845522,254.0841161227596,1012.7093416532206,14.555802980206584,6.473680073738819,947.0593310573574,1.0041786745178365,22.57272350749148,1,13.328200881396512,0,потенциально опасно
2025-06-18 10:30:27,HM-B210,39.84244388797192,36.37774141845591,5.789180799077385,0.0508992385538602,4.175186408952858,232.7919110438237,1013.774814947938,12.8017955280195,6.644643664540546,858.3370951726115,0.9804571928666156,19.472811836093378,0,13.43900901164528,0,потенциально опасно
2025-06-18 10:30:28,HM-A104,38.99357095827287,38.200675020556496,5.0980847972395456,0.0393847234765656,4.616455576006049,278.8861755936322,1013.9516637795654,16.472326896575453,7.843855341260739,957.5498287124678,0.9905998393493164,23.496890461370523,0,12.777309356373694,0,опасно
2025-06-18 10:30:29,HM-B210,36.46411018350482,30.41578959846594,6.4213210609585385,0.0226090990909634,4.200451113745697,269.52960643252067,1013.1157076982604,13.464528377416798,7.774970373414671,864.9801029382985,1.0132690184001196,18.775681219856448,2,12.745057922551691,1,потенциально опасно
2025-06-18 10:30:30,HM-A104,39.899851646794254,34.98129943548042,5.569858747900749,0.0201858696638833,3.841701133569284,254.5055738318228,1013.1314558226886,15.655655544822118,6.810292876716179,871.0423462899515,1.008885519639734,24.26605280063196,1,13.248534285103789,1,безопасно
2025-06-18 10:30:31,HM-B210,38.00940794818161,36.8931041210269,4.350243708306387,0.0270192418838774,3.799025193417029,234.32936790896755,1012.5950270102276,15.89957889552705,6.076614443982902,873.9534268693126,0.906504495025234,23.882951847785563,0,13.718254466266105,0,безопасно
2025-06-18 10:30:32,HM-A104,37.91211329103624,32.52311927069687,4.387195374487189,0.0338283971790009,4.138146791384519,259.62227203952074,1013.1690120719668,16.81578850128051,6.096994737787877,989.3334739983276,1.0203857857942542,22.7516514054687,2,12.26334551260289,0,потенциально опасно
2025-06-18 10:30:33,HM-B210,38.74036589714766,33.07770905293149,5.610577439507855,0.0248032755019473,4.633241985521322,267.9381875350939,1012.8792846410496,14.492537332620508,6.567836581836778,952.4853317707252,0.9799054960577568,18.471902389999936,1,11.344463355822043,1,потенциально опасно
2025-06-18 10:30:34,HM-A104,39.05884894045069,36.13637902989384,6.809710654212518,0.0357464747696241,4.40760722777115,239.53586265023728,1012.604382053856,15.07917757732216,7.258244438677999,948.3141251654656,0.958756279622216,19.4599831983025,2,13.516998153281865,1,опасно
2025-06-18 10:30:35,HM-B210,38.28239303665751,38.97935293443737,4.925056365028596,0.0182685212756592,4.532943934850815,258.4104170393745,1012.1343703930478,13.67438146739767,7.168389270669124,933.3240244697488,0.9806279139402104,24.01553116983753,0,12.02493243791226,1,безопасно
2025-06-18 10:30:36,HM-A104,35.640478731831,38.099244203029,6.608623506577655,0.0588856406412749,3.9234895260979137,270.7105449191434,1012.5054157194182,15.390896467060331,7.267655573887885,893.9208998042654,0.9918677172685988,18.853821040118167,2,11.40135731963177,0,опасно
2025-06-18 10:30:37,HM-B210,36.69133752997249,35.831302190995835,6.292286759736638,0.0153962277482496,4.2221530189364085,268.41238888231584,1012.3957092993552,14.3169174293316,7.434565943864213,943.1334556899028,0.9224259464810696,19.09152467415614,0,12.843849200428494,1,опасно
2025-06-18 10:30:38,HM-A104,39.64041820163025,37.302217177572494,4.74343732872072,0.0565972069827186,3.5665928974539907,270.1496008933576,1013.084083969108,14.188261823622112,6.038064507185477,911.522457983296,0.9626123092989668,21.808023266288647,0,12.73425177563507,0,безопасно
2025-06-18 10:30:39,HM-B210,36.12307805921926,33.64822470207799,4.109022244948728,0.0556789005701347,4.726298623937181,273.966171243486,1013.2033400435272,16.277337645580527,6.2101711903448855,871.8124225138922,0.9503379315282277,19.919242077720405,2,12.422738619507166,0,потенциально опасно
2025-06-18 10:30:40,HM-A104,36.86083511918757,36.40965528098758,4.305541795427148,0.0362680240909749,4.984838243359812,276.8841051079735,1013.217143448612,12.250844217493444,6.718966903654425,953.43959354916,0.9525613417227058,19.554529899607505,2,13.579391732741476,1,потенциально опасно
2025-06-18 10:30:41,HM-B210,37.16038441472098,34.66181591127557,6.185481801542321,0.0462455135918042,4.110318593937007,250.2760577601768,1012.7763620020912,16.409812139159342,6.309719995043164,869.4373251894884,0.9137002407610962,22.030694022937265,0,11.816677506210103,0,безопасно
2025-06-18 10:30:42,HM-A104,37.19702494847226,31.899361364575608,4.59900921412194,0.0318024148986293,3.516445479697315,258.4384551261439,1012.842459467371,16.260349189142786,6.150640085089108,878.6002871531759,0.9239765232000344,20.6080367352062,2,11.03970579585314,0,безопасно
2025-06-18 10:30:43,HM-B210,38.064697912472624,37.01738273877257,5.113812761516181,0.0415017288771219,3.754688959326421,269.53297630228053,1013.6684768592812,14.531831267808943,7.281928791994664,972.654896777141,0.9242748101379332,18.98391927738768,1,11.9704061568266,1,опасно
2025-06-18 10:30:44,HM-A104,39.71537918872354,35.564646373488216,5.505097498019275,0.0270287968710559,4.478790316625628,264.8569906972892,1012.9524656270344,14.45101427102814,7.630672954982198,949.0175644187732,0.9559837114832472,21.743976372818253,1,11.029117881206384,0,потенциально опасно
2025-06-18 10:30:45,HM-B210,36.20346355916252,33.58621581953592,6.176404505350488,0.0250579509892722,4.418118977305789,279.7760114132189,1013.9755466642742,13.809036840177452,7.505253314868565,944.6486731320464,1.0341737317312187,20.70908682295036,2,12.630773632690518,0,опасно
2025-06-18 10:30:46,HM-A104,35.60750688150459,39.11339190078631,4.339693669777376,0.0389114893084756,4.681797079378316,230.6838825552322,1012.8792344600178,16.970868958408673,7.634079557218358,912.7304176514086,0.9309041057881414,23.141617419916383,2,12.134744878579545,1,потенциально опасно
2025-06-18 10:30:47,HM-B210,35.987352449299685,30.209341178267334,5.219099215832385,0.034906483709199,3.880826016441602,247.75666076578955,1013.2991618892356,12.555846663769206,7.331713088115754,909.4420777359056,0.9624288761512207,18.719288096244124,1,13.441828222571258,0,безопасно
2025-06-18 10:30:48,HM-A104,39.43462450104635,33.15773151249496,5.455218727428086,0.038976818457499,4.645447873320701,244.0513963135101,1012.1007259979868,14.951076178143037,7.470690643628404,953.53939137781,0.9467414122948709,22.34429270762182,0,13.392756057472452,1,опасно
2025-06-18 10:30:49,HM-B210,38.22905406327603,30.568813977776465,5.622481191914619,0.0243330290643511,4.531976032285504,243.11579250827677,1013.3066798488376,15.408407950562085,6.543557548416603,961.0008307913567,1.0181074968827009,21.05545328860273,0,12.303915479895991,1,безопасно
2025-06-18 10:30:50,HM-A104,36.42953394619581,37.66527316221627,6.4550819241856505,0.0283478915908497,3.984221746570765,241.1264891249443,1013.70285278883,16.67165004108472,7.986016072568328,926.5319803546464,0.9075189648481224,20.842433125366828,1,11.649455820757469,0,опасно
2025-06-18 10:30:51,HM-B210,39.07973469484308,37.02107454113793,4.5150345851296505,0.0141948980314454,4.318232222085443,265.45619204076144,1013.8849156770666,15.901017484283807,6.366331308987775,995.390386652279,0.9294815093303836,19.62601381605839,0,12.267289597826892,0,опасно
2025-06-18 10:30:52,HM-A104,39.30684998181718,33.31352218736317,6.423494355479867,0.0126138186136102,3.7209107127474894,234.2379736637661,1013.9946412232796,15.219236014057737,6.4289877487787646,993.3549338378308,0.9315962313532192,18.212982197418977,2,12.923953197630889,1,опасно
2025-06-18 10:30:53,HM-B210,39.23257169345139,36.75662902207073,6.078635283089957,0.0226728564836508,4.178846755153374,267.0804416971669,1012.5643572912984,12.584061584060612,6.577843663631693,911.8644235019138,1.0489444200469848,23.93382436055252,2,11.57061794471872,1,потенциально опасно
2025-06-18 10:30:54,HM-A104,39.594632668197775,33.9593722619595,5.667612442596878,0.0137123429665272,4.821796009333461,264.6712921008137,1013.1507401296516,13.868667584157336,7.950664860213157,973.093338142473,0.9856162526949456,20.284870602240986,1,13.319139846710907,0,опасно
2025-06-18 10:30:55,HM-B210,36.26120510086681,37.56253791422434,6.098583611207715,0.015188735431737,4.131787069738087,242.5402066250448,1012.9014359710644,12.694208212739928,7.976577178707812,931.4901762397624,0.9208437396575276,22.76763727810893,1,11.991680631305822,0,безопасно
2025-06-18 10:30:56,HM-A104,38.775209643731394,34.54183662736706,5.23605321685497,0.0506464202696968,4.7593500597131335,242.6416891582581,1013.1276349611504,16.40606366232757,7.589787499412995,926.7633831335762,0.9408298708914848,24.63311179843695,1,13.796530984752229,0,опасно
2025-06-18 10:30:57,HM-B210,37.3026974863707,34.12279727831665,4.415192757904373,0.0119436848508344,4.385380047889542,261.4430292672251,1012.3149059143796,15.748105777818214,7.258115197119268,858.2446092067978,0.9251733141184386,21.95493208657492,1,12.535611590823825,1,потенциально опасно
2025-06-18 10:30:58,HM-A104,39.20999276445031,39.34729915488301,5.997295720796102,0.0429471396967371,3.787815069653535,268.1085552741839,1013.712299145192,15.787683933986148,7.040125150369227,936.0962065702464,0.9186906854429172,20.780028317639065,0,13.541379602389169,0,опасно
2025-06-18 10:30:59,HM-B210,38.64245338580807,32.508790998907,5.5740169200568666,0.02362788744077,4.371659367046845,273.8242806543683,1013.8191378866892,15.26128258886772,7.941241691373691,985.0866895844748,1.019577304261184,19.87791496444093,0,12.847677740889807,0,опасно
2025-06-18 10:31:00,HM-A104,38.88223723249863,31.204473399965654,5.918124401628327,0.0535772840354063,4.258974993735595,272.6069781927238,1012.8993233262258,14.535217684683548,7.391245605716495,967.020077379264,0.9743628942990532,24.538306548532454,0,12.663805531336212,0,потенциально опасно
2025-06-18 10:31:01,HM-B210,38.28080918840536,35.845431132594584,5.01399634308547,0.0342496142288749,4.097962002794576,278.24414970819265,1012.5608597231472,12.749855297317486,7.88946025665206,967.9475717048894,0.9946815205273172,22.774537726358,2,13.046390400455335,0,опасно
2025-06-18 10:31:02,HM-A104,35.88714384734853,39.693218122841785,6.720599732019508,0.0252788229663912,3.6794456592741054,259.06924476682553,1012.281666855306,13.64847443352526,6.633101598955248,873.9893557864509,0.9496876870487996,22.65696975279592,2,13.434473371123282,1,потенциально опасно
2025-06-18 10:31:03,HM-B210,37.72513459448469,33.778392137271865,5.762109605726731,0.0358819467844717,4.125062995770845,275.432778067018,1013.3675296495556,12.684578962384451,6.667549584539131,903.7674170700344,0.9830542629100996,20.98310827601694,1,12.933522513229208,1,безопасно
2025-06-18 10:31:04,HM-A104,39.923348697622544,30.620367636287817,4.256207452872621,0.0290979009522634,3.609143564359441,270.42566366302054,1012.6244636792414,15.624565714261715,7.709449188236871,884.9807374975354,0.9386353548785548,23.91534099007201,1,13.391722061575107,0,потенциально опасно
2025-06-18 10:31:05,HM-B210,39.68694033248559,33.393052673095674,5.349411972113286,0.0382150532334915,3.648153577098127,274.73338121570066,1013.8190771398268,12.801143880110024,6.299709841170589,897.3872923683454,0.9462054412392352,22.99570530906641,0,11.57139549337854,0,безопасно
2025-06-18 10:31:06,HM-A104,35.21586867898506,35.059316543195585,6.269068164230903,0.0157266434163174,4.123874799399074,230.58133006426837,1013.3420249496896,15.510567750858428,7.891855722592151,936.9309015240588,0.99783569165501,19.982282902467112,0,11.832549621124404,1,безопасно
2025-06-18 10:31:07,HM-B210,35.824074078647186,31.61923006632214,6.382403685196817,0.0598495251406275,3.958072222952696,278.29514959329055,1013.2913706503484,15.461276947979524,7.014948709326815,904.7175720055372,0.9225525188878846,22.197050620175336,0,11.68916846476192,0,потенциально опасно
2025-06-18 10:31:08,HM-A104,35.65864386727281,36.58102218056492,5.483791158291276,0.0312777938848358,4.888316488793335,253.6765081423239,1013.1188042317964,14.296522394956444,7.852827757167395,934.10467261964,0.9925832788751192,21.01135768220886,1,13.394909563443727,1,потенциально опасно
2025-06-18 10:31:09,HM-B210,38.62989954992648,39.977493890102,6.684242712493903,0.0274115319853684,4.063558708070406,269.90914947874217,1012.0915526788574,12.67614327059026,6.673585577451626,915.7751872411866,1.027835222463469,18.04613113980799,0,11.258385676571228,1,опасно
2025-06-18 10:31:10,HM-A104,39.08892664928472,34.51739475981444,4.803005311582893,0.0455104924158132,4.63678718310815,236.36020596688903,1013.8638448713712,13.574004130670184,7.431917808278794,892.9923337674592,0.9180634839271152,23.653364020512583,1,13.387589592325185,1,потенциально опасно
2025-06-18 10:31:11,HM-B210,36.06755683155336,33.547285567302126,5.2317960917148,0.0281949703247666,4.295371289549364,249.7970547906987,1013.2558749865988,13.600465545377755,6.965750243945379,864.3105151307738,1.0346191920854968,18.859812442437907,1,12.167126899443565,1,безопасно
2025-06-18 10:31:12,HM-A104,37.52926346475915,34.00704166834467,6.695790731706911,0.0516637152514378,4.556128502963503,243.57303315104957,1013.9881239667662,15.501925665716469,7.253607260490946,983.7757686017172,0.9119168520448344,21.569681542018294,2,11.238521486052186,0,опасно
2025-06-18 10:31:13,HM-B210,39.203515140056,31.15146178395201,6.6887701494147365,0.0327135362180212,3.8901739745230985,244.58293852504684,1013.0747128095458,12.568715097068624,7.008744986278304,851.7060049006973,0.952336384043381,20.35358335159371,2,12.273278784579388,1,безопасно
2025-06-18 10:31:14,HM-A104,38.66400772383125,38.83273601426224,6.057138306474043,0.0459779206632717,4.912857459257493,236.16278099754408,1013.4202217838124,16.145343231080453,7.934231234742723,850.2478732212957,0.9915763972856992,20.39462328840474,1,11.901506901601554,0,опасно
2025-06-18 10:31:15,HM-B210,37.71118602745924,34.14825655521352,6.576941641366661,0.0153726608220943,4.295132745371636,270.28819162715035,1012.1124191157325,15.80503645092957,7.384210795627834,974.019660964532,0.9839122140177804,21.34155418389665,0,12.77585654834795,0,опасно
2025-06-18 10:31:16,HM-A104,37.95173845229387,33.87274411424841,4.266319800868698,0.0523059592777555,4.746986106927874,230.46211572905392,1013.2634723536468,12.931534590871369,6.502637937252631,999.5216410488686,0.914458660874165,24.979161728138216,1,12.41757989928144,1,безопасно
2025-06-18 10:31:17,HM-B210,37.5418027345814,36.596902729304745,6.5949849286233295,0.0467858993389054,4.04756854021417,245.6252728492601,1013.5292992231808,15.595821908894449,7.819353843810169,959.0654241570484,1.019836975167878,20.85865776442033,1,11.890332173265053,1,опасно
2025-06-18 10:31:18,HM-A104,36.4877422565941,34.420334209311235,4.96185971965068,0.0205858389230982,3.650317023575787,238.72052716082075,1013.5570285897052,15.34256590733911,6.5880594763102085,852.2910757094327,1.045972993971788,19.276304608716007,1,13.586797833216549,1,безопасно
2025-06-18 10:31:19,HM-B210,37.82510996429508,36.48233468807846,4.534994537284649,0.0172643004872893,4.510567471581274,259.45194703041705,1013.5402233044606,15.740604000554631,6.743210198601712,884.003534000277,0.9271842433775656,22.29524436634558,1,12.220464274536706,0,потенциально опасно
2025-06-18 10:31:20,HM-A104,38.44442651025045,30.614462901307878,4.718109509026139,0.0258146174362812,3.5116394725061366,242.7126201307272,1012.4525652545872,12.944642777243471,6.204247396040427,995.7734050392942,1.0342696454723197,19.65401395627665,2,12.412069975405336,1,безопасно
2025-06-18 10:31:21,HM-B210,39.36661457930404,38.13723343722228,5.253905524041661,0.0588035293015952,4.212939464848263,242.949922726405,1013.9507969552104,12.787951610782343,7.799933039592382,971.2906378260752,0.9835214163167626,18.738843956990653,2,13.539885574257372,1,опасно
2025-06-18 10:31:22,HM-A104,38.18145676989624,39.40503952879403,4.753576013813402,0.0228415787283529,3.7892028539996887,254.41690719976597,1013.9903642412498,13.182419929613772,6.572224046455726,935.0199765707066,1.040390065686799,18.351219204461504,1,11.267169825032065,1,потенциально опасно
2025-06-18 10:31:23,HM-B210,38.80560768521579,36.487653861593856,4.961702758049497,0.0328063604473316,4.441063256653044,262.6344519670463,1012.1511917503232,13.82935851574488,6.517835235862765,885.5291064160539,0.9264128937625142,18.16016891813779,2,12.169679425333234,0,опасно
2025-06-18 10:31:24,HM-A104,35.80035817477287,39.545659288588105,4.404935458214927,0.0115010112858668,4.969129809706779,236.0652352282582,1013.8728928456236,15.968324905179006,7.840525195989908,852.1555308890123,1.0188032089769137,21.018152538177446,2,12.208570059585169,1,потенциально опасно
2025-06-18 10:31:25,HM-B210,37.30778737209895,31.514323143699634,4.888530296676995,0.0298613764783116,4.196604359480969,238.7755726232748,1012.5788983886088,15.68961968739425,7.611053724810066,853.1292208956113,0.9089672363167997,20.98708045911376,0,12.48747696547005,1,безопасно
2025-06-18 10:31:26,HM-A104,35.04665809913546,34.77416189480354,5.716851443626004,0.0385660007716551,4.7262473847885005,242.35873722972588,1013.378568163502,16.627257961392665,6.282157843038749,941.797129529534,1.032479467020409,19.29881780054567,2,11.318361777078216,1,потенциально опасно
2025-06-18 10:31:27,HM-B210,36.23339432260811,36.018067339454475,5.325561124273191,0.0576562306253982,4.2616762804266815,278.687410705898,1012.6762218414724,12.293147795493075,7.538649007807361,853.2747814528635,1.001123913329945,23.488133376398466,2,11.307980363748657,0,потенциально опасно
2025-06-18 10:31:28,HM-A104,38.63230857556503,35.817366474211866,5.040156283707733,0.0358368022470032,4.243760046656036,249.857624997146,1013.9355086467464,12.057781405070928,7.826066196107582,999.044521288806,0.9555382175883644,18.90489439543915,1,12.249247867297749,1,опасно
2025-06-18 10:31:29,HM-B210,39.959049756746815,34.01461779089043,6.239356386571342,0.0509553663088843,4.895635239768167,259.9495045315513,1012.2030077166072,15.495694148503995,6.157022436421488,877.5075750240608,0.9285700235246775,24.40722034847512,2,11.099087025040184,0,опасно
2025-06-18 10:31:30,HM-A104,35.49589049793608,33.38084409366262,6.680529914179954,0.037356382128445,4.834948803120023,242.07714063579888,1012.9954936339128,13.396437478970828,7.650429989809146,956.6061042803916,1.0224799647850809,22.113031843502903,2,11.764953077178903,0,потенциально опасно
2025-06-18 10:31:31,HM-B210,37.00747157930644,31.268240225504183,6.270367668707191,0.0120392506717759,4.678700697781961,254.5229762578744,1012.856095583884,13.670394477669088,7.094840103746112,873.258958211862,0.9904861982092218,18.193314632734506,2,11.603530261314692,0,безопасно
2025-06-18 10:31:32,HM-A104,39.0003548434958,33.91742450562278,4.996002106353037,0.0257504137594887,3.944383629975176,233.7059587192979,1012.652046904556,14.73401012957256,7.338394898757601,931.0140131646572,0.9540623779422004,24.740808380199017,1,12.468158783970724,0,безопасно
2025-06-18 10:31:33,HM-B210,36.020178173144494,31.626608151054853,6.233326503512661,0.0387774753915551,4.317512623585911,231.73710729611636,1013.2910679817604,12.512065615633992,6.985708677809874,862.0916932699326,0.9665753737203776,20.155588816820973,1,11.033478671654631,0,безопасно
2025-06-18 10:31:34,HM-A104,37.77542474651143,37.34365676492219,4.455940547422154,0.0575296982965562,3.835845849958528,253.436676341073,1012.2621114868432,15.21347208274025,7.395606169810557,965.0167636799864,1.0239813984108566,21.14982471704497,2,13.027200350791912,1,опасно
2025-06-18 10:31:35,HM-B210,38.665356480148375,32.0883093549459,4.390953964273873,0.0529565179875616,4.165875047069809,249.93296437592065,1013.4333248362674,13.625737231155751,6.068195723333506,937.7381642087244,0.9508390790035302,19.989880850961864,1,13.566761921392208,1,потенциально опасно
2025-06-18 10:31:36,HM-A104,38.079927251300894,30.585653052845338,5.036881111108476,0.0214177807089423,4.2263195986396855,236.84401598459135,1013.9611842476096,15.163575621504958,7.525413446446567,862.9250040102122,0.9134449017164892,23.098949086236445,1,13.120224554717913,0,потенциально опасно
2025-06-18 10:31:37,HM-B210,35.94012367307708,35.52366137817234,6.423107107132172,0.0210054915009581,4.747460060253996,264.3800714460367,1013.6091174289372,16.17003456536693,6.066687395717917,977.2879283800008,1.036692325830521,21.39976154503677,0,13.454234508086,0,опасно
2025-06-18 10:31:38,HM-A104,36.7769228434287,35.95229732719402,4.7390447417269055,0.020058648355695,4.84404254798749,279.6451745449632,1013.7200335058192,12.855556666687148,6.910599695494687,932.0527922165052,0.9581015609487052,18.92661071581752,2,12.92994921139456,0,опасно
2025-06-18 10:31:39,HM-B210,38.91895892242699,38.71913061280505,4.189760226696039,0.0561249448151251,4.121930093594717,249.78234105983563,1012.719273486358,16.6543654645726,6.30192998626059,988.2388465019976,0.952258126667282,18.729427666516177,0,12.522101103167426,0,потенциально опасно
2025-06-18 10:31:40,HM-A104,37.771132570660086,35.76981612417682,4.395128605619066,0.052633307655086,3.526556667609856,261.2279317958697,1012.6497732129624,14.65344070531222,7.647148554702614,987.4935060517168,0.930659942831391,23.077627893272023,2,11.657064791929002,1,потенциально опасно
2025-06-18 10:31:41,HM-B210,35.026148067714566,33.454808537234456,6.57623490558874,0.0487441716126474,4.792660759684032,278.1487971182243,1013.0340967093804,16.614638825869843,6.627321818351337,988.0761684229874,1.034613385684252,19.6595698345189,2,11.838879043048593,1,опасно
2025-06-18 10:31:42,HM-A104,38.80495380014047,38.03011881526321,5.901349854241863,0.0296367557112113,3.761418017752041,271.57674862234376,1012.0914532295244,13.038650411008891,6.908187089208665,861.6677800300702,0.9326258000531752,18.964553622469307,0,11.953124011158554,0,потенциально опасно
2025-06-18 10:31:43,HM-B210,35.1765567747012,35.40278893187421,4.75960349010993,0.0352190352149383,4.43282294583559,253.1776111651343,1013.890716268913,15.022813323021188,6.857501482596623,868.1436642631785,0.9955009302002076,21.4959931789849,0,11.114053008399452,0,безопасно
2025-06-18 10:31:44,HM-A104,38.72866891365616,30.79280284631192,5.665887475984544,0.0332165872397576,3.5374563506511967,266.874474222996,1012.2875703460325,14.019435586618023,7.545003931369413,998.1558714574296,1.0321147517412157,23.61935701275413,2,13.7392663142357,0,опасно
2025-06-18 10:31:45,HM-B210,36.01240280082619,35.65850560313247,5.582738867276051,0.0226699053779686,4.099259712890847,236.4067520125262,1013.8060260783362,15.871110955780066,6.962288719591951,923.140123209806,0.9052370421904826,19.951479221111917,0,13.700908107900124,1,потенциально опасно
2025-06-18 10:31:46,HM-A104,39.7903674005969,39.08018545421663,5.966307935321984,0.0352514023074383,4.978940453173024,255.60519277319,1012.1671644440008,15.029544716066482,7.577916670020692,885.7321079243721,1.0243187557950293,19.93502128190565,0,11.323333548589863,0,опасно
2025-06-18 10:31:47,HM-B210,36.83970375651042,33.96312625498221,4.699562663264849,0.0115248273926377,3.6510404016557048,243.95301385899683,1013.6452498553572,14.472577284791592,6.147016553605351,965.4496732747988,0.9615899132534662,23.83716882182264,1,12.67008069665016,1,безопасно
2025-06-18 10:31:48,HM-A104,36.6346580816904,32.963258018998,6.593208961583193,0.0165905186748729,4.135539727999463,238.05818439480805,1012.3039250517564,16.564927032155044,6.38318793580599,889.6427831818723,0.998696186289782,19.03483656198148,2,12.402923882611509,1,потенциально опасно
2025-06-18 10:31:49,HM-B210,35.744440251662226,31.4346945701802,4.928105686240039,0.0543294798084473,3.960724925284928,251.31404531272676,1012.0762632281828,13.8855853208584,7.103068499292721,959.0823532027964,0.9558606844838332,22.317093142505836,1,13.050241991125986,0,потенциально опасно
2025-06-18 10:31:50,HM-A104,36.52802107745107,31.51445521935357,6.082394961928711,0.0475839883515711,4.857632185082396,236.55072772168072,1013.4389789005188,13.099901024490908,7.89417664950539,975.592866677464,1.004327438452124,24.6850943808781,2,12.809052981615004,1,потенциально опасно
2025-06-18 10:31:51,HM-B210,39.383253809141,34.32771484341819,4.048373939116645,0.0311434204529543,4.804010161861033,264.9492554087243,1012.5605306003488,15.04050593426046,6.14951569344356,967.639506594292,0.9381442371836548,23.889122047041152,1,11.372965403537991,0,потенциально опасно
2025-06-18 10:31:52,HM-A104,39.98167168813624,35.956798241615296,5.117971389682442,0.0358575181141938,3.856548140459344,252.8120022026668,1013.4289923055688,15.120142185864069,6.086168432313729,891.1071712296903,0.9032895813653096,18.432706636458104,2,12.980232934885386,1,опасно
2025-06-18 10:31:53,HM-B210,36.84154765253424,30.80615405169602,5.055129453876425,0.0284999442979988,3.621781680575647,256.5572316282332,1013.1101705009456,14.195473107859378,6.313101349855711,910.2427861118856,1.042168127218193,20.23937613593138,1,12.826616911868111,0,безопасно
2025-06-18 10:31:54,HM-A104,37.24305315477271,39.395685890251656,5.630453285749043,0.0470389933580336,4.440707591091677,237.31879693340784,1012.2176147804602,14.433050218446912,7.282306257720313,911.9876504849916,0.9024551646060124,18.996621259148316,2,12.593670913921416,0,опасно
2025-06-18 10:31:55,HM-B210,38.61035469101368,37.55133617445196,4.21820878533159,0.0492093589616039,4.004553067825564,236.98858305467476,1013.8642601466024,16.7977670714995,6.797985833340494,923.6909377156708,1.0236148934450262,24.644684463809977,1,12.20721879971968,0,потенциально опасно
2025-06-18 10:31:56,HM-A104,39.43097890232537,35.86623918283663,6.370394121178325,0.0481642595101579,4.508126585909094,259.1707717630062,1012.904628349527,15.663428456984006,7.651104758835372,875.1059277310204,0.9253706389983712,24.90159096355457,0,13.864762982159494,0,опасно
2025-06-18 10:31:57,HM-B210,37.96522167093392,38.28438670938991,4.6533424053027055,0.0461305862417224,3.548179634101721,279.2504873914723,1013.4688945555972,12.553008757412885,6.143866302962731,917.8705075621514,0.9588330342903042,19.644951143780265,2,13.548318683933347,0,потенциально опасно
2025-06-18 10:31:58,HM-A104,36.95762849088915,30.80186756812113,6.031113444646031,0.0202252169346397,3.700098852766234,234.8125291618863,1013.0020411440312,13.060650354353054,6.392828173629402,926.617448577322,1.0233738564759085,22.68789331380127,0,12.75525492475976,0,безопасно
2025-06-18 10:31:59,HM-B210,37.06310920424312,34.768388777331246,6.409636369732279,0.0268984989620239,4.529558349158965,244.28657142828905,1013.2087229499224,16.877883172177796,6.600052810929792,929.756349487158,0.9308898225468518,23.89142212432983,1,11.01913347580285,1,безопасно
2025-06-18 10:32:00,HM-A104,38.478090732484034,36.30093126861664,5.685630868724539,0.0334922717491837,3.8185559829537463,273.47295582689435,1012.6055471847134,15.632327768967656,7.25346017337757,972.9850644976688,1.0298561408287554,19.635761990901337,2,12.29636972650932,1,опасно
2025-06-18 10:32:01,HM-B210,35.016091318021395,38.28652906118289,6.2226496201659565,0.0265396495713827,4.786381513643603,233.61360061276184,1012.4007206080068,16.575225630723267,7.370345380603094,927.6001747719242,0.9746638408652852,19.31376444024684,1,13.101019185650298,0,потенциально опасно
2025-06-18 10:32:02,HM-A104,38.097946687299206,37.83469560049268,5.985580936645016,0.0477470100079164,3.587886331565203,273.7942860683476,1013.085140406816,13.51930731994361,6.248406587927548,884.6175883770513,0.9549230194075916,18.07847716273096,1,11.351882704308476,1,потенциально опасно
2025-06-18 10:32:03,HM-B210,36.77746505220679,32.77069249713399,5.066589391456023,0.0264676762124977,3.823222974178362,256.2142991687376,1012.880437945942,15.70933430043296,7.887609417983479,949.469310736628,0.9993656620104504,20.88373719859068,0,12.219648849715227,0,безопасно
2025-06-18 10:32:04,HM-A104,38.97098665638542,39.40880169559205,6.426575617100696,0.0169116043392668,4.997840372727604,250.4133386963213,1012.780226426868,15.570013542617556,6.682088270380419,969.5971216129938,0.9512084582971436,24.296062236763014,2,11.575175671857917,1,потенциально опасно
2025-06-18 10:32:05,HM-B210,35.46495319911566,31.243458414308705,4.884104109656584,0.0299520226024152,4.149614153880189,245.4840282175728,1013.3451343901892,13.473449927196874,7.426337526000566,897.9057499657392,0.9520932538494536,24.320857543394443,1,12.014428961446454,1,безопасно
2025-06-18 10:32:06,HM-A104,37.94101133474195,38.75133618621152,5.713638753254552,0.058995721639119,4.554448495316965,244.8558579063921,1013.3810132640224,14.754081627253528,7.048415437895398,946.7958893526408,1.0100289586407456,18.894201892563117,0,11.08000761205947,0,потенциально опасно
2025-06-18 10:32:07,HM-B210,37.40486444943062,39.70940249604619,6.236193217424619,0.0212940706466787,3.773994573285521,245.29012912247396,1012.0918401121826,15.137075556351476,6.445516227094213,872.0406993919019,0.9464748336808662,19.430467363698764,0,11.380197146794698,0,безопасно
2025-06-18 10:32:08,HM-A104,38.21162762952613,31.771535232226256,5.1368677294375225,0.0406079329471614,4.414803102478307,274.2401540480098,1012.6774889884872,14.405659054137326,7.692456646230822,901.2889456867096,0.9301158972531638,20.85633131654173,0,12.364270550417782,1,потенциально опасно
2025-06-18 10:32:09,HM-B210,35.324267972414845,37.220660642037856,4.908302822852275,0.0316486524919853,4.589159102554127,266.18976150873925,1012.8235291004528,16.135893533290066,7.636476056383859,986.3835894324452,1.0211469191994855,23.464371816145917,0,13.69456976310734,1,потенциально опасно
2025-06-18 10:32:10,HM-A104,37.899918937140654,30.402855187779984,5.378038030518468,0.0135512283824663,3.971714953799766,263.48615039155754,1012.1937843223284,16.164345208989946,6.792143707833381,986.6962244743856,1.0208056550590847,22.282960384722102,1,12.47174486480258,1,потенциально опасно
2025-06-18 10:32:11,HM-B210,37.80742293979762,34.05422825139155,6.453890483047461,0.0343938302999029,4.743345667963816,269.9374574476,1012.4718017333964,16.253002741507785,7.177215171387711,936.2986868114596,0.9746378555560304,21.596948204641517,1,12.359232406123652,1,опасно
2025-06-18 10:32:12,HM-A104,37.803300472080856,35.16283299197674,6.789765289436994,0.0451082164324156,4.405126367708425,242.85573315020724,1012.1032835944457,16.017117845490816,6.515651391871879,955.352719129766,0.9789983424244432,22.143523189558223,1,13.362708178914469,1,опасно
2025-06-18 10:32:13,HM-B210,38.01743833298227,35.80645225909634,5.635250238579671,0.0356609987913909,4.083684514422545,260.9021406040878,1013.992484197234,14.440417385985723,7.379703257492602,978.1023122808912,1.0044114938651458,18.67339785661608,2,11.803490230807869,1,опасно
2025-06-18 10:32:14,HM-A104,38.38233968613181,39.3593724824856,5.984398615970956,0.053605303187329,4.336463590014738,253.00331194789757,1013.4731144059396,13.907191490745037,6.618053625240863,993.782977796894,0.9763911437643652,21.34364549578435,2,11.285206247674568,0,опасно
2025-06-18 10:32:15,HM-B210,39.024944998403846,36.72250687294195,6.709820866716743,0.0244468508328791,4.365141271153886,269.1220817600097,1012.1749003130057,16.156881418571853,7.688157468764469,923.4829660434656,0.9625559938453848,24.944443026773897,0,11.628717861010037,1,потенциально опасно
2025-06-18 10:32:16,HM-A104,36.34910360064107,34.81277951219237,4.295640554238827,0.0143124585651982,3.748302939040799,245.4628055236643,1012.04049875958,14.451007292781334,6.434770208554548,934.2363604939052,1.049234128994512,18.61912302857361,1,13.373902510847849,0,потенциально опасно
2025-06-18 10:32:17,HM-B210,39.12524705090031,38.096750362658895,4.696235733598495,0.0568282805829003,4.10409855480045,262.1589308434948,1013.4385756003046,13.231856993139909,6.029606845636929,912.3462349971744,0.922146064177884,21.634726743444205,0,13.031143775280857,1,потенциально опасно
2025-06-18 10:32:18,HM-A104,37.49127841131727,39.50532820954409,6.126700018754748,0.0289098174764109,4.015145882029239,274.11062059086566,1012.8783843313652,14.536717661611082,6.537016083935837,860.7972905584643,0.9889091968859792,20.069544831601625,1,11.274599546762108,0,безопасно
2025-06-18 10:32:19,HM-B210,35.38529139567166,30.22066148682291,6.471233385736899,0.0388202775726816,4.101354083868689,250.10752380974645,1013.5735934181292,12.709249109596213,6.382104972918974,913.4205208673228,1.032879453911349,21.779393078033717,2,13.00127948085035,0,безопасно
2025-06-18 10:32:20,HM-A104,35.2927546462199,39.82521272256039,6.571087084991734,0.0496001563065097,4.641665882727887,233.33110436837308,1013.8469520756368,15.458147452993996,7.016572879449848,968.5941009074616,1.0030822561771673,22.016731320236225,0,13.794654454653124,0,опасно
2025-06-18 10:32:21,HM-B210,36.6711915934803,30.861321390636803,5.245321530564798,0.026215683193779,4.223807611200009,255.80254111708965,1013.1986007780328,13.679606408119533,6.407406583313152,970.7328246987292,1.0321384948632355,22.042310286836333,1,11.134864868004067,0,безопасно
2025-06-18 10:32:22,HM-A104,38.92448488555734,38.143867792687615,4.2680197068756005,0.0458082269088805,4.910474229858897,247.2986243903513,1012.3742168458346,13.303293992237272,7.52637974143899,983.856567188995,0.9504502080532008,23.965461497176207,1,12.849254287753508,1,опасно
2025-06-18 10:32:23,HM-B210,38.53840467370458,32.80334752551413,5.31334443189886,0.0167709424908914,3.9405146200376544,263.6112690273588,1013.5643880720928,16.782543731173725,6.482741276008008,857.7200057763954,0.940798946439036,20.728231902715628,1,12.137493709348735,0,безопасно
2025-06-18 10:32:24,HM-A104,38.94307482336203,31.32179657753872,4.692203770621162,0.0245646873602752,4.123555367427393,277.5516462374303,1013.9116234863488,15.884404978791538,7.413936359825311,929.073188437095,1.0276908580353157,21.614479138665477,0,12.503094377040515,0,потенциально опасно
2025-06-18 10:32:25,HM-B210,37.58634528220804,34.39855639713835,4.873589364989872,0.0172355318068259,4.680435215718562,254.28041589984235,1013.16046257412,15.935347513619655,7.156941846027448,866.1136731905615,0.9591171864278192,18.07649879277424,2,12.584536447936063,1,потенциально опасно
2025-06-18 10:32:26,HM-A104,37.200994989777456,36.43956579447614,6.3168026705125175,0.0505615279200678,4.319036889981126,253.30951150777668,1013.3639948945614,15.118609846395916,7.972499712943769,880.1113274748615,1.0064523484585968,23.526854211058367,1,13.313138292402062,1,опасно
2025-06-18 10:32:27,HM-B210,35.73726263353142,33.80951845023475,4.226581258077661,0.0211324617613392,4.320542219636671,262.729240009573,1012.6749493900734,16.195864052551485,7.999801954018463,985.032475357091,0.9221622867621172,19.81641395163097,0,12.671037559318815,1,потенциально опасно
2025-06-18 10:32:28,HM-A104,36.64096376804656,30.54565408282699,6.482743652442107,0.0458701777702605,3.5800102445077755,235.1748751796784,1012.7630553893206,15.795812405816909,7.73905216663466,924.5186887644544,1.0133757188065011,23.715885168283613,1,12.779256884375329,0,безопасно
2025-06-18 10:32:29,HM-B210,37.170096830869376,35.99461139658717,5.283007257472507,0.0571649198622826,4.097899494077684,242.67530944625076,1013.469308995706,14.993868520668084,7.519966738597502,963.781738134492,0.9823473973537304,19.85947066466222,0,11.998735531315427,1,потенциально опасно
2025-06-18 10:32:30,HM-A104,35.44300214839809,39.024032761106746,5.7881917933017855,0.0363886104534438,3.906100598632599,275.9489662750199,1013.8555421968136,16.805622009258585,6.772912828001148,859.6576158893022,0.9402917459865692,18.07551947383745,2,11.377835893352826,0,опасно
2025-06-18 10:32:31,HM-B210,36.10305976355605,33.83215365947252,4.268956693707037,0.0370014596130343,4.999002684246673,263.49713066818833,1013.2579767744488,12.957974748422115,7.506553454262607,912.5239755887278,0.9741755945938356,19.083819227354127,1,13.048197000265496,0,потенциально опасно
2025-06-18 10:32:32,HM-A104,37.9911264703187,32.16332777630827,5.012077235071839,0.0330516784048906,3.9625326059484656,230.6722021991708,1013.5796958169708,16.716898594973756,7.913351074158982,951.1360420996508,1.0045415438759555,24.899780318005178,0,11.001446421435356,0,безопасно
2025-06-18 10:32:33,HM-B210,38.67831557119595,34.425773459328155,4.2691027570445375,0.0262945071696821,4.826744802190795,240.231273627951,1012.3432700348308,14.007190809994324,6.046755150790888,870.010972191732,0.9017829613271076,20.23860872163592,1,11.986151508471108,1,потенциально опасно
2025-06-18 10:32:34,HM-A104,39.99173755696475,30.48362711048781,6.884631168643329,0.0337827515462458,4.514350602560716,264.14186330144497,1012.423918180516,14.641994917007434,7.075829400395477,898.8726818658524,0.9956200588221196,18.76176731408923,0,11.65413186327398,0,потенциально опасно
2025-06-18 10:32:35,HM-B210,39.665566656717786,38.20487584480275,6.421784947978751,0.0401403766133379,4.011374613788136,268.2199601281287,1013.0640693736668,12.613696597721544,6.435996608776869,859.6821707535825,0.9812386167409912,18.83131162538025,2,12.165600322268382,0,потенциально опасно
2025-06-18 10:32:36,HM-A104,38.21282599767596,38.26340810950187,5.378898263069381,0.0592995786085329,4.315301567561185,271.9929786337021,1012.3531083844856,14.700537194608955,7.115752631737701,947.7009911304266,0.93304292516201,20.172398998400567,2,11.933804081191475,0,опасно
2025-06-18 10:32:37,HM-B210,37.10624026647036,35.880004634296284,4.670807644971013,0.0568882279659112,4.76080381992379,244.60884016910225,1013.2699901404418,15.056033759290967,6.932894179517782,995.6336888587176,1.0129471610964296,18.26351528781734,0,13.112651239256778,1,опасно
2025-06-18 10:32:38,HM-A104,38.180886823541165,33.5310288893839,6.8003653157495565,0.053107647914656,4.825052447046367,276.55142981387814,1012.5833063707894,16.988507709042622,7.151537163104569,974.0568236714244,0.9455191476949802,21.58042011685368,2,11.78061815175931,1,опасно
2025-06-18 10:32:39,HM-B210,38.92825809040116,37.99783364445784,5.033789787180915,0.0544565267852429,3.7405908125092178,257.6473446788946,1013.5830652373338,16.875962055357633,7.101924442837449,996.1934675211348,0.9415291397319848,19.49618640842524,1,12.682251036762388,0,опасно
2025-06-18 10:32:40,HM-A104,35.59168095461693,35.546870247883675,4.482953295062124,0.0333924591646021,4.009359711812254,264.82695111939466,1013.6162206932288,16.831986459371436,7.920214078337124,976.8407192647596,0.9706827523498984,21.635174489778105,2,12.36731129017381,0,потенциально опасно
2025-06-18 10:32:41,HM-B210,37.04952444848144,38.25932308550016,5.689493165361865,0.0428722163588732,4.002834770320358,259.8369431389954,1012.9275749115108,13.741940300510286,7.104372217869472,978.2793709295468,1.0014224517633548,18.985349530894545,1,13.403172516006569,0,опасно
2025-06-18 10:32:42,HM-A104,39.19901142817809,36.31458792583021,6.831322361034449,0.0547533361468107,3.563067194113917,236.13700273373104,1012.3616212700751,16.956332493725217,7.692464176249734,936.5765793057014,1.0393268963814382,21.009000603122445,2,12.284277463586498,0,опасно
2025-06-18 10:32:43,HM-B210,36.91916475966522,37.84405473212797,4.011490871500968,0.0296475382495676,4.397356639777845,278.155732969244,1013.2935499221638,14.277390757975557,6.639640573601693,927.7378467119815,0.9212035864698156,22.18541800880871,2,13.59162823379469,1,потенциально опасно
2025-06-18 10:32:44,HM-A104,37.859361356135935,35.9856299321776,4.714374529761996,0.0580881239172734,4.782230079488282,236.14377899470765,1013.9855740365272,16.259181293809505,6.876201377582098,910.9381399641742,0.95947021811276,18.433999568366755,1,11.00043730282176,0,потенциально опасно
2025-06-18 10:32:45,HM-B210,37.93884680431099,34.14141068215666,6.815342921231223,0.0307893031034591,4.072361581738277,242.7440978205592,1013.2451817958852,13.08159984509486,6.94082695208962,972.714234256882,0.9100484388768944,20.79124516475741,2,12.81450906561695,1,потенциально опасно
2025-06-18 10:32:46,HM-A104,35.9223812656682,39.57945859926137,4.513257900571486,0.0400541332696607,4.610053917476265,270.681394011149,1012.071549381428,14.529165898283011,6.55745608667076,877.3101418417037,1.0137826121207614,20.117666746927814,1,11.029420980602492,0,потенциально опасно
2025-06-18 10:32:47,HM-B210,36.81117720826144,35.41113824878845,4.33973035491946,0.0454902356636185,4.4415506204011095,260.9298480750551,1012.034587951534,16.830060480638025,6.75958052295591,858.433737373629,0.967159933452204,19.68251871542044,1,13.141802970030422,0,потенциально опасно
2025-06-18 10:32:48,HM-A104,36.67255644370966,36.05089518540538,5.710561647399413,0.0575296006537969,4.0634731032395015,271.90745826881783,1012.6407239409846,16.735156984617138,7.19702615893355,992.1840734027012,1.0060393702782278,22.23174238259148,2,11.704767205484623,1,опасно
2025-06-18 10:32:49,HM-B210,35.130983542660324,32.20487639414749,6.58553146988449,0.0222308137026133,3.711589699238446,255.78680941870223,1012.3915676137208,15.418674389107132,7.160375526609065,850.5667277805215,0.9483291635964431,22.11979390035785,2,12.139943755319388,0,безопасно
2025-06-18 10:32:50,HM-A104,35.120958819456774,36.256507894272765,5.431329453081778,0.0473065489119321,4.563985779163951,248.8496617683317,1013.6261024142866,15.9890716127653,7.272870689146961,996.5243982813778,1.0266475862109483,22.41489864674385,1,12.141312542820511,0,опасно
2025-06-18 10:32:51,HM-B210,39.15848521837887,35.71607649482944,6.983692770053574,0.0360407793072041,4.781847753411861,276.09227497738925,1013.689611334072,12.882133483012009,6.703635830840282,959.3280054810648,0.9802242117360171,19.11217869302765,0,13.539267255079675,1,опасно
2025-06-18 10:32:52,HM-A104,36.36535404986406,31.84838397947025,6.037515098613978,0.023427857031032,4.5287817386022375,231.8126158757397,1012.5172375426208,15.608292747420789,6.631662990306114,899.2748379546741,1.0415411732735482,19.99996471403629,2,11.306278282678862,0,потенциально опасно
2025-06-18 10:32:53,HM-B210,37.59039383119408,30.59587097353144,4.222224721631343,0.0488303419898195,3.526817726052227,272.80651101765227,1012.6512895538998,15.09025404167686,7.223235765508326,954.6729764629464,0.9118221958716052,19.46775144596555,2,13.000690860050788,1,опасно
2025-06-18 10:32:54,HM-A104,36.49362786794386,36.04359319714772,6.9784963950459264,0.0376111140086923,3.824349341586487,241.54088925938908,1012.4724939354302,12.45775867875623,6.26572349685505,972.6812735777692,0.9771415236813112,21.783525234984893,0,13.943770487582611,1,безопасно
2025-06-18 10:32:55,HM-B210,39.703396225576704,37.63692269350321,5.223682710340571,0.0430486910324837,3.6042199773252976,272.4368163876984,1013.8167650947424,12.56579503294838,6.50606308706428,886.8043083979654,1.0149682868996548,21.227459824467317,0,11.06715328741283,0,потенциально опасно
2025-06-18 10:32:56,HM-A104,36.29648379432887,35.23401370922008,4.862207601536448,0.026145053428895,4.35557914936434,236.95983067084427,1013.0052986692446,12.542218088756307,6.084255473905991,965.6343524919372,0.9900228972110422,20.31205616314925,2,13.897682596285447,1,безопасно
2025-06-18 10:32:57,HM-B210,37.14828406369468,32.26772625319646,5.673637550733657,0.0340636975913802,4.6347165182606185,259.010948184527,1013.312274088164,15.62178467414918,6.14522170519216,970.655443751236,0.9034791210640264,23.50210366207903,2,11.055214186830618,1,потенциально опасно
2025-06-18 10:32:58,HM-A104,39.36365125242301,36.66521976693035,4.912922775462593,0.0408677125494033,3.665868780602989,274.4053959505736,1012.8309641733993,12.708576041237862,6.486766558521218,887.4031945188018,1.0458508017515822,18.65781621085868,2,13.523448375377187,0,опасно
2025-06-18 10:32:59,HM-B210,39.209667833959045,30.801057266096024,4.259372521360457,0.0302455407134921,4.757506730890078,253.6769823449445,1013.2620283870092,14.338661355572352,6.039058560593838,856.2889531566975,0.9447395539613848,24.82427682128949,0,13.883733258977328,0,безопасно
2025-06-18 10:33:00,HM-A104,35.930507089231384,34.418337048019545,4.00428502923753,0.019918626992385,4.333263467593225,267.32833369016964,1012.7717107534436,13.784909029388787,6.490821184174923,880.6183426837147,0.9373916799549572,18.81580854470723,2,13.979082146815747,0,безопасно
2025-06-18 10:33:01,HM-B210,39.01321654897856,31.6336675839842,5.348750058760787,0.0580820246157652,4.534953518212587,270.2335808927779,1012.6793568754584,14.75252070385109,7.309952646124052,880.0969613334091,0.972848981340987,23.411495687978583,0,12.377364022911657,1,потенциально опасно
2025-06-18 10:33:02,HM-A104,37.290934433689465,31.844590510598834,6.510590266679777,0.0355733770021308,4.957102772912969,266.82471043583894,1013.268960146347,15.532382436097016,6.122214156937866,859.7860681263224,0.9813237161285024,20.577611324125822,0,13.60087251875063,0,потенциально опасно
2025-06-18 10:33:03,HM-B210,37.41484436042678,32.02293949158204,5.71694555689023,0.046696018514385,3.625521482371546,276.2664868437299,1013.182124156098,15.42361268610666,6.873473355589282,958.9011076982794,1.014943220638474,24.05683560392264,1,11.367018629088816,1,безопасно
2025-06-18 10:33:04,HM-A104,35.66739986207972,33.86707057043978,6.9976218968303225,0.0305523596778029,4.851836034466684,252.34171152599643,1012.587055908336,14.577599579571883,7.826217573839099,906.9962386687612,0.9589910486488484,18.51918964148913,0,12.276153015842784,0,потенциально опасно
2025-06-18 10:33:05,HM-B210,35.403007568785625,30.511502056203977,4.8605399369416,0.0277565882012858,3.689154043981114,238.65627195825775,1012.2986969006388,14.321674368051928,7.582569657850802,982.6579251180788,0.965994056469332,20.623051971346364,1,11.92392492854908,0,безопасно
2025-06-18 10:33:06,HM-A104,38.639696534868825,33.97793440929098,4.841365194280166,0.0303582149233562,4.089438209955024,232.390553185124,1012.7371533876762,13.989077975611291,6.610875004589714,887.8256658497779,0.9802439873900748,20.34810384550165,0,12.185531151821236,0,безопасно
2025-06-18 10:33:07,HM-B210,37.4823057617765,35.117074471147006,4.479248380701833,0.0304598321892824,4.777158044496671,242.32299348187524,1012.8303952782838,16.3095497415219,7.849610958383294,917.9848247649892,0.959158064961246,24.952099267578745,0,13.105942556793178,1,безопасно
2025-06-18 10:33:08,HM-A104,37.184253513075895,34.832942849663254,4.492190764796005,0.0372090057970976,4.859381355106803,237.1598751940121,1013.2573686668492,13.654259024363224,6.65929299349545,945.8526143390144,1.0371822118651737,24.898842964227377,1,11.262440600128263,1,безопасно
2025-06-18 10:33:09,HM-B210,38.64754114326198,33.827841004030404,4.855559788030144,0.0371734934990681,4.259557510317718,257.897437071724,1013.8290575272736,13.296829105837476,6.1450309926751245,981.6197424507668,1.027687794995138,19.32862771066472,1,13.99449188098589,1,опасно
2025-06-18 10:33:10,HM-A104,38.827564494955546,38.39146608070752,6.378520135820581,0.0348576907941435,4.391156957413138,239.2472668605866,1012.072369595066,15.716577468276355,7.988111913536227,928.6931652429062,0.9682460542616818,22.40962872488837,1,12.90520147711076,0,опасно
2025-06-18 10:33:11,HM-B210,35.79454083834677,31.45326692420504,6.717270371909343,0.0167392892458719,4.562221001897836,231.94668536446852,1012.4873220250836,13.798817308483631,7.740045054378344,906.0286941718574,0.9000292293505976,21.74863593937658,1,13.620552759716784,0,потенциально опасно
2025-06-18 10:33:12,HM-A104,38.051125747388205,35.05696743781374,6.925261509123044,0.0348037739250265,4.749138002679072,231.7994914434334,1012.3874318845592,16.234992998786343,6.931865566602185,980.0522617708014,1.0351401743293922,19.08061443868517,1,13.489086695716338,0,опасно
2025-06-18 10:33:13,HM-B210,35.676770411388425,30.620414169565542,4.696868962289358,0.0184551950210325,3.6822667543064993,271.5784749182431,1013.0045888173876,13.639443593185725,7.332753048384808,896.5369637031416,0.9186504860159198,19.17445794273096,1,13.29799263211642,0,безопасно
2025-06-18 10:33:14,HM-A104,38.75687543014523,30.7115567887791,6.643892636842275,0.0163067893147882,4.715103962343841,259.57249657215124,1012.8594016140864,15.50972412287294,7.34245615571334,861.9135549448864,0.936676862279107,24.924762099356883,1,11.117670593372248,0,безопасно
2025-06-18 10:33:15,HM-B210,38.284775781335696,35.73865849677097,4.984765267832011,0.0566322858670583,4.221914225767425,247.9042650946689,1013.4580752476404,12.22554503142668,6.388964461460921,916.756316126536,0.9228541926548096,21.169109955346528,0,12.54940122975062,0,потенциально опасно
2025-06-18 10:33:16,HM-A104,39.78307310541729,35.66018424887821,4.338521633550653,0.0402475006573852,4.175935137662254,274.7114021370123,1012.4848318250896,13.9278144005516,6.400097266307265,967.7639959746988,0.9269723354971536,18.880609044000515,0,11.98444512864352,0,потенциально опасно
2025-06-18 10:33:17,HM-B210,35.34479008178211,38.78033512844457,6.610074776560497,0.0429745029062292,4.135849627995498,233.50983057038567,1013.1889967314996,13.716150874837757,6.939161406703652,854.6171247630284,1.0204316306834753,19.50353027117478,1,11.33881734746552,1,безопасно
2025-06-18 10:33:18,HM-A104,35.285273605756274,35.57873675660073,5.908316903930856,0.0300896835166681,4.263817377869064,279.0161036363913,1013.7677145272,16.083393696379616,7.823146280275396,937.8823367484388,0.9869252162498888,19.87843647073985,2,12.02897061925971,0,опасно
2025-06-18 10:33:19,HM-B210,36.410935373466,39.5979102040485,4.494192688243185,0.0554490445957432,4.917575830091906,260.81458951272305,1013.8213554798366,16.83527701614155,6.019987549717142,939.1696072790854,1.0434142744688022,21.57642084323033,1,12.934409111924548,0,опасно
2025-06-18 10:33:20,HM-A104,36.30852841867953,30.4869484839993,5.289493772539007,0.0418965244789832,4.322305659188228,239.17321269844243,1013.91756920945,14.304406383464809,7.565011271898719,989.2812645141072,0.9347180268485576,20.348836906544165,2,11.691879285866433,1,потенциально опасно
2025-06-18 10:33:21,HM-B210,36.23489399536,30.98007684780741,4.861773084631203,0.0484584934761793,4.929766307394709,263.95345494884845,1013.54652230416,16.12418138576879,6.1150535674293085,892.9697225717533,0.9728452362196852,21.185082501229445,0,12.33378628766764,0,безопасно
2025-06-18 10:33:22,HM-A104,39.53127290260518,30.44065861570381,6.210383706130591,0.0284281234513856,3.770435195923461,268.16906298917814,1013.811975812518,15.498473504786826,6.956444229766236,891.8254919816044,1.0466142553623703,19.165496857709535,0,12.21348273088595,0,потенциально опасно
2025-06-18 10:33:23,HM-B210,36.24773099924753,31.8527685033354,5.360248691872805,0.0580005940409562,4.58620396824895,251.46713916853872,1012.4690617439704,16.836929938318466,7.275745666146953,916.0725477009518,1.0239665271412155,20.287100834112543,2,11.157388888419234,1,опасно
2025-06-18 10:33:24,HM-A104,36.35974863064315,35.41270110941678,6.967839835319155,0.0510230645079157,4.71835930791312,273.0816303122773,1012.395161888701,16.055542571714124,7.37351853416493,903.5372352207272,1.0092923518680736,18.49221614902428,0,12.8842475881484,0,опасно
2025-06-18 10:33:25,HM-B210,38.796991312089816,36.45572181427429,4.164234946778786,0.0526974231507271,4.518693247002293,237.5366203648235,1012.0129761675612,12.387390329818652,6.116958527231823,960.4518794033992,0.9283462802056188,24.22797191433094,1,12.856540706877604,1,потенциально опасно
2025-06-18 10:33:26,HM-A104,37.2486992122527,30.455851579486687,5.06504579840874,0.0186097133712877,4.4103834203398105,243.9418791788804,1013.4136887148582,15.56640861191118,6.837207234767936,946.2628115697324,1.0154108101364574,19.391267340180047,2,13.899243515741016,0,потенциально опасно
2025-06-18 10:33:27,HM-B210,38.88355278477591,39.45970889845599,5.445700501329933,0.0235481603935609,4.347219171629273,234.6746180791995,1013.8749343756276,14.677498577111868,7.167674521004649,963.83815568594,0.9521347683893876,23.29830094800117,2,11.894015649894431,1,потенциально опасно
2025-06-18 10:33:28,HM-A104,35.326830787821926,38.42165376650381,5.509400664244959,0.0242813299841788,4.791395723868044,240.5438920303676,1012.3738706900832,12.082180289661636,6.132091074612013,973.0062686798034,0.9795805345570135,20.446862517423423,0,12.256853085926062,0,безопасно
2025-06-18 10:33:29,HM-B210,37.43785596836692,32.96612482157093,4.947807467156911,0.0235454611623435,4.73246989574675,241.9364405955573,1013.2738871508536,13.256564793627218,6.27018911319062,988.4471699101222,0.9913741819559312,21.320781232578558,2,12.21091286704824,1,безопасно
2025-06-18 10:33:30,HM-A104,35.16806800091641,30.77187530226468,6.187720747292704,0.0527704081052144,3.6834330817708993,275.8816595460856,1013.4929195184436,16.608776225134463,7.327297979008077,914.6405097676972,0.991404556728638,20.038827276228588,2,13.759231702957337,0,опасно
2025-06-18 10:33:31,HM-B210,35.313266017276774,31.69887073219057,6.624241220466924,0.0115942397604296,4.772881485546318,233.90548443755785,1013.855228470296,16.630306863933765,7.043276393181303,997.7046084207324,1.0089785207870274,22.87508889775159,2,12.225947946167814,1,потенциально опасно
2025-06-18 10:33:32,HM-A104,39.532187266722055,31.269444137549726,6.816157905933589,0.0138049994490387,4.121102929160664,251.37075600938547,1013.2937204480344,15.994252301003172,6.323657322536581,882.349122010548,0.9992553138963308,23.91182493492295,0,12.328292432617877,0,безопасно
2025-06-18 10:33:33,HM-B210,35.69622685558797,31.232837792989468,6.415280130398578,0.0236957435314951,3.880545244993716,256.61993436134566,1013.9405874654976,16.908898016389948,7.0704786738294665,957.1547742920992,0.9102556318965884,20.00389129317712,2,11.75703360257524,0,опасно
2025-06-18 10:33:34,HM-A104,37.66210341137609,35.18561688665734,6.551740591919798,0.0199936487324721,4.804652852020888,274.934652690108,1012.6893462820252,16.032726123121023,7.825384746888831,930.1013975960784,0.968602053892366,19.69552350564515,2,11.003504439272144,0,опасно
2025-06-18 10:33:35,HM-B210,37.05547801300353,32.458474424934,5.651635901859986,0.0215929806941424,4.148037199450613,279.8848109330607,1012.6998570675428,12.051020936426228,6.031175169550728,972.5350892027324,0.9996032410079968,22.77008185824728,1,11.331352014126102,1,безопасно
2025-06-18 10:33:36,HM-A104,36.736716631294215,33.58139716529144,6.477664679280444,0.049897159462665,4.712547035265225,267.6694057459918,1013.0860250200288,13.43917170150756,7.285267546971709,921.515578090964,0.9443989473248592,19.366071423974045,1,13.111667454281926,1,опасно
2025-06-18 10:33:37,HM-B210,39.49916672843637,39.89505333384322,4.910511727443857,0.0381563296946023,3.895105417933767,278.53954952845146,1012.767003762232,12.153120911188816,6.147300869210683,967.5907953043647,0.9469585030824584,22.478878359268407,2,13.047486780126928,0,потенциально опасно
2025-06-18 10:33:38,HM-A104,35.10911698387745,36.843142489253445,5.195436286327643,0.0102885330646484,3.5058939821333266,269.35505662679367,1012.0028514565752,12.470539843687796,6.012898885929402,989.5253071971516,0.9186851321631924,18.660996557855448,0,11.967591718534614,0,безопасно
2025-06-18 10:33:39,HM-B210,38.318948430877946,39.48980667047002,4.950739041455633,0.0314661382852097,4.2431887893544165,278.16013204857086,1013.463544050174,13.09420408475388,6.301308977321268,959.844139921013,0.9627922478962284,22.34096011972481,2,12.419018683240926,1,потенциально опасно
2025-06-18 10:33:40,HM-A104,39.81697217106775,31.42556555033116,5.402162006343776,0.0303942463425179,3.6503423849643264,265.3635362972228,1013.5034340829568,14.517792731627612,6.845813263707838,966.4141429327486,1.0480245651459263,21.59384713807303,0,11.892135180140947,1,потенциально опасно
2025-06-18 10:33:41,HM-B210,37.80084091730921,33.821394748325694,4.856738848715909,0.0156972634722271,4.631563933287365,233.9881712725536,1013.4939492093736,16.237660017310088,7.6046879979639055,860.0763146898785,0.9427979041932056,18.79734000903416,1,13.192749165673684,1,потенциально опасно
2025-06-18 10:33:42,HM-A104,39.68411231016546,35.54731803282354,6.8848343267633405,0.0438070894300728,3.914112704104116,250.09600934963385,1012.690041333221,16.30983378078554,6.563570993209117,880.7436493348421,0.9797155339029148,22.5437254440522,1,13.527498050319217,1,потенциально опасно
2025-06-18 10:33:43,HM-B210,35.26128939643012,30.76758061888738,4.938533884017004,0.0451048594189745,4.165468469905218,262.32986419012354,1013.0445789466224,15.081009292786485,7.251346424777517,996.145561075539,1.0114855879168627,21.12590009923853,2,13.697315877966425,1,потенциально опасно
2025-06-18 10:33:44,HM-A104,37.09396659537081,30.041874436279578,4.29413361433282,0.0460446609526048,3.6305503476373313,247.53592547271256,1012.7199470363532,16.640879695331176,6.822313275910613,953.9780505681092,0.9020245906326406,19.5198053557196,0,11.521613964263365,1,безопасно
2025-06-18 10:33:45,HM-B210,36.30078895481026,36.70434333796918,5.58045149815124,0.0464235472779296,3.929988872670879,243.66919590568887,1012.0320728000612,14.50031163295104,6.468663583932016,934.2173525966508,1.035065933939745,20.47368908991524,0,13.08505022550366,0,потенциально опасно
2025-06-18 10:33:46,HM-A104,38.65410482490365,36.41819516801435,4.171297235335529,0.0100026413466148,4.672235364887857,258.8699633566545,1013.1248978825428,16.445180220666007,7.028494228565718,905.0464560094676,0.9579825277087408,21.44471473947251,0,13.889014031391769,0,потенциально опасно
2025-06-18 10:33:47,HM-B210,39.90648545248624,34.10788809999612,4.331629498925741,0.0576960401923361,3.727381867853479,276.67509383512174,1012.247521332168,14.27032628166006,7.594928980745246,856.6583501810377,1.0303673980066477,18.640879590850677,2,12.951835112393892,0,опасно
2025-06-18 10:33:48,HM-A104,36.28265031222124,34.896440760320324,4.658168167588739,0.0507104383527331,4.470739341690436,231.74909367580767,1012.1600826481828,13.386125037109412,7.664984740112288,905.3703861946202,0.9058421488349218,24.70326638189848,0,12.052922430803328,1,безопасно
2025-06-18 10:33:49,HM-B210,38.27087300737037,34.154430005920894,5.3930507496464255,0.0551990848294642,4.876138779206752,268.4615601770719,1013.5109981373936,16.58206459050214,7.693039063754473,924.8369309934365,0.9218495327795514,22.65893509348485,1,12.907839097402094,1,опасно
2025-06-18 10:33:50,HM-A104,35.9904881637987,30.240050448448887,5.299752796927084,0.0107821647653717,4.5197551396365805,266.1363639022313,1012.0190124048362,13.939675378394346,6.677115625109959,881.718926408033,0.948379418171634,18.71774486901387,0,13.0652781569628,0,безопасно
2025-06-18 10:33:51,HM-B210,37.82665127285805,33.35371606217463,6.399075586008374,0.0566929397892869,4.71653253393834,278.19767126941434,1013.9180168872176,14.517020544222309,7.586912129431506,875.9705186910749,0.9518192659594918,23.76003529029921,0,12.191141899581185,0,опасно
2025-06-18 10:33:52,HM-A104,37.31966243344168,31.7708225539729,6.21842396165234,0.0504894264344052,3.6634574439558736,276.53556111662715,1013.0305107282252,13.644303162653388,6.424356910217815,926.2624827036276,1.0271691334542026,20.25788451662302,2,11.311972851643583,1,потенциально опасно
2025-06-18 10:33:53,HM-B210,39.860026648157685,30.98424189101369,5.278954881972104,0.0518609571479349,3.8760977390030815,268.11162810220964,1013.9660328614124,15.31418800145365,7.476850202485767,937.8856353441316,0.9016801673082352,22.177596756992287,2,12.81997960256067,0,опасно
2025-06-18 10:33:54,HM-A104,38.04263636348233,39.5672043388935,5.00111262272689,0.0146643692360984,4.841808278360887,256.0204382341299,1012.1159951449454,16.97515612503018,7.896768852545233,885.9876878281788,0.996166766470452,19.939999891057013,2,13.40642240155018,0,опасно
2025-06-18 10:33:55,HM-B210,36.747531860434094,35.99359725042166,4.949406352184496,0.0469389014459298,4.572658420427134,240.213377661676,1013.1670590977318,12.127567744323848,6.027487669381914,938.108421168432,0.9196968654267824,23.13384161440225,2,13.992729451268175,1,потенциально опасно
2025-06-18 10:33:56,HM-A104,35.57047892443967,37.28656284236602,6.321985261882027,0.0579958344821045,4.459330739565967,257.2617859162787,1012.698654071952,16.49924003003551,6.880727862357596,985.0509945811442,1.0234823476066577,23.06106282500072,2,11.669174920888826,0,опасно
2025-06-18 10:33:57,HM-B210,35.756234143674675,33.15363743266118,4.1562172186638096,0.043927367070908,4.49565010418255,268.2675996959827,1013.6869649856286,12.019630284946327,7.295541976828009,920.975988703203,1.0167859898936868,21.864304198106925,0,13.101166922545204,0,безопасно
2025-06-18 10:33:58,HM-A104,36.126584649756175,33.93147129494015,4.038464948531818,0.0385280702312303,4.121300831456965,274.7834606318946,1012.7224454704684,13.821139405731056,7.403551540975106,978.6085254380772,0.9749881541116802,19.686479147301046,0,11.08412960049822,1,безопасно
2025-06-18 10:33:59,HM-B210,36.25483330670149,32.36923993896723,6.386633175779944,0.0572814838874498,3.56683494742648,269.48560046052745,1012.5209751581148,12.843034031447573,6.352175516538404,989.0907166799976,0.9319030838268564,19.775926652585017,2,13.909475839243433,1,опасно
2025-06-18 10:34:00,HM-A104,39.25308028920569,30.96965670965425,5.431439127967148,0.0321468560867218,4.676662313106093,239.7633467595527,1013.7151062541998,15.786708903362756,7.944366550477186,863.8591043405629,0.9951743086448336,20.6800395768646,2,11.037693384573142,1,потенциально опасно
2025-06-18 10:34:01,HM-B210,37.80611394141263,31.79031637441584,4.392643415660728,0.0399646783155239,4.518069854323031,259.984315711403,1012.7493061833064,12.253054203785869,7.2305307359419455,864.3717369485196,0.9234387476486468,19.015085171774,0,12.076384884916134,1,безопасно
2025-06-18 10:34:02,HM-A104,37.61695455687183,37.97514045296486,4.706697803783504,0.0338169146747183,4.209206696169087,246.60867297656785,1012.0336666397212,14.76742476792164,6.328681202456536,921.4066274331402,0.928503568888898,20.363589992336465,2,11.229208318928697,0,потенциально опасно
2025-06-18 10:34:03,HM-B210,35.57384435934609,36.77545805183776,6.797511859292148,0.0566423110680149,4.849639423052386,230.46028336953216,1012.7805782016786,13.474630669226563,6.04104502342503,938.2153666476554,0.9940034853338036,22.790482208738187,1,12.862903884824206,0,безопасно
2025-06-18 10:34:04,HM-A104,39.30069846674718,35.46928875985477,6.578508926874694,0.0138042363382753,4.0042394974776485,240.0110467894333,1013.309044538022,12.66835124432351,7.566528397579551,913.8825196697544,1.0486842669132936,23.815916960415947,0,12.018499386824072,1,безопасно
2025-06-18 10:34:05,HM-B210,38.614071516042415,34.75089872866768,6.129355150671918,0.0350559850412674,3.9414826163468537,235.66103249667248,1012.5087190776128,15.859091060513204,6.159409478890918,898.9676155626255,1.033659125587882,20.32807603345353,1,13.19883179399138,1,потенциально опасно
2025-06-18 10:34:06,HM-A104,35.33834180950001,39.22434283656125,5.446675691011979,0.0443476220692719,4.809194487619164,272.1359561769734,1012.8639751848503,13.087084171276285,6.282101842140473,946.1491174189234,0.9889661036525516,19.635131807780542,0,12.459134200004156,1,потенциально опасно
2025-06-18 10:34:07,HM-B210,38.53917548614884,30.727349477786685,5.560970878574157,0.0495953269211118,4.695481482138479,242.9253126073906,1012.1134302765644,13.118376060274697,7.149660053711381,850.312226852488,0.9807805153151136,23.828498048345946,0,12.258210249055896,0,безопасно
2025-06-18 10:34:08,HM-A104,37.71769108671323,32.80600813237916,6.925733605851876,0.0391509323722068,4.272469715972517,244.23489844437776,1013.176185583028,13.375383925689617,7.20701100689924,995.2109921295614,1.0497577320012164,24.23492819170145,0,12.045549047344377,0,потенциально опасно
2025-06-18 10:34:09,HM-B210,35.40862672873389,33.49937853570714,6.897311331652862,0.0554458872060727,3.696102109186775,277.99682858994424,1013.5125898477208,14.933833819140135,7.373774237184797,884.8118632282033,0.982109572145084,20.87015066318445,0,11.258387501043956,0,безопасно
2025-06-18 10:34:10,HM-A104,37.29150320764328,37.82425812212788,4.645807137357503,0.0570995723441935,3.8226072071975783,248.9543361524426,1012.8266251228022,15.298329658453742,6.787028025327242,987.5648152874512,0.9630174782939166,18.18832907694744,0,11.614474558037644,1,потенциально опасно
2025-06-18 10:34:11,HM-B210,37.42348143565023,39.92514620161971,6.4333136989159545,0.0132159611596791,4.48434198561321,230.47928200721967,1012.8404652656028,12.088012618506724,7.547797337933646,866.3522116801759,1.0364333303663011,22.864731346259063,0,12.917307514965456,1,безопасно
2025-06-18 10:34:12,HM-A104,35.828872700816376,32.40670514757153,4.59172799850105,0.0301185269770687,4.077561856760617,244.19230741730684,1012.17656499717,13.209348180568952,7.948717199231777,885.7130773066859,0.9351276443803932,23.488232653281905,0,12.490255005616287,0,безопасно
2025-06-18 10:34:13,HM-B210,39.728490735001415,38.7430733413708,4.640612433651854,0.0111729510860577,4.754709787498957,235.96497903009063,1012.403881729024,14.154854212526416,6.542189886159767,885.231055163125,0.9146288985445212,18.12616977215108,2,11.210268354816678,0,потенциально опасно
2025-06-18 10:34:14,HM-A104,39.24987685740331,38.30622760431791,6.02827910249373,0.0264708328687221,4.924932513998306,235.1404280867927,1012.309350606256,13.659884760806165,7.406057233075892,999.422935630097,0.9951135051542744,22.16521597339059,2,12.631855152919565,1,опасно
2025-06-18 10:34:15,HM-B210,38.34511168664554,32.246573976417665,5.215003295762646,0.0368434108985301,4.708455387912378,233.8743645067875,1012.963375537323,16.42085329255443,7.856937304790314,850.6900818588826,0.9143774450653124,22.118581307709224,2,11.162427984347248,1,потенциально опасно
2025-06-18 10:34:16,HM-A104,37.31147780500304,33.99332580199223,6.794633221319561,0.0555397465254974,4.066318134493336,259.66297350876886,1013.0585110819017,15.938543654432094,7.372573525234086,945.9457313955244,0.955972280542944,20.6509553612354,1,12.535180842559964,1,опасно
2025-06-18 10:34:17,HM-B210,37.05882770792255,34.09672869292519,4.2670292046880265,0.0523277161232701,4.683029643847136,239.4673861814929,1013.8978802625684,15.12945107769414,7.362218997288519,980.452987159128,0.963536607837258,23.248371280955865,0,13.894884340696668,1,потенциально опасно
2025-06-18 10:34:18,HM-A104,38.25486733575477,39.78220668526559,5.534576922428479,0.0163749863335992,4.027162510206026,248.06213970205053,1012.1464630085544,13.690212079985198,6.447545138170414,950.8410481037104,0.9821307100573852,20.997253266800524,2,11.922033661191206,1,потенциально опасно
2025-06-18 10:34:19,HM-B210,37.72715934703453,31.808919013788984,6.755564591329364,0.0146515187370447,3.75065013164845,273.10088580650086,1013.19973594631,15.5033617242308,7.070260400639386,904.4100727325416,1.0487489318621943,22.73743166253955,2,13.170509415926526,1,потенциально опасно
2025-06-18 10:34:20,HM-A104,35.31136552940943,37.99157971104782,6.712340981438516,0.0394633669378333,3.550089807298786,251.2169069898138,1013.0529970546564,16.21819006422897,7.125045687209161,993.7464044054402,0.9331472584999772,21.619821132446063,2,13.236656121775926,1,опасно
2025-06-18 10:34:21,HM-B210,37.56251324385166,33.3419271417311,4.469587640247224,0.0366058986229391,4.078575069141531,275.78456750258187,1013.0324661958716,14.974151886794932,7.400259124911906,984.0281131883562,0.9563634567760368,19.739252232919902,0,12.21457860023342,1,потенциально опасно
2025-06-18 10:34:22,HM-A104,39.0320180861642,37.3087034577616,5.09991310028937,0.0233188820715011,4.855338955545923,254.8969026697803,1013.7463185747656,15.922307334466897,7.993642899792365,915.0932380374276,0.9198360186615988,22.24550604107092,0,12.77987645233973,0,опасно
2025-06-18 10:34:23,HM-B210,37.29619938798479,34.20011004295663,5.857364200140089,0.0549726542276917,3.858479881633514,249.9418307419878,1012.411076941391,15.74552480699874,6.067287645087524,935.9992738916744,0.9911420289049852,23.15835946392089,1,12.416138272092612,0,потенциально опасно
2025-06-18 10:34:24,HM-A104,35.259782887771344,35.7835976311654,4.478184654314207,0.0563683204730776,3.809769747394676,267.5194463545351,1012.0815465486828,14.858686555801611,6.130465322534974,995.127878170786,1.009150977346175,24.817339714059024,1,11.85008905913242,0,потенциально опасно
2025-06-18 10:34:25,HM-B210,38.931390996920165,38.32611773326131,6.904066516137216,0.0301305719170081,4.954731177861561,233.6587549384001,1013.3445430152684,13.560916084107555,6.1559001388618375,997.3840542889704,0.972311523485382,20.660762627616894,0,13.26422628560162,1,потенциально опасно
2025-06-18 10:34:26,HM-A104,36.00681891067987,38.041655649838845,6.744247986182981,0.054515127855676,3.537506169275888,234.4739191491209,1012.690314928272,15.72891079000636,7.485958268977914,917.4734913576928,0.9368746902434956,18.451307812664457,1,13.108479846945215,0,опасно
2025-06-18 10:34:27,HM-B210,36.2931041744402,38.66423183539701,4.500850537103408,0.0291974447131486,4.678673225590631,262.59868569614804,1012.035179832425,13.033981831788031,6.272707590221515,977.1025042214632,0.993133240377262,24.91579854854946,2,13.701646593719692,0,потенциально опасно
2025-06-18 10:34:28,HM-A104,35.82353176716148,30.59617325344659,4.363466383782956,0.046840841591485,3.982054933611306,254.3470356619624,1012.5027480145808,15.897441732357668,7.244903748980691,895.2970340430904,0.9808736585053276,22.366646615978752,1,12.854378538978809,0,безопасно
2025-06-18 10:34:29,HM-B210,36.651075324357485,36.92050553039745,4.256225448424796,0.0337971108773862,3.556231935304489,269.52076251596054,1012.6186535484336,16.022733460712665,6.649337755786917,905.7719309395997,0.9256778585105576,24.625153207125383,2,12.166160423588588,1,безопасно
2025-06-18 10:34:30,HM-A104,38.783757528443175,31.399873767217628,6.7283309921098935,0.0161291578253591,4.876703810314376,275.8135418671766,1013.2336767535684,16.110724397851865,6.914639912421422,874.723282448534,0.9608522850753196,18.72678960207784,1,13.142022674308024,1,опасно
2025-06-18 10:34:31,HM-B210,37.59692929751969,34.15818568018411,4.580871429386383,0.056396710061851,3.7094634953143752,249.4183438835774,1012.3451715880984,14.364579854892288,6.431326319634827,881.3776889165096,0.9652795637452792,20.394236879093203,2,12.857108688675924,1,безопасно
2025-06-18 10:34:32,HM-A104,36.02440637075356,35.48588415054689,5.248854785633064,0.0327048296688768,4.327668925588543,259.82050132923234,1012.8261086959068,12.962403838852108,7.732213122609084,948.5309953389038,1.047392663065715,18.937556892109072,1,12.849842578401905,0,потенциально опасно
2025-06-18 10:34:33,HM-B210,39.38915039076021,34.02739484746831,5.346554096956009,0.0467243520161201,3.9110813111443217,255.0348313897655,1012.9649508888356,12.498618000330344,7.172300648326052,926.6172427010622,1.0273928748233283,23.84857108207441,1,13.549513271084663,0,потенциально опасно
2025-06-18 10:34:34,HM-A104,39.397909274757644,35.19611675803007,5.797033132640703,0.0283586907215646,3.5977892032770367,279.0805327821216,1012.918474782728,15.71680625243962,7.889126527164505,884.6697790938405,1.0101556182410392,24.16239919000521,0,13.73140561624086,1,потенциально опасно
2025-06-18 10:34:35,HM-B210,39.35289212523004,39.96526308798619,4.215206031242275,0.0109440439288117,3.5748837284950685,271.55422036782977,1013.9478815333335,16.431306922649064,7.14919249940866,910.436442454248,1.033316553825442,21.509181899125146,0,11.540724993265062,0,потенциально опасно
2025-06-18 10:34:36,HM-A104,36.193981056907695,31.352173137128545,4.680275852201548,0.0150265179345917,3.673335048254508,275.58688541386766,1012.0910084755806,15.254191794184534,6.247816061193893,905.9775189795524,1.0103226608743072,19.30624352363421,2,11.942150672651769,0,безопасно
2025-06-18 10:34:37,HM-B210,37.25619672090494,36.754560453364256,6.794471160756778,0.0348109739744962,3.60705052083407,242.7170043788802,1013.9019363729049,12.720800301941848,6.34174086767695,998.1040306803002,1.03551027826886,18.88983278327796,0,12.950917102902624,1,потенциально опасно
2025-06-18 10:34:38,HM-A104,39.92494828070438,33.960009663856155,6.725230321805709,0.0444982178563181,4.640837173279884,268.6263211581297,1013.163874427988,16.67448224258787,7.978147952735695,978.034875581707,0.9081829672319264,22.11714877056145,2,12.671663701128868,1,опасно
2025-06-18 10:34:39,HM-B210,38.86006238154995,31.330097989073288,6.343871942217077,0.0267367663289639,4.228349303425144,243.27366124988245,1013.5914554299396,16.9455100726966,7.451130394661735,908.1949500075737,0.9684099313900376,21.544634272097102,0,12.956978508498375,1,потенциально опасно
2025-06-18 10:34:40,HM-A104,35.1358371061278,31.587367633743096,4.058203736854646,0.0447744229588825,4.014338137023469,240.4371266714195,1012.860785236032,14.16689304967461,6.098557500058179,987.0874868344048,1.012034750286275,22.863523716573678,0,12.299043797981566,1,безопасно
2025-06-18 10:34:41,HM-B210,35.32602295630246,39.49273106245617,4.981020305488307,0.0449317794715978,4.127553365198011,277.2133079827776,1012.907675762514,14.974126446368857,7.40756201006933,901.3953087442256,0.987494369491502,20.13645083833994,2,12.237317041148147,1,потенциально опасно
2025-06-18 10:34:42,HM-A104,37.31965688406167,38.79601496711762,5.883876206028724,0.0451967953663915,4.893420103358935,230.9652208358933,1013.7586529980316,15.886142600008288,6.824346093619223,950.185226910229,0.926274924622618,20.816575965170536,1,11.352961715779204,1,опасно
2025-06-18 10:34:43,HM-B210,39.5461010293078,39.07041960415022,4.825570635320427,0.0346260927010254,4.8661277191072205,278.2694351831715,1013.7918689925838,15.681948950250224,6.614416773646381,994.9974995023168,0.9510738129792802,18.149527516958106,2,12.870944720313592,1,опасно
2025-06-18 10:34:44,HM-A104,37.69350898976357,39.91532775827386,6.728760085161332,0.0557443075060751,4.573514720183866,237.46309484944032,1012.4773777628626,16.838935959667246,6.308121587461068,908.5418295982828,0.9476661562540036,22.271001315528704,2,11.527356957694884,1,опасно
2025-06-18 10:34:45,HM-B210,37.48906254017145,32.08315390008518,5.9016683854973255,0.0344598258990307,4.827023566132532,270.97190408966344,1012.3984837571692,12.574415455393943,7.679807909113132,951.98274476574,0.9392020369776504,20.962004649425342,2,13.013064786913915,1,опасно
2025-06-18 10:34:46,HM-A104,35.52736849978315,33.554393373640615,4.215720151949337,0.0325132596748319,3.979472041381437,243.7961276534052,1012.99247034774,14.903624330714027,6.127682757978201,894.388571659395,0.9514703330270948,24.43835243669413,0,13.901216729689944,1,безопасно
2025-06-18 10:34:47,HM-B210,38.28390052362147,36.692190299248665,6.727016766507109,0.0199690409505313,4.071663989012424,247.5351163715364,1013.8005540542554,15.459657098365462,6.579670924759281,889.9468473396962,0.9772279932691682,22.492504083933635,0,11.769238482428886,1,безопасно
2025-06-18 10:34:48,HM-A104,39.11051580300113,34.83802539860648,6.873299974528668,0.0253827543678168,4.420568272781342,240.8378855660993,1012.6447101868124,16.45049212093835,6.6127657876514085,936.1234999647328,1.0282303537174915,20.790861440147857,0,11.426456916048814,1,потенциально опасно
2025-06-18 10:34:49,HM-B210,36.90210003753781,34.18389533378333,4.233137255175176,0.0121167246259151,4.435438920945896,259.275702124054,1013.3040292306782,16.370548138590753,6.321810567927001,996.8896897049829,1.0113048993590634,19.84512426611345,2,11.0725257358428,0,потенциально опасно
2025-06-18 10:34:50,HM-A104,38.87805925462664,33.57811249335593,5.597080704583945,0.0416767646808085,4.222549757018512,247.4047773753937,1013.4163033754812,16.88999896780645,7.016369766573741,917.9700773080256,1.0252874556024352,24.336994598253472,1,12.136481559036016,1,потенциально опасно
2025-06-18 10:34:51,HM-B210,39.82238326950406,35.93780631943452,4.910092846642511,0.0224267871963546,4.10098677265693,262.8696519747332,1013.5573493297884,14.560392269688396,6.023405253621785,990.6455455474872,1.032540561684463,18.113855518822103,1,11.64383317657068,0,потенциально опасно
2025-06-18 10:34:52,HM-A104,36.01883229563845,35.75593428640082,5.178517229444207,0.0252077627242732,4.979270467413043,230.7823658971033,1013.127848915842,16.153804334066134,6.6019510308208185,987.1545280367144,0.9624225684146412,20.288387270766744,2,12.475578269431807,0,потенциально опасно
2025-06-18 10:34:53,HM-B210,37.61664815597371,31.6145783406424,4.538953653866026,0.048540726083216,4.731685439176586,233.218744175752,1012.804910356558,14.13640854063664,7.867258888066128,888.0643918517492,0.951903942604012,24.604539086516244,2,12.572918083978252,0,безопасно
2025-06-18 10:34:54,HM-A104,36.43568979042288,34.71739837518439,5.734216306037238,0.0263610591580726,4.152470296832068,234.9830576365624,1013.934031977598,14.11156938928016,6.621059138684012,910.2729110626492,0.9086435072526244,22.578231048871015,1,12.047983233131305,1,безопасно
2025-06-18 10:34:55,HM-B210,38.9642720951692,35.534717762098495,6.873938059746672,0.0221097946006571,4.590938715859353,250.9496842655116,1013.2226615066056,13.266741822364295,6.720918774213503,946.4953717741274,1.0395737432814651,21.72903349898309,0,13.249718666834427,1,потенциально опасно
2025-06-18 10:34:56,HM-A104,37.88796682940579,35.7028693873139,5.509217800814827,0.0184528874566852,3.904342539878689,270.7398086329988,1013.4571304232666,16.091186435096148,6.946330096468143,927.7068826617088,0.9098734526907216,19.424743025442996,2,13.714420012136648,1,опасно
2025-06-18 10:34:57,HM-B210,38.17291208775152,32.10107192912352,4.248743744183443,0.0487429201090977,3.650253989355994,274.4088955189191,1012.6899656913918,16.92907552906758,7.1233867497029495,864.3937794794762,1.0111703273055703,23.83362341978071,1,11.634569293379824,1,безопасно
2025-06-18 10:34:58,HM-A104,38.98957079807947,37.42271392252287,5.860004000432225,0.0164853128995013,4.028646538329111,242.24053700304503,1013.339898362006,13.281708641736287,7.617417289641488,999.0547045190738,0.9567162456698382,19.429393438149432,1,13.50889332021838,0,опасно
2025-06-18 10:34:59,HM-B210,36.97985236331228,30.251990948210697,5.0206689833537705,0.0326876880125176,4.104459200185091,258.7184862119507,1012.5155953243284,12.280657940105362,6.380642446312035,962.898100181692,1.042317116174878,19.73777472064875,1,11.393563699266137,0,безопасно
2025-06-18 10:35:00,HM-A104,39.57545034203522,33.54831855543163,6.567775568773893,0.0353465058038597,3.524805686841006,268.41824963463,1012.4901938350572,16.077712187095038,7.743492754385114,915.6541057337068,0.9629403031401194,19.342958000102985,0,11.686106553630491,1,потенциально опасно
2025-06-18 10:35:01,HM-B210,37.665144336230696,37.80212648535634,5.30403444494941,0.0443694956342857,4.722188002453844,244.44147149598044,1013.4294444036188,15.10115026267378,7.515098714287779,942.7252824499436,1.0224912527032075,19.107046223986654,1,12.684247058701356,1,опасно
2025-06-18 10:35:02,HM-A104,35.78977411417674,35.638929210554025,4.578518826826737,0.0416641741166497,4.038790103583772,250.4503868368137,1013.042789472526,16.79849400275502,7.44530066932311,863.1359225899345,0.9423982248245516,24.67318747185162,1,11.919744466266833,1,безопасно
2025-06-18 10:35:03,HM-B210,38.47949559084401,32.6116243251086,4.573316868073435,0.0505360336472587,4.37062724867022,256.1987101342857,1013.3665532208448,13.26119609538476,6.173609147429271,924.2952480534416,0.944863307586577,22.21422117298916,1,11.125132371766538,1,безопасно
2025-06-18 10:35:04,HM-A104,38.96630675219127,36.94953119343048,6.306292542163481,0.0122375716963119,3.610944780906434,236.7437423204024,1012.5388769814962,12.355138290006405,6.043281379949169,989.6248623726232,0.9893279114817652,22.46485992407066,2,11.884616425129355,0,безопасно
2025-06-18 10:35:05,HM-B210,36.58380838533763,35.67390944156073,4.79676279492208,0.0248220362389698,3.762495243125876,231.29911468628904,1013.1974466821134,14.462211304332508,7.188025401816168,984.4901437082468,1.049697395056121,24.68027825975149,2,13.714610565790707,1,потенциально опасно
2025-06-18 10:35:06,HM-A104,39.28589628499377,37.96243609456387,6.301700182477669,0.0240067059387689,4.83454058799134,237.64029046591415,1012.8878672994064,12.427330114825738,7.726267925046322,900.6071268224719,0.9776358626968796,19.61402538587894,2,11.522669485765464,0,потенциально опасно
2025-06-18 10:35:07,HM-B210,39.53071627382883,37.35025186189824,4.617661932299798,0.0173008452796054,4.413031291824201,261.34268106267666,1013.193920573691,13.308950005513536,7.168882928281272,929.7051795732008,1.0404462954589937,18.041422770183843,1,13.291252639528327,1,опасно
2025-06-18 10:35:08,HM-A104,36.38452243688904,36.10107922036234,4.965059106103928,0.0244589126928221,4.925426075255729,233.68091307668408,1012.5817594644884,12.629889304095842,6.426469730891061,954.607528613147,1.0179374742373093,22.19218554699204,1,13.166846018013445,1,безопасно
2025-06-18 10:35:09,HM-B210,39.91760736357611,34.88177675310814,5.396460917319098,0.0254882657071451,4.998125051586976,239.4848182425064,1013.4309019272982,13.120660898300391,6.181039795898426,901.001390036186,1.0193796471265852,21.55491397256911,0,11.318674448192729,1,безопасно
2025-06-18 10:35:10,HM-A104,35.703557640243794,31.331821256675237,6.829587549080352,0.0360942230963739,4.057790172999642,246.8926942847652,1013.611858732319,12.53072326410696,7.39919290563547,859.7318827140907,0.9653939983693146,21.343552641788055,1,11.9883288937516,1,безопасно
2025-06-18 10:35:11,HM-B210,36.01007834201245,32.61333017885384,6.795194274261474,0.0431852239463128,3.948204596124912,233.8935032153183,1012.5198329477156,16.769529997136427,7.443540554635619,925.8162485076708,0.95798133752592,18.433161478723395,0,11.56806886741613,1,потенциально опасно
2025-06-18 10:35:12,HM-A104,35.92112419619013,34.19099472917085,4.620615626266863,0.0290550256805907,4.787534082738645,239.5849635580817,1012.6012411197112,13.392813567248677,6.345063401374217,940.2453603735004,0.9287882712136224,21.18104406602349,1,11.069450543579814,1,безопасно
2025-06-18 10:35:13,HM-B210,39.46994855003936,35.99299287006389,5.074657123729218,0.045973511565669,4.997917140556181,275.5634894491756,1013.3223085394382,14.219487929962828,6.056380630993073,850.8762400182266,1.044591190047548,20.012916955634893,0,11.51912202570769,0,потенциально опасно
2025-06-18 10:35:14,HM-A104,38.27146276162481,35.13707855215305,4.448198165361317,0.0268082669289789,4.444461851348686,230.96495661134924,1013.391170348607,16.49305903817111,6.8165670264463945,864.3363060307796,1.043909041866573,19.92195274057019,2,11.604733824901189,0,потенциально опасно
2025-06-18 10:35:15,HM-B210,35.76052141611137,32.881845259595295,5.529955237940492,0.024514183865738,4.692711083767284,262.6715962087181,1013.408199368795,15.386607939807371,7.1654374042660445,881.0935965391228,1.0120601601465276,19.55667106125365,1,11.497940741913284,1,потенциально опасно
2025-06-18 10:35:16,HM-A104,37.20161709184175,30.064643577897105,5.381747652084,0.0370594027928512,4.672618788222912,249.22044654575924,1013.3653970095515,15.090187402808873,7.412004819134382,902.20784304864,0.9444378674779004,20.327698518281995,0,11.27329162831196,0,безопасно
2025-06-18 10:35:17,HM-B210,38.07649012534901,34.96239221900814,6.702280487352198,0.0111858180152895,4.033009562329321,263.6324369716186,1012.785615433905,15.527815951804186,7.619890018305806,931.157683424587,0.9367769310513424,20.471931526003885,2,12.578915396663902,1,опасно
2025-06-18 10:35:18,HM-A104,35.417320424946915,32.85625988562243,6.790016133373218,0.0139894561817,4.361405570385631,259.43458601817025,1012.7897073488074,16.14411128552691,7.221074854613464,894.0764378139498,1.0482915363580445,20.161430434533983,2,11.96791712510842,0,потенциально опасно
2025-06-18 10:35:19,HM-B210,39.41208184203669,37.34608300710535,5.150702173021877,0.0308984771793263,4.74958541189632,241.1749377177322,1012.5096352472888,16.388346339258803,6.2217612171969705,891.4275721609756,0.9099814222662268,24.851269010036564,1,13.72474808422436,1,потенциально опасно
2025-06-18 10:35:20,HM-A104,39.01801767720767,30.239462652704837,5.475213829056968,0.0571456355695878,4.532170814391583,272.36047437866944,1012.3136673997928,15.213198353325131,7.36516334428483,980.4024015719624,1.0265346438211964,24.52911759856641,0,11.561640404058313,0,опасно
2025-06-18 10:35:21,HM-B210,37.52603386788319,35.84827811305791,6.688708747438399,0.0460755889921711,3.531745720973057,254.59701913046783,1013.3851547587938,16.45003637347029,7.968353285789764,871.757596120214,0.9533187000723712,22.02157069667404,0,12.808587890289338,1,потенциально опасно
2025-06-18 10:35:22,HM-A104,39.83563307629585,39.414742375060655,6.420123423235184,0.0144063284750278,4.0050585033463,271.1268009456736,1012.1863775719446,14.676987637127384,7.811169169194808,924.319019975854,0.9628304579590832,24.867383868872167,0,13.701861152796926,0,опасно
2025-06-18 10:35:23,HM-B210,37.0888048963755,31.744092671114995,4.010968934033948,0.0523159006390436,3.716713544891908,250.30062680941097,1013.8755845735736,13.386454281342118,7.743337818539025,992.9237075404204,1.0247966473123256,24.93838607223433,2,11.141568953197648,0,потенциально опасно
2025-06-18 10:35:24,HM-A104,39.92055159518249,34.716494907505954,4.960178692550747,0.046615038530409,3.8494583181170583,279.23427769576193,1013.6533726073428,16.40038354441922,6.604340306716682,943.7519873674069,0.9135904524008036,20.49157797012112,0,12.54883241281692,1,опасно
2025-06-18 10:35:25,HM-B210,38.33959999401814,30.914219918171383,5.265322725808378,0.0405473262851326,4.858234216236989,268.5244679250648,1013.7150114799146,14.707364137065436,7.5015763529080015,957.5808219841658,0.9531254517780386,21.11631282017821,2,12.35200643759356,1,опасно
2025-06-18 10:35:26,HM-A104,38.17335636626971,36.25681912261353,4.689148851049695,0.0510146480304588,3.5553399333661524,278.29751025562865,1013.8133376292304,16.53068793783617,7.702206891930291,914.6855487085912,1.042803641575436,24.71343243889266,0,13.786335824232228,1,опасно
2025-06-18 10:35:27,HM-B210,35.829774476478924,35.50531680596225,4.598714847687816,0.0302054923871478,3.8297010679428856,255.71632394549292,1012.8172099414464,12.200839069752906,7.3566524092625265,852.9898250679579,1.0048598869156886,22.260383395090805,2,12.991294318623083,1,безопасно
2025-06-18 10:35:28,HM-A104,39.40963879152322,34.073655242128325,4.113353519787039,0.0210750525426926,3.9643540283573473,253.684556614535,1013.6934014467008,13.987578757706178,6.501123513135961,946.9195552550808,1.0132408747208836,19.490503579860903,1,12.047484229856131,1,потенциально опасно
2025-06-18 10:35:29,HM-B210,37.13744843960308,35.21377021473741,5.930109175209282,0.0356011694554379,4.4253261079495925,267.7726904662629,1012.3161226005832,16.73902509181234,7.907667943749916,944.7886422142186,1.0136257951433214,22.8256646783555,2,13.134563655524444,0,опасно
2025-06-18 10:35:30,HM-A104,35.811167028912394,38.9657465846901,4.787530871449497,0.0374420877796736,4.301152535128798,274.0145631506715,1012.0432835892163,13.248250463791514,6.901638822917352,866.5641454695,0.9090855124745916,19.44022327432261,0,12.747962062141552,1,потенциально опасно
2025-06-18 10:35:31,HM-B210,35.0630375998788,31.96294302311067,4.157041535293939,0.0369163186004956,3.827404224280079,278.2072897932779,1013.5697827893276,16.707681230192463,6.259611117331759,919.3239570436948,0.9304811389890648,20.37550420570292,2,12.041509694104414,1,потенциально опасно
2025-06-18 10:35:32,HM-A104,37.79877841819192,30.22564511705347,4.692937931584191,0.0382536895740052,3.746361600834732,246.227595301625,1012.149593295994,16.76951230564625,6.219555790114784,987.2993416998476,0.9736894884121818,19.59292114166746,0,13.355746033506165,0,потенциально опасно
2025-06-18 10:35:33,HM-B210,37.63699811061338,38.61664884699101,6.40574185850838,0.057435245911959,3.8551970518941774,269.93522869213194,1013.9770493346518,16.410711571129305,7.295037974598092,880.7627247957963,0.9552225348713064,19.714861511536892,1,13.004509279419093,0,опасно
2025-06-18 10:35:34,HM-A104,38.59676811184579,35.77117082387907,6.55446754493964,0.0551122811548115,4.253794440052483,240.53227988177684,1013.3495928592032,14.818340225466493,6.875419292833478,919.1648131951164,0.961636843969928,18.032589070967475,2,11.01624889502741,0,потенциально опасно
2025-06-18 10:35:35,HM-B210,39.45129026508901,38.906584554618426,5.449198735579908,0.0537858518279469,3.906766678566805,257.27871733727227,1013.5068994204842,15.234697245403192,6.188967750357927,919.165477780078,1.017217106793851,24.16496182539616,1,13.595403818032963,1,опасно
2025-06-18 10:35:36,HM-A104,35.39703292321515,35.96945223413172,5.248212011226059,0.0500708405454313,4.921403752411584,238.99240742045995,1012.4916077125556,16.348084992249348,7.480729144312189,971.6142202221456,0.9022018852601604,20.07193346693056,2,12.19127564666339,1,опасно
2025-06-18 10:35:37,HM-B210,38.65748245170181,38.10161089959703,6.933561080505346,0.0571714053632642,4.195797832143271,247.36986808751692,1013.3477307878394,15.879485411945922,7.59865033451724,973.6863805494166,0.999073788948186,18.604620656659563,2,12.936342801761963,0,опасно
2025-06-18 10:35:38,HM-A104,35.93705972048791,34.29673363355148,4.60169397876421,0.0149247320839701,3.588194024816956,276.5679183603229,1012.08643987451,15.15046924727706,7.450831261572903,963.8904129495088,0.9000165347702734,18.608911839767615,1,12.190304962915755,0,опасно
2025-06-18 10:35:39,HM-B210,39.29088526578582,37.49859931288269,4.646077848563825,0.0232561630722869,4.59389960875495,237.3045349886543,1013.6756514398472,16.911297039353514,6.404521755368026,904.8181238782412,0.9094587788364366,21.892127935226664,1,13.6440861327017,1,опасно
2025-06-18 10:35:40,HM-A104,39.09531756930828,39.13041466889856,4.875601531109199,0.0347527972827292,3.993267932313485,261.62004475675985,1012.3392481860632,15.42838318166847,7.379550911992139,860.805538752778,0.9612429179756437,24.95044385373756,2,12.952506338567048,0,потенциально опасно
2025-06-18 10:35:41,HM-B210,37.70396877492772,35.721229637222066,4.518271954843262,0.0523267246561702,4.480233398087371,259.64771364637016,1013.3947161336675,16.877409962238808,6.02144560578877,902.422446583602,1.0261422779707232,19.01515727089134,2,12.73815862730087,1,опасно
2025-06-18 10:35:42,HM-A104,38.55121399311656,31.807851505623795,5.13809679461256,0.0352582855761366,3.919391555784848,236.03691763544933,1012.4489610024656,12.286942373035451,6.610224279356818,951.968680190701,0.9217493648346692,18.69735246664761,2,13.940794250307643,0,потенциально опасно
2025-06-18 10:35:43,HM-B210,36.57175056591874,32.68797615030198,6.732502680969262,0.0474017369670794,4.35611561259998,246.2989521884406,1012.136906338852,12.694801853711065,6.797643062815087,955.4119861733616,0.9831932113692918,21.068127162814637,1,11.841921560181952,0,потенциально опасно
2025-06-18 10:35:44,HM-A104,37.35583949466408,31.986445768974058,5.846043521885723,0.0169479952624458,4.658228757211197,258.1490752257633,1012.9629873570988,14.257294230002453,7.670493897771003,994.750031421508,1.0017757840240116,21.94331877688557,0,11.195762871834871,1,безопасно
2025-06-18 10:35:45,HM-B210,39.10818448855236,32.468570275957326,5.235839645836791,0.022620690648828,4.892013112661831,239.3589304494245,1012.3385724205456,13.924397304421577,6.780788746138809,918.0461847165562,0.934429932625824,20.060662512145583,1,12.548031298718431,0,потенциально опасно
2025-06-18 10:35:46,HM-A104,37.29632598586607,33.064154493510365,6.803232383713644,0.0465888047518836,3.891690716649616,270.0311828206408,1013.458887976653,15.91367420678514,6.022538892378797,944.8653374410436,0.9768495382904376,20.117654647597064,2,12.272053501447818,0,потенциально опасно
2025-06-18 10:35:47,HM-B210,36.78899132662721,35.551337867531885,4.145392697427467,0.0182367004443862,4.002285426498472,278.6078254767375,1012.475131686767,12.80307013234602,6.704692823656019,930.8786306083798,1.0367110924707288,20.971335512942645,2,12.362870147231137,1,потенциально опасно
2025-06-18 10:35:48,HM-A104,37.4710622362515,35.87991629463833,4.630828533705584,0.0275677967327463,4.1963996304289095,240.7379699981236,1012.6849451124716,16.880475895557442,6.997848196718574,872.5927840169857,0.97683427880483,20.199019306054243,1,12.860314514857205,1,безопасно
2025-06-18 10:35:49,HM-B210,39.141246262186094,34.264997472418614,5.697665815305276,0.0232433128906785,4.890762256603983,239.3455982395288,1013.134878502529,13.57532937630457,7.898009573345547,919.1803708198204,0.9235984592681472,24.407321084979618,2,12.84536490981152,0,потенциально опасно
2025-06-18 10:35:50,HM-A104,36.67604023685436,36.154207798208354,5.846657869579538,0.0274930847111239,4.852080285215986,252.74675358987224,1012.5699365551546,14.144618538700795,7.88206860757909,931.7252732033492,0.9941721445031316,18.2936819990344,2,12.176792879994592,1,опасно
2025-06-18 10:35:51,HM-B210,35.86880796567872,30.81574925611366,4.11867251968784,0.0454162024538985,3.634817420150957,267.3882638570016,1012.75597623242,13.373725162200117,6.361748076442823,992.6124409063387,0.9888300270012772,19.641991119091923,2,13.588631071887663,1,безопасно
2025-06-18 10:35:52,HM-A104,38.56007010165391,30.8778823705816,5.2091162737213965,0.02839235905714,3.697894738630717,244.08003051176257,1013.6312435420808,14.896818086632736,6.370293083478903,904.9808581613436,0.9040432139697198,23.659869573591948,2,12.954375528461496,1,безопасно
2025-06-18 10:35:53,HM-B210,39.12989106354041,31.718294603576584,5.947461894492618,0.037763166130397,4.243263765995957,230.993995434864,1012.358419699122,12.29314350211292,6.326762912929101,997.0148654661966,0.913589160862135,23.8377068726547,2,13.669735037326005,0,потенциально опасно
2025-06-18 10:35:54,HM-A104,35.50318739261767,35.18077498040345,6.094211639210204,0.0149965938527204,3.6599289092081353,257.0610314016447,1012.164403178964,12.748387527852245,7.577843864828207,931.3450111036128,0.9235172032711516,18.780885552749407,0,13.739461715307336,0,потенциально опасно
2025-06-18 10:35:55,HM-B210,36.19937056377972,32.13994678698314,5.914419707548808,0.0502508846617313,4.018371310023047,277.8300283883653,1012.656715570266,15.72898851709362,6.012044080736812,886.3703864954587,0.9204433616342804,24.816344150089016,1,11.501936227582563,0,безопасно
2025-06-18 10:35:56,HM-A104,35.70985994880497,32.83284403492577,4.961689673082773,0.0284944312824062,3.722578067326217,249.5638427703473,1012.8487535340278,12.93250291702402,6.2543543963837545,878.7496580523712,0.93891986558414,22.85348394929376,1,13.041685621673182,0,безопасно
2025-06-18 10:35:57,HM-B210,36.739707057910834,34.00312836172994,4.2805603707937285,0.0424267079516671,4.454060532697829,251.00672770915503,1013.0853185642732,13.177572257783314,7.075919263288198,871.2542375890348,0.9681157984853352,19.90815139188517,1,11.952535591512929,0,безопасно
2025-06-18 10:35:58,HM-A104,37.25175489452706,38.1186612401038,5.281337339258002,0.0462694800830916,4.924243147608743,278.4450858557019,1012.74484739235,15.964911178624188,6.495124133773532,917.939930586018,0.9557574446848476,21.19226505370118,0,13.509287163645435,0,опасно
2025-06-18 10:35:59,HM-B210,38.74413168481653,30.1386213591286,4.386263312104166,0.020483046105585,4.995100655441572,264.7303805813364,1013.5798234004455,12.466505891786268,6.184712916478524,853.2889644683385,1.0335974837106896,20.07997033697577,0,13.198554738966516,0,безопасно
2025-06-18 10:36:00,HM-A104,38.25573792440837,36.49378820236623,6.842870975562001,0.0542337492476674,4.0628616987453725,265.9585961421063,1012.078638975337,14.187369113854205,6.719756024667669,916.7567924972298,0.9918164114109506,19.05015574898093,1,11.59624306257756,1,опасно
2025-06-18 10:36:01,HM-B210,38.10464283739216,36.68876531040685,5.425512598067884,0.0408112125803476,4.398518955671919,258.1351002685534,1012.8635350763972,12.115316934986136,6.548415210120489,998.260703823392,1.0314216524942763,20.038246453242408,1,13.816192299509662,1,опасно
2025-06-18 10:36:02,HM-A104,36.76187473304827,37.98655780356636,4.951777523070603,0.031436257087574,4.784401480286122,278.73046054316205,1012.7645118293128,13.73403699658952,7.022208613028569,950.51601935834,0.97905589873764,22.06064356242733,1,13.05043702097727,0,потенциально опасно
2025-06-18 10:36:03,HM-B210,39.2072377654238,39.32752939060313,6.298912213356701,0.0191167591789109,3.676193109194576,264.4433242212778,1013.2951569816136,15.494907013053773,7.958467187660392,963.9679181800608,0.913480570603401,23.78178786384828,2,13.845899309712744,0,опасно
2025-06-18 10:36:04,HM-A104,37.356435836990826,30.2013784894929,5.493845777746792,0.0571150468950603,4.534346616577947,274.7516375802585,1013.9325525037948,12.450516398586142,6.248609273629837,867.8508086077394,0.9694931173599652,20.54470352422704,0,11.605733516580225,1,безопасно
2025-06-18 10:36:05,HM-B210,39.895524690075774,31.53783705513216,4.93010207203735,0.0477534102065812,4.113265492587603,264.96894328666104,1013.0207508132576,16.4416731338938,6.745453409668189,920.9651292235136,1.0233048820263548,20.435310783834893,0,13.6091152831959,0,потенциально опасно
2025-06-18 10:36:06,HM-A104,38.17071069147868,38.86171294055993,6.435903227172405,0.0204012281366624,3.809219240420246,266.75579124201977,1013.9737536938834,16.54749521470358,7.863970035744949,892.9334651538571,0.9291155650750662,21.27600490756926,2,13.004218461246904,0,опасно
2025-06-18 10:36:07,HM-B210,35.63132370782252,34.58518562187015,6.601456453003366,0.0268855387362112,4.104130428121163,244.52054610711232,1012.6044987898264,12.524951875625677,7.753746086987645,984.1146291983544,0.9136821418128976,22.511889199750424,0,12.656859781347938,0,потенциально опасно
2025-06-18 10:36:08,HM-A104,38.38088781037717,35.645906389334634,6.019024498866031,0.0504837129044036,3.613940430447376,245.1739349006909,1012.061736265085,16.953662181878883,6.788542069568561,877.1938708020868,0.9494152107507392,23.261313837026165,1,13.461538699583116,1,потенциально опасно
2025-06-18 10:36:09,HM-B210,36.6255200771585,36.63027203723147,4.140893267223002,0.0447838831607669,4.543110722883959,269.1492324788015,1012.3313263349528,13.487647766977444,7.397906529039472,918.8099990705113,0.958334674596021,20.28759653359632,0,12.898591660537129,1,потенциально опасно
2025-06-18 10:36:10,HM-A104,38.43163598343049,36.79066604495637,5.698968640499596,0.0482892146357862,3.87911400312268,244.835314458495,1012.7902497695492,12.420508355658033,6.175714027162691,938.2071577518456,0.9459386514608856,22.10446727477597,2,13.008800481656314,1,потенциально опасно
2025-06-18 10:36:11,HM-B210,35.34820574081203,39.31740403316508,6.289884735991845,0.0320600551106466,3.967108467567317,258.13850354007656,1012.6326678183772,12.025335572486313,7.42508211108723,927.10616373678,0.9202861178436834,20.725525888966175,1,11.761011752768272,0,потенциально опасно
2025-06-18 10:36:12,HM-A104,35.8744071858798,39.9694941741167,4.409509036250746,0.0458238131321083,3.6816219473621934,242.4676155453351,1012.1941082619668,14.042614478819312,7.945715458969483,974.5365291955612,0.9376259789582572,23.0147989525437,0,13.451161065893874,1,потенциально опасно
2025-06-18 10:36:13,HM-B210,39.27868629452893,37.20157460930941,4.68601225415381,0.0293246861431956,4.796988670834837,270.8491690404535,1012.8653202153814,15.149049928530587,7.074976305668383,884.717975697946,1.0023423606903166,19.152724443619142,1,12.950908106981943,1,опасно
2025-06-18 10:36:14,HM-A104,36.13589778511758,32.872212092051505,6.64748531520441,0.0205631458469098,4.240166418924108,235.5250675613845,1012.6762315433192,13.660896249516568,6.9969804540688285,906.6086665635536,0.9578892774439748,19.798474055359076,0,13.533167536102404,0,безопасно
2025-06-18 10:36:15,HM-B210,39.1852056262147,38.79752402294344,4.060365165559222,0.041633851742068,4.3582203166796,271.4723319880832,1012.2452384409148,16.183586827373112,6.374637239403821,968.8126444860928,0.9948824166927834,20.982422938899248,1,12.054580896630153,0,опасно
2025-06-18 10:36:16,HM-A104,36.39638044227205,30.492209145407617,6.258181413477928,0.0588006962799397,4.354149024642282,260.1364900253801,1012.5922342612238,15.58303137782525,7.267576397814584,929.2107117605208,0.98044556698781,24.22590352944957,2,11.995130367217168,0,потенциально опасно
2025-06-18 10:36:17,HM-B210,38.21440955029354,32.310808528744964,5.421319877543269,0.0255300485697664,4.115739671812013,239.34547674135388,1013.7728721107108,13.750807659840165,7.18087456155783,910.3176078471936,0.9823579409786504,22.01328052545483,2,11.071708893795392,0,безопасно
2025-06-18 10:36:18,HM-A104,38.47075286754915,38.973857174637146,5.3403164765188205,0.0330484796106269,3.788794873157209,257.1017692753059,1012.6040977309788,15.671548333043024,7.303866118951501,854.4163772117247,0.9372824336921696,24.757772832869883,0,13.305815980383546,1,потенциально опасно
2025-06-18 10:36:19,HM-B210,37.56327376572526,32.56191514439355,4.021289597484661,0.0437000685534926,4.6176991227476,244.12494184236704,1013.427910846484,16.70243868484625,6.052166573369444,963.0078136023416,0.9782314549152272,18.722943796967588,0,11.990943161275254,1,безопасно
2025-06-18 10:36:20,HM-A104,36.52655338348366,32.206510596217484,6.458194692899479,0.0370753141061243,3.690584398036512,246.17336673652483,1013.2240941593157,12.465479992715084,7.097446976698147,995.827311695014,0.9035392070794804,21.221227895556545,1,11.981636929117482,0,потенциально опасно
2025-06-18 10:36:21,HM-B210,36.06322188185548,31.38125293140247,5.0794747019097,0.0521713897854524,3.655810685418216,247.576402079844,1012.8543623248167,13.530519800788085,7.189869686994746,943.0430514232764,0.9647615613487388,20.93354971031769,2,13.066053546424309,0,безопасно
2025-06-18 10:36:22,HM-A104,35.165946772812134,38.591117576469166,5.622296893901629,0.0480871353234758,4.565217556394755,233.16596234861603,1012.4780512736072,14.316629695583464,6.415060270825604,978.4811831033192,0.9858934234784872,22.20144323484178,1,11.758606930318384,0,безопасно
2025-06-18 10:36:23,HM-B210,36.51973200620362,35.00058259191087,6.0319020590069785,0.0129148601931178,3.813255530677976,279.29808422007085,1012.738029398692,14.489950638773845,6.416665714977072,927.531361479239,0.9272993432031164,23.68375226095305,2,13.727061459797408,0,потенциально опасно
2025-06-18 10:36:24,HM-A104,38.265813952656416,36.748932030541546,6.107888729313747,0.0599210616961887,3.960159127029248,231.5767314065612,1013.184214426942,14.710978224430368,6.552436337021899,884.7521448135046,0.9384837759373428,23.890136179081424,1,12.61419797376565,0,безопасно
2025-06-18 10:36:25,HM-B210,39.69152409224241,32.3906638407503,6.867940176478217,0.0476201226859733,4.21284120050261,263.1248436592139,1012.7015064294987,13.503134532693242,7.423443183454475,852.1663156352719,0.932929652972343,22.69136226093856,1,13.908431708136089,1,опасно
2025-06-18 10:36:26,HM-A104,39.35602241131526,37.58040421011216,5.594019859709827,0.0531951658147056,4.17402697509432,248.56138238787156,1012.4297928671484,15.336298229911746,7.212532127064743,948.0097401384984,0.9105836932898136,22.49075454971888,1,11.230006533768362,0,опасно
2025-06-18 10:36:27,HM-B210,38.83032388267651,37.60005544962098,5.199158652923282,0.0425598856047673,4.562868687597499,262.30051454733496,1012.2329254977832,15.225422517649148,7.691525292235609,923.9663272372368,0.9521785981710136,24.64320679431365,0,12.010476102937108,1,потенциально опасно
2025-06-18 10:36:28,HM-A104,38.94223671626649,33.125980249083,6.861110879475124,0.0528142564023381,4.435147690165041,247.8124126543792,1013.7595338758192,14.88910753135807,6.591317143686196,967.3147220631404,1.046844864967791,20.685811811468973,2,12.144411030243187,0,опасно
2025-06-18 10:36:29,HM-B210,38.324924517379976,34.10682633010283,5.926330705076564,0.0156191487464354,4.466594243422799,263.6875323129429,1012.8806259515038,12.568808608554384,7.824136119776637,954.2023626152956,0.9530820609695416,23.82948319931942,0,13.19126216024174,1,безопасно
2025-06-18 10:36:30,HM-A104,36.30143428783001,32.09690277430201,4.8944510688296665,0.0273868917779657,4.5710814959831865,266.461775473418,1013.250416643486,14.384839455479725,7.4874123239667165,998.1928552309848,0.9690804932755464,24.450526089646058,0,11.63888677379184,0,безопасно
2025-06-18 10:36:31,HM-B210,39.53597515352915,39.76561023322904,4.379392736210713,0.0538210471802246,3.938919091135198,264.52763201998226,1012.9808207222736,13.781134437446878,6.790023340027394,926.546887511806,0.9979630876434564,21.440774709856377,1,12.126037560147712,0,потенциально опасно
2025-06-18 10:36:32,HM-A104,38.35366155952917,36.45602577058412,6.527663504395544,0.0200827605633446,3.9834999677007104,235.6980990679076,1013.745133036716,14.455192349190613,6.190524131250912,914.0762184509514,0.997274662675366,23.1037180502231,2,13.731927631872775,1,потенциально опасно
2025-06-18 10:36:33,HM-B210,37.8022031549022,39.34543880715516,5.086544808382454,0.0139121049290011,4.156996621843331,262.8446617327342,1013.0938697048964,16.60933217757513,6.513967324974965,893.0109534158943,1.0424842470027935,20.639138996696342,0,11.343652651067089,1,потенциально опасно
2025-06-18 10:36:34,HM-A104,35.55494734606741,33.03385543629133,5.981409164093293,0.0494059469972609,3.961193259550289,243.99937747270488,1012.9615628358982,14.40265671579204,7.913536434429701,921.5291937686912,1.028634621059869,19.112153099367827,1,13.235972001975998,1,потенциально опасно
2025-06-18 10:36:35,HM-B210,37.235277719032126,37.8189091299689,5.412449258097695,0.0517743077821648,4.977406803456296,231.44006852846667,1013.8492019808434,12.06990395919756,6.620726751768158,980.9307217184383,1.019092603065773,22.105527170306974,2,13.107455334882408,1,опасно
2025-06-18 10:36:36,HM-A104,37.30179135600963,37.65858643884742,4.596789339385115,0.018132610909495,4.721077889632145,250.7415335944477,1013.4393791920908,14.194183690420656,6.659801920298129,856.3659588687611,1.0427440838667466,19.375301555946724,2,11.391515229782328,1,потенциально опасно
2025-06-18 10:36:37,HM-B210,39.32281804761335,36.916556518665416,5.805059825861395,0.0527172991391357,3.746982032384045,251.67715514019005,1012.2230998146936,16.10324090024691,6.379177862195434,996.6850070929283,0.9346148078224756,21.20319391562708,0,13.065472062105728,1,опасно
2025-06-18 10:36:38,HM-A104,37.73324110093894,39.656389752668005,4.182049206852047,0.0443383897798584,3.5083912338228043,253.35870666762236,1012.3554089223936,15.90030461609084,7.61370120227753,998.9960791461696,0.9925581291932688,24.110155193298333,1,12.709351367926727,1,потенциально опасно
2025-06-18 10:36:39,HM-B210,36.90200274485205,33.93555336106316,5.240027379613577,0.0360041341608291,3.564174902370902,265.24120826953583,1013.5742457258788,14.566950367640905,6.551288460484555,939.6732067881852,1.0330795150083234,18.602127312945765,0,11.862567011432256,1,потенциально опасно
2025-06-18 10:36:40,HM-A104,39.884001642553294,31.30717323589757,5.639844818991013,0.0515125096390692,3.866095176564388,245.44219045712296,1013.67170264236,13.248845064296576,6.660516496737712,899.7316305543102,0.9936207237417152,18.212999749652543,2,11.93342358515766,0,потенциально опасно
2025-06-18 10:36:41,HM-B210,35.55360296663158,36.71708859244061,5.308140922355737,0.0309624624659482,3.671436928755285,245.7640256551961,1013.0903816581806,14.325443314572723,6.8286962168632535,883.4573452483036,1.0466130711910304,22.245344931673213,0,13.498976826007286,0,безопасно
2025-06-18 10:36:42,HM-A104,37.11274214155972,37.29309800477206,6.246016525752973,0.0196996978111698,4.300007172338859,233.02761281206304,1013.1089104557332,14.818511097090958,6.867456559549219,891.4735593527319,0.9150529070859568,20.317429286164263,1,11.693044958798666,0,безопасно
2025-06-18 10:36:43,HM-B210,35.21012337585702,35.75060573458815,6.483774863635937,0.0242426338305306,4.786992834091038,264.3410607996148,1013.2638659257028,16.99935719137067,6.822681580830043,857.5158139757458,0.96589957541898,20.925563948481408,2,12.538341588283023,1,потенциально опасно
2025-06-18 10:36:44,HM-A104,38.69952060383465,32.06817893133396,6.313729222099534,0.0352582009146657,4.605125331369841,258.3913045699792,1012.8782315485652,15.220890450846888,7.007487390749457,921.2666437725038,1.0466044361862954,20.83997412060832,1,13.043449211909593,1,опасно
2025-06-18 10:36:45,HM-B210,39.59038276099575,35.04455941669355,4.1164388434354064,0.0365665396336587,3.8234135946232857,247.4712556346894,1013.360398246968,15.471324650313068,7.629025759232807,858.5986406296608,0.9569352042854888,18.606341603066944,1,11.389705083010565,0,безопасно
2025-06-18 10:36:46,HM-A104,36.40018664775245,33.1218973656913,4.582386311337917,0.0502790413220616,4.098948884038679,265.25944894586775,1012.2169625151328,14.45727071784026,7.638570081484044,957.7711322163888,1.0109334562648955,18.02496502875716,2,13.797061613648944,1,опасно
2025-06-18 10:36:47,HM-B210,39.291708383995605,34.27466528166689,5.609822527791323,0.0495676361826167,4.261841314296916,256.86788746134386,1013.9225584847349,13.77244775391265,7.596626267526694,905.789418329928,0.9045604351617974,24.28896270004985,1,11.781902945085156,0,опасно
2025-06-18 10:36:48,HM-A104,36.461091152309486,36.45218575844664,6.804466121331403,0.0390683278602287,4.715308774255004,253.46224729352696,1013.5003096475898,16.06476491823603,6.202249678232975,879.9047097620745,1.004225567194547,19.524589926326225,1,11.956504769009657,1,потенциально опасно
2025-06-18 10:36:49,HM-B210,39.55385080821958,37.45214742690835,6.50487032515635,0.0490392741682738,4.758682404659247,255.56622718305636,1013.262348408018,14.474661621696182,7.599357606549628,931.7280336754058,1.040194009879137,20.982552943050017,1,12.998347214327772,1,опасно
2025-06-18 10:36:50,HM-A104,38.76980951798392,32.32224690901343,6.5276035250554045,0.0195886729146835,4.864577467861664,261.81740626335284,1012.632644114019,16.973450649822624,6.240503546973153,996.063896086452,0.9574059427785004,24.803480576697552,2,11.2345749414084,1,потенциально опасно
2025-06-18 10:36:51,HM-B210,39.0245338842072,34.05325360646953,4.909624581279025,0.0125032263546647,4.263867875754313,263.00013022873,1012.3219109749134,14.28560287134022,6.249447540104516,954.2696573527628,0.9031949756890394,23.787338073885564,1,12.88283806975585,1,потенциально опасно
2025-06-18 10:36:52,HM-A104,35.090032778002275,32.69161570991629,5.288343691236108,0.053681691131735,4.541412119653795,244.44789095703587,1012.8186859276578,12.340001418237886,7.895725543269922,923.762027515624,0.9041864706593226,18.755515986838915,0,13.748089880557252,0,потенциально опасно
2025-06-18 10:36:53,HM-B210,39.81405178537013,31.98631613861869,5.412117841947812,0.0137777246881384,3.667700556850906,237.03716816955767,1013.323153481148,15.412890685450414,7.638795689411083,966.537144888176,1.033803495856663,21.5596332212881,0,11.747271665904274,0,безопасно
2025-06-18 10:36:54,HM-A104,38.63335496035162,37.83387219995839,4.472114750049731,0.0223344214871998,4.347933439930973,237.83170905952596,1013.2674194868462,12.233207254629056,7.1048209337360175,960.6214707848484,1.0083774160644392,23.11055318546511,1,12.085723180353808,0,безопасно
2025-06-18 10:36:55,HM-B210,36.52375547693067,39.09252694436992,4.093204390733369,0.0447659474812192,3.873037714206703,261.96954429515006,1012.7652823101312,13.252507984423517,7.749940408955724,983.7603191586692,0.916002957633987,22.888749494994485,0,11.697001872563773,1,потенциально опасно
2025-06-18 10:36:56,HM-A104,39.14697332429424,33.70232185684577,6.840708698381551,0.0304723968813654,4.147575327539917,273.6436642883563,1013.2265727876662,13.768691263899516,7.978729285103726,880.7003421390921,0.9081885415576796,23.32589296683129,0,13.4563062467388,0,опасно
2025-06-18 10:36:57,HM-B210,36.40760599207465,37.51278924373767,4.72213775699052,0.0538156984957754,4.451075762460079,250.4748139172776,1013.6274965911352,15.697417928106638,7.221284133263556,978.8316364388098,1.020723804542322,21.20218258421625,2,11.502823470513398,0,опасно
2025-06-18 10:36:58,HM-A104,39.36376919783064,38.96995289364411,4.719846711170894,0.0248989897331134,3.885478906780672,238.47600801647312,1012.0525695446752,14.471179632038064,7.225796873963036,895.1539130562549,1.021479094920804,19.231460505311976,1,12.039884706307571,0,потенциально опасно
2025-06-18 10:36:59,HM-B210,35.56290195205968,38.46124210530232,4.250137161306279,0.0105935673334679,3.5782775866951417,267.8301249146928,1012.9012420958604,12.143229656551284,7.508854058319856,991.1498391737646,0.9180782759688074,21.25410710743561,2,12.80306546427541,0,потенциально опасно
2025-06-18 10:37:00,HM-A104,38.51842988730398,31.82813388539226,6.785523255831336,0.0250327820280372,3.5153507846131364,271.62447372097245,1013.5171104569336,15.08424925637961,6.4642779047306655,892.1597723420102,0.9452280605832956,22.53521074421305,1,12.213663297997998,0,безопасно
2025-06-18 10:37:01,HM-B210,37.70349238322455,39.562918815133614,5.739211344819315,0.0389037524592415,3.5332393033167824,274.02912215604835,1013.0922889409268,14.057181187133311,6.334249723037599,989.0272814744014,1.0170039096860837,22.26014460623617,0,11.196407943521232,0,безопасно
2025-06-18 10:37:02,HM-A104,35.482672350977204,33.766764404294626,6.001110571376062,0.0287969187701646,3.5125246062706545,260.34157144568667,1013.3029521758582,16.609172549835534,7.519161500030145,994.568607169612,0.978811810643101,18.49365437652025,2,13.84316200284528,1,опасно
2025-06-18 10:37:03,HM-B210,36.20946914129419,33.392406611738366,6.734730661789158,0.0367436377879377,3.665532584836813,273.03642796940426,1013.0333527852108,14.497811555701176,6.689809589988204,871.8237036185521,1.043487729108795,18.45466703857534,2,12.0137013252757,1,потенциально опасно
2025-06-18 10:37:04,HM-A104,35.06202018138657,30.624313272777805,5.036860506702368,0.0538299059417509,3.859233071855195,230.7707479224204,1013.9837490893648,15.544875729696695,6.270140712611868,996.1749824894176,0.9721593968019008,24.756804818086483,0,12.336953638294334,1,безопасно
2025-06-18 10:37:05,HM-B210,37.343839827322526,34.86173654104883,5.864521933414252,0.0556242527115184,3.831832271273449,235.36179008847617,1012.109243072978,13.094342461647734,6.6297554518355,862.8584452643923,1.001543690634827,19.0626381852784,0,11.502636005610098,1,безопасно
2025-06-18 10:37:06,HM-A104,36.5063263038,31.090136156409287,4.116398364186662,0.0232987032327056,4.980194891269845,234.62880335260493,1012.9820896435448,15.804867822658268,6.717273735749151,882.7851679918783,0.9764675048612376,20.06123724808205,1,13.59605071713777,0,безопасно
2025-06-18 10:37:07,HM-B210,37.9917874214888,32.48539820927426,4.560317584693388,0.033107023663495,3.959009157813415,265.63023421273664,1012.182833098229,15.60477655241836,7.930455319011381,916.6253171309206,1.041444824352757,23.37344137509316,1,11.874286363593836,0,потенциально опасно
2025-06-18 10:37:08,HM-A104,36.48618903854309,33.169426217672815,6.493737415269828,0.0374572007620725,3.6911311750390983,233.47908917717896,1012.3195711242272,16.52040854270654,7.395919422175846,999.0396048567566,0.9597988638101412,20.867739530762226,0,11.059469130198387,1,потенциально опасно
2025-06-18 10:37:09,HM-B210,36.49959555753493,38.08826323491684,6.300305069015007,0.0574556228444123,4.318343816251637,254.81821862331532,1012.7660767008364,12.169108208595995,7.061712634799468,923.2844576748068,0.93446946827679,19.27025397282023,0,11.94920774776375,0,потенциально опасно
2025-06-18 10:37:10,HM-A104,38.71596599365802,38.75488650395896,5.051928074371441,0.0599308659582192,4.786936183096263,253.63534493181444,1012.311080183001,14.237503488087256,7.93774627736521,932.5614164767728,0.948995079042149,21.27062667616847,2,13.952179053598687,0,опасно
2025-06-18 10:37:11,HM-B210,35.24071417989177,33.024663174614695,5.130431883322638,0.0217703624420763,4.517090565181513,245.53517617791204,1013.9273743319133,15.39577701369815,7.806279480948361,954.1637424285472,1.0279162806247844,21.98264979534356,2,11.440528618444986,0,потенциально опасно
2025-06-18 10:37:12,HM-A104,39.514474975959935,38.586981212445735,5.600663300660738,0.0463489935672907,3.944123133703176,273.520258497105,1013.8935795534504,12.475819500401077,7.024001713228319,995.2440337409428,0.97469078452682,21.16936626494653,1,11.093607463965585,1,опасно
2025-06-18 10:37:13,HM-B210,39.26131937195591,38.57230937369791,4.000723014055404,0.0289015531116597,4.342424239687182,238.5216600939998,1012.6722192924412,14.053020335744565,7.811359270753961,967.5027100186368,0.953137845525336,24.43262252830476,2,12.734526770686948,0,потенциально опасно
2025-06-18 10:37:14,HM-A104,38.33902341613203,37.64650950384873,4.723733008114084,0.0104054098443106,4.572283961300614,247.623139219962,1013.2794954240752,16.710733015330977,6.808609316125313,883.6231006635547,0.9816390032714224,19.99289506569653,0,12.114999639402525,1,безопасно
2025-06-18 10:37:15,HM-B210,37.96610785053692,31.466951140151814,4.624695425824643,0.0104626261217951,4.592156738551614,268.70857500114647,1013.0675066411876,14.17967245445564,6.460841330713249,895.4486395996532,0.9199844560915263,22.629325124897697,0,13.384925897631357,1,безопасно
2025-06-18 10:37:16,HM-A104,39.46151249069826,36.90322846900729,4.7514488402492905,0.0330283003781127,4.499807682946534,231.5211157196642,1013.6311739610315,16.927023917403158,6.46535635364417,864.6442359412787,0.9008038956938396,18.786063049869284,0,13.195663291576176,0,опасно
2025-06-18 10:37:17,HM-B210,35.92665089764357,39.450240645805685,6.417717527600324,0.0344167456502167,4.806215637163427,263.6475200123184,1013.254891219634,12.284195305399098,7.324631048884253,946.667854624711,0.9420877025540236,20.745998203648185,0,11.55625708429948,1,потенциально опасно
2025-06-18 10:37:18,HM-A104,35.394845810954145,36.82540478767157,4.839021569639329,0.0111284848286721,4.805158187516156,270.81988631807855,1012.0005049089812,15.589148880704457,7.002140641414554,877.1110459808832,0.9907508579675314,23.186952761094812,1,12.6938969154653,1,потенциально опасно
2025-06-18 10:37:19,HM-B210,36.19755084954769,33.316168491078336,4.5745639661504445,0.0443463708387151,4.368404839110505,276.6133919419084,1013.5263487712194,14.905081181241346,7.317901694010893,888.6107332719049,1.006752115449208,19.573718584126254,0,11.097308022368257,1,потенциально опасно
2025-06-18 10:37:20,HM-A104,38.97289139350095,35.00579317430831,5.512790382379095,0.0247001694297476,4.144784553666819,273.81483202457423,1013.4936962425924,14.502698385660628,7.37215192852434,983.2170482770566,1.023991644952795,22.128397319580888,0,12.318434684403432,1,потенциально опасно
2025-06-18 10:37:21,HM-B210,35.17335133363242,36.45725043351054,6.596935109118196,0.0379946550767974,4.46235544334765,245.96920584168427,1013.019445411133,16.85423700742505,6.044645745795435,899.0133512998023,1.0389995339091704,19.074059204463424,0,13.142159665905073,1,потенциально опасно
2025-06-18 10:37:22,HM-A104,37.91403417541745,35.105704087285034,4.7240491115125,0.0250459536582709,4.727318002055695,259.31820706614764,1013.805837946466,12.648252002455644,6.1080791846958045,934.997007753125,0.9618168520447152,18.7189118395296,0,12.24487637626331,0,безопасно
2025-06-18 10:37:23,HM-B210,39.97718758095655,31.199529417309694,4.235608728378396,0.0183567157434653,3.508478157261777,233.8646746575233,1013.8168924113808,16.479994758404565,7.0653554531825,909.6349013183766,1.0110775199336182,21.662629242475298,1,11.353862443460482,0,безопасно
2025-06-18 10:37:24,HM-A104,39.2784804691877,33.120640446520206,5.069214207548994,0.0303586869299437,4.987995513522277,242.89350017740043,1013.0478233534088,15.45620205568305,6.382070955520154,861.1046931108871,0.9112009395297094,22.725076972602203,1,11.184600760968062,1,безопасно
2025-06-18 10:37:25,HM-B210,37.60722844521795,38.02396030553633,6.242955473694933,0.021613668239525,3.774340658493799,234.71111893737535,1013.2159764623932,13.294980366498164,7.265067537608879,904.4295744845058,0.908629499815812,18.793569463641383,2,13.56097834934353,1,потенциально опасно
2025-06-18 10:37:26,HM-A104,35.318204546433215,38.614180460955176,5.652071634084384,0.0367400488459584,4.205373478489964,245.7593645076982,1013.9930441438494,16.508345728161466,7.104371478341296,911.2102304553896,0.9187196987979236,24.42443376661041,1,13.67398087984734,1,опасно
2025-06-18 10:37:27,HM-B210,39.15686757192855,31.3730003271557,6.450380108723042,0.0199414265143239,4.8080446022643,273.75936067293645,1012.5976404696228,14.146474589305068,7.171520716741783,984.3551652867276,0.9672853646746143,19.580405838882267,1,12.0292774436534,1,опасно
2025-06-18 10:37:28,HM-A104,37.994892540886056,39.52386752398725,6.878776442827702,0.0354202988322313,3.837560598566299,247.35834198371464,1012.649234484623,16.071136640365353,6.604910759662022,898.667598046951,0.9316922157748124,18.8398271571151,1,11.49251697389226,1,потенциально опасно
2025-06-18 10:37:29,HM-B210,35.57466498529784,33.28822617848609,6.377987430254851,0.0178689257434433,4.215192835850575,258.0949051500713,1012.365547805327,13.944182585237,7.279687012555794,906.8861679643102,0.9430387412906724,19.418892358451476,2,13.935848639372663,1,потенциально опасно
2025-06-18 10:37:30,HM-A104,35.46928642411678,36.6231373873072,5.81140923653126,0.0435487354742892,3.698873270271769,251.66904240574704,1013.7917338783158,16.254654137166206,7.658985272970046,967.4345153008502,0.9971820260268456,19.18700719572289,0,12.637591410803632,1,опасно
2025-06-18 10:37:31,HM-B210,39.54813409718296,37.51825145956681,5.480024764157141,0.0476968842220712,4.092614488082289,252.9458262149368,1013.4889767798984,15.183145592225245,7.996142507184475,963.8434976817396,0.953778326820427,18.634722554290644,2,12.429965131147474,0,опасно
2025-06-18 10:37:32,HM-A104,38.34600131469039,38.11946234637883,4.1202072590448005,0.0155197117124966,3.765703182189504,278.4786025918279,1012.2112856977404,12.705233167918635,7.676888772344428,969.7427914972736,0.9836057336577032,23.584874643450952,0,13.224823242179838,1,потенциально опасно
2025-06-18 10:37:33,HM-B210,39.14643399658378,39.4574970222593,6.952965936442124,0.0333901206018669,4.045441623156735,244.8077234131929,1013.963534702396,15.248315817347638,7.114997519359894,993.0656110114006,0.9618605635104888,21.46876442320877,1,11.506608018264084,0,опасно
2025-06-18 10:37:34,HM-A104,39.394894501411336,33.129195480288224,5.150443367725128,0.0135435850327436,4.060196325189083,261.3662234761585,1013.4619234163222,12.956723813509363,6.386859183359913,969.3336247592176,0.925345388327973,20.71963608265078,0,12.739969170211731,0,безопасно
2025-06-18 10:37:35,HM-B210,37.85886176024161,38.58506454551554,4.4566846417506,0.0399091222771001,4.989756184397499,251.0031334789724,1013.70104421921,14.059613139470812,7.3628917522396415,911.1412304826836,0.9111029985383842,24.65439548888893,2,13.670487069222766,1,опасно
2025-06-18 10:37:36,HM-A104,37.5872317587752,31.31686903436207,6.000126566189371,0.0232202148964822,4.992219543955658,233.0573090523843,1012.0963015783464,12.85147792126017,7.875307571115957,973.2262775347136,0.9354347242964832,20.59705870945353,0,11.069205457813576,0,потенциально опасно
2025-06-18 10:37:37,HM-B210,37.15213705160495,37.05040906353592,4.852864867286378,0.0363812228419353,3.672179417990919,254.4665415812118,1013.0099218378843,12.110080578335593,6.423733079464605,926.3011948134908,0.9086550704236568,19.168809082330327,0,13.018819120556296,1,безопасно
2025-06-18 10:37:38,HM-A104,36.5847329389556,37.41977729513986,5.757334812793143,0.0358730504692145,4.588953168992521,270.6671664522554,1013.397196573454,13.059432697249788,6.511991241053154,891.6571048777848,0.9927917939834712,19.91830024348617,1,12.654271867254216,0,потенциально опасно
2025-06-18 10:37:39,HM-B210,37.17297980429356,36.777232412013205,5.760303723533774,0.05621771730969,3.577618219503652,234.9376484340844,1013.0858931691436,14.681860118620628,6.298017086823302,895.4375602196519,1.0193576402199152,19.672765735120176,0,13.852402353423354,0,безопасно
2025-06-18 10:37:40,HM-A104,38.86939827865079,32.52314736135153,5.337189462708608,0.0374541611284361,3.545288023005783,233.47959236981544,1013.3332949313984,14.40780483888673,7.473443287252803,883.5763582845098,0.95096111523561,21.49118895694313,0,11.77609552976664,1,безопасно
2025-06-18 10:37:41,HM-B210,38.00961715507566,38.730431470152034,6.508355846635128,0.0391499239859157,3.6580008413674463,237.6815760196633,1013.6357481271808,14.50748547768032,6.813123006847318,871.748943672963,0.9580666583028538,20.040535867682017,1,13.57667492577912,0,потенциально опасно
2025-06-18 10:37:42,HM-A104,39.46261644977423,31.68858463370395,4.794901184666329,0.030082656288219,4.948228485511901,268.2200055694653,1012.7486741259204,13.238434392233009,6.125391277772768,877.6735617780475,1.022428659413896,21.61242820530453,2,11.926957105649857,0,потенциально опасно
2025-06-18 10:37:43,HM-B210,37.216900071895935,30.53634791520831,5.345897774853203,0.0574539801591408,4.911295321842046,266.1997692072369,1013.6973373512374,15.425806003070932,7.74989998298056,859.4767074930729,0.933391936856034,22.68505397462752,1,12.289590728188724,0,опасно
2025-06-18 10:37:44,HM-A104,38.03544789359377,37.17464990611912,5.6130763857729145,0.0488592954719804,3.790891730421021,258.2508884453055,1012.3258322095306,15.52131643410173,7.115343809405133,983.267629739858,0.9178740397792312,23.441091499992805,0,11.639862694293486,0,потенциально опасно
2025-06-18 10:37:45,HM-B210,38.15653776545994,34.754757152327336,5.990874162301899,0.024270264515142,3.742508503330568,253.4113202046316,1012.5417721100528,13.789839127798327,6.662188584000711,989.6511714473684,0.975167717599663,22.97110446887061,1,13.590773047356528,1,потенциально опасно
2025-06-18 10:37:46,HM-A104,37.95848581153163,38.49098019958676,6.351915551516768,0.0522104792888116,3.8608026297739206,274.4162907351311,1012.0866912398546,16.40585044237087,6.687965952122194,938.0155588740844,0.9969285254299856,19.439135015194527,1,11.58622898196083,0,опасно
2025-06-18 10:37:47,HM-B210,38.51316886542758,33.83397141058259,5.184421848634768,0.0316198180092544,4.273320491112713,268.3348911916741,1012.7288536226704,15.22011608317774,6.580502440381814,976.0734334913028,0.989948163756972,18.81129803469928,0,13.577038979793636,1,потенциально опасно
2025-06-18 10:37:48,HM-A104,36.18716734187403,31.682785885077127,5.938140832289788,0.0514333571766797,4.354556948053115,270.59711256509024,1012.7598190896482,15.56519637629316,6.910960344785284,877.535665397972,1.0070809567911272,21.79715111370876,2,12.366840147711642,1,потенциально опасно
2025-06-18 10:37:49,HM-B210,37.56181888772896,38.364421924698696,4.451832859205558,0.0511444034146751,3.832390145659171,270.6631150675327,1013.6105411944144,13.386699589694697,6.67408337697629,985.2510737840478,0.9085126773259536,19.392382538457017,1,13.505256481450465,1,опасно
2025-06-18 10:37:50,HM-A104,35.52112401404174,35.48909631640072,6.797944301627435,0.0194435093381427,4.634934182134918,262.1358577372779,1013.3062613405792,12.003058175777936,7.095892608141218,925.9542339445762,0.964230241913756,18.594536052400592,2,11.793465677329594,1,потенциально опасно
2025-06-18 10:37:51,HM-B210,36.92255663822407,31.891957923903547,5.149176419263011,0.0450570565691788,3.964329754103976,252.9007312157973,1012.8734451163114,16.32687806051055,7.547034504542588,860.0747488908332,0.935785578591854,21.68966040085592,1,11.39819042411362,0,безопасно
2025-06-18 10:37:52,HM-A104,37.43833534310632,37.203839985864455,6.188564265929315,0.0245321484653265,4.883196988294116,273.2338876292825,1013.3042279572476,16.112121922899043,7.3489225668887475,871.1969116741241,1.0138681889319037,20.28755929575457,0,12.664883794879705,0,опасно
2025-06-18 10:37:53,HM-B210,38.26112129772736,35.111136384895005,4.061023245646533,0.0248746334996334,4.485084059685096,276.3003708801625,1012.1055667010314,12.615959440214151,6.588913785508234,896.3464691180226,1.0309095726090525,23.293043083569525,0,12.52831120116715,0,безопасно
2025-06-18 10:37:54,HM-A104,39.752655262931015,36.0431298224032,4.615561428714421,0.024817403844029,4.154526791455417,231.1903021629172,1012.3605430720368,13.870525674781533,7.057482023079558,856.5336370532127,0.9422003611209624,20.199341413838926,1,12.069822134010598,0,безопасно
2025-06-18 10:37:55,HM-B210,38.00325533274178,34.608983382065816,5.461247632970734,0.0462784123779974,4.684868002554268,232.57774366331256,1013.2538957104836,15.306696541942912,7.680252319824501,896.3940067026166,0.9142827118604112,24.851019959390698,1,12.988464255615243,1,потенциально опасно
2025-06-18 10:37:56,HM-A104,38.7179695808828,38.28708983818007,6.63475740319704,0.0214913020896268,4.726871939069997,277.9371648454219,1013.2827336384506,15.26055428609364,6.136412469485451,858.9895649678338,0.9380141942987096,23.30966233882496,1,11.285428486272536,1,потенциально опасно
2025-06-18 10:37:57,HM-B210,37.53133029747601,38.2956271568305,5.581765449852032,0.0100452917623045,3.9357224084134153,243.85803069220972,1013.5482693174148,16.301751674042784,6.156594533973809,885.4041407789238,0.915601273358838,18.403852550422037,0,12.866003224745388,0,потенциально опасно
2025-06-18 10:37:58,HM-A104,38.17052015688166,37.09388821824386,6.789611446881637,0.0457618426741316,4.009571815754127,273.6684719824709,1012.8059995181072,12.701340808177145,7.112340136099506,889.8504633784662,0.948363324917018,21.56210918249393,1,11.63526828050071,1,потенциально опасно
2025-06-18 10:37:59,HM-B210,35.35466108066887,31.054013773964623,5.451390689748389,0.0185592371917562,4.903932730592905,249.43975594807011,1013.4451081932324,14.149698738925592,7.278230256779606,999.1553464550192,0.980729786748274,21.93834350849877,0,11.386863668063892,1,безопасно
2025-06-18 10:38:00,HM-A104,36.27195790420924,38.38853861904069,5.47134729020785,0.0152241197653917,3.747111557544908,235.9550028804678,1013.3679606651204,12.486122089632124,6.422826031551808,885.3320010645497,1.046052143159731,22.867118974771184,1,13.728824540376069,1,безопасно
2025-06-18 10:38:01,HM-B210,36.80926546602569,36.710129805329096,4.359240365501596,0.021875806029703,3.563225625444401,234.0221600104667,1013.9267867567396,13.94797624219314,7.490440253383036,885.877967340787,0.959905538152704,21.48457757923631,0,12.379387283461504,1,безопасно
2025-06-18 10:38:02,HM-A104,37.362466775032566,36.970241660042994,6.407968732456659,0.0289950261161352,4.181082983914324,237.8253949540228,1012.4302604528492,12.075537227938522,7.292526754081455,953.0183452537576,0.9330059885781932,21.38410518890201,1,13.290250614764073,1,потенциально опасно
2025-06-18 10:38:03,HM-B210,35.22824372751192,33.62982840403872,4.740896237401188,0.03379531637366,4.701814850365444,242.49465974336823,1013.1033591275052,16.491365325550635,7.846578536472573,978.9036217774678,0.9250202610556252,20.57557028174329,2,11.26735078534555,1,потенциально опасно
2025-06-18 10:38:04,HM-A104,35.70012048776659,38.79279556157007,6.698837468116945,0.0122285020356315,4.657502159466119,254.4259176965413,1013.203528884221,14.635219984143404,6.337908403717074,908.058311890313,0.9259559649208016,19.900229687294217,2,11.17239463401825,1,потенциально опасно
2025-06-18 10:38:05,HM-B210,36.384071538956526,37.253716002348575,6.7324726609911885,0.058528666631368,4.879295943369248,265.0748950282892,1013.9972957698684,16.249011304011766,7.502748530716021,981.3427029911038,0.928889652489219,24.623401483837146,0,12.484556638763197,1,опасно
2025-06-18 10:38:06,HM-A104,39.85766345450526,31.125904665291944,6.829930335622449,0.0458031526709779,4.299800996553561,279.319928824265,1012.4023682843332,12.299523505016818,6.167286181166534,901.0213031121637,1.014340053380617,20.223176687440603,1,11.946653454635392,1,потенциально опасно
2025-06-18 10:38:07,HM-B210,36.65673503551525,34.07778034406163,5.56069146730927,0.0261597032662168,3.6500970073498,252.07533716445852,1013.0464360399346,13.137290552364604,7.1305848190357946,879.5523819422529,0.909154156714863,18.44394927206232,2,11.014721877528448,0,безопасно
2025-06-18 10:38:08,HM-A104,37.41020529056041,38.86380361960141,6.0312813543509325,0.0259348628642698,4.383033461504024,255.9092471171555,1012.6923706154272,13.296899976105903,7.103790278998291,899.4458236491586,1.049610406041455,19.170993175053887,1,11.5498839346966,0,потенциально опасно
2025-06-18 10:38:09,HM-B210,35.980488563691964,30.47196701697379,6.33554764018499,0.0324271274684229,4.667593421529817,256.0907850691628,1013.051785937158,13.93345747319394,6.776770089293481,941.4034560891988,0.9784029586749392,24.00093645228903,1,11.656326546471371,1,безопасно
2025-06-18 10:38:10,HM-A104,38.05390035537884,39.6141661964205,4.3930438559513965,0.0413122411381516,3.63999218040474,256.9717177743968,1012.4642572042062,16.01433186198773,7.689142295337135,905.0714738968112,0.981640784145124,22.10643421386369,1,11.86551906359328,0,потенциально опасно
2025-06-18 10:38:11,HM-B210,36.40341607757987,36.791625683195626,5.8028715849924914,0.0173186533294483,3.758986101646385,255.8870328552231,1012.095224756855,13.932789368657463,6.008741289572025,950.9340705983932,0.9536345818049408,23.45146384563946,2,13.632606731130052,1,потенциально опасно
2025-06-18 10:38:12,HM-A104,36.03496289219213,36.31375977643377,4.102893703909935,0.0194464906882476,3.518435991733506,230.4387377530959,1013.1451309077954,13.023267648231634,7.040358803797042,885.5403819133724,1.0035383039118182,23.66147082297786,0,12.261807593395906,1,безопасно
2025-06-18 10:38:13,HM-B210,37.5828631422299,32.705592564879915,5.492698250166177,0.0529717291416775,4.390478869170216,230.08624110549204,1012.6717086317216,12.324951301693842,6.434307099670375,955.1489340983724,0.9707184511321196,23.762655074477514,2,13.03829717143126,0,безопасно
2025-06-18 10:38:14,HM-A104,35.0275289958021,32.487917887391774,4.464528044860682,0.0228127461944536,4.830101587918857,234.8833159063061,1012.3638828034968,12.397458741763437,7.486997238232866,902.11575448727,0.9493591927446824,21.85429595421226,0,11.055188277984598,0,безопасно
2025-06-18 10:38:15,HM-B210,35.03832016324613,39.42058219488595,4.548768777886254,0.0290097498987588,4.5059949740031495,235.0778301714589,1012.647871132156,15.800236029804887,6.086134852612195,918.3802557402902,0.9397707605562065,19.239844169893733,2,13.441777033648602,1,потенциально опасно
2025-06-18 10:38:16,HM-A104,36.095344045509286,32.98272454234123,5.095142700077805,0.0535635925475058,4.9730601313864735,265.2448454477398,1012.0985604028956,14.224014955183163,7.663109376363155,933.6617710664344,1.038847681039989,19.037629265652992,1,11.720986832589253,1,опасно
2025-06-18 10:38:17,HM-B210,35.1836068125041,37.75505296719,5.297311500149509,0.0431573914699911,3.5945504787496425,240.2458016258,1013.9008844681802,15.630905610000076,7.676184453413903,952.933750477899,0.943648427257863,22.017890942625787,1,11.927117986731304,0,потенциально опасно
2025-06-18 10:38:18,HM-A104,35.54012877065346,33.93121798207079,5.8695172735965615,0.0270855939670844,4.854501627727244,274.7357052377806,1013.1622958299464,15.411435608818488,7.665732024807005,885.8070537773101,0.9654589889144763,20.565600475799734,1,11.135769295961117,1,потенциально опасно
2025-06-18 10:38:19,HM-B210,36.69430324669376,31.39254070784704,4.223285255315547,0.044184977286231,4.721102431080022,276.4303164788509,1013.629537362694,12.676812308801289,6.30513705346534,975.3918306116216,0.9525512103174704,21.90633768872037,2,12.229078717920846,0,потенциально опасно
2025-06-18 10:38:20,HM-A104,39.01292839789907,30.10715297695359,5.511075283712334,0.0109841607690706,3.971362280749257,278.79466689479494,1012.8462363950956,12.714439670961337,7.26081303712209,958.276412463286,0.9129268241142054,21.489344909665054,2,13.557730318220134,1,потенциально опасно
2025-06-18 10:38:21,HM-B210,37.860243216846506,35.44257337015251,4.547875390759304,0.0467821330005682,4.960289827755878,276.954065244351,1013.8066293351324,15.77671007717067,6.028734718366779,885.1146878535999,0.92789015917234,22.21538655788284,0,12.136202774360868,1,потенциально опасно
2025-06-18 10:38:22,HM-A104,37.56333862978208,39.757788185489325,5.721925525095226,0.0343508020258119,3.9319066222571215,243.59441609592625,1012.9666364431046,15.606341467427086,7.695925182578399,996.2461843904366,0.9284252962989572,18.22478253515596,2,13.725815812269175,0,опасно
2025-06-18 10:38:23,HM-B210,36.46744411604061,33.691361938092044,5.91221383678355,0.050659107364223,4.833957085742328,255.48884223517564,1013.1478906444012,13.890153834371551,7.445950387017241,949.7195486545688,1.0040474271584483,18.229856764410865,0,13.602342809578046,1,опасно
2025-06-18 10:38:24,HM-A104,39.65876859716408,33.57192333993045,5.670127769658562,0.0577318826003234,4.821122865611284,238.77274850984705,1012.9835879601252,12.3871113166642,7.062307461798506,917.8640329700058,0.9609878114948714,23.05116619593956,2,11.185882828982978,0,безопасно
2025-06-18 10:38:25,HM-B210,36.98507520618596,33.44091617849442,6.214886531434923,0.0562894274747284,4.636486424904459,270.3104827586217,1013.4665565917352,12.06049010849226,7.461182866193234,873.6290988330275,1.017295134460599,19.35189070675904,1,11.915815831345435,1,потенциально опасно
2025-06-18 10:38:26,HM-A104,35.43546383397886,35.20543837304859,5.006827732722704,0.055463252172767,4.345205710719278,274.4215852572048,1013.1333121552042,13.440784747308724,6.188648193303544,929.9831503462198,1.0063426386501235,22.565389235344394,2,13.73125192255238,0,потенциально опасно
2025-06-18 10:38:27,HM-B210,38.08533258058901,34.40664883424294,6.295319774899393,0.0356084977966943,3.680004124425332,272.5644419648757,1012.5431978471609,12.046111367936136,7.057311664353713,874.7163830240677,0.9288074649594056,21.826031375540182,1,11.08942682742401,1,безопасно
2025-06-18 10:38:28,HM-A104,35.569191967383006,38.79914626727015,5.298301245124581,0.0280071057069469,4.297957601744748,251.6683474348417,1012.2910790626452,13.150363105518515,6.58255298363289,914.4237518046766,0.9844375380180151,24.872561299832363,2,13.297424853826278,0,безопасно
2025-06-18 10:38:29,HM-B210,36.72611571400846,35.0552079172349,5.45255349496779,0.0332517662365336,4.035194383482402,267.93369423433904,1013.212248777766,14.097503701056691,7.9452389264459455,911.306878410928,1.0114363269073203,23.84784115218144,0,13.7192839374538,0,потенциально опасно
2025-06-18 10:38:30,HM-A104,37.53705969358904,35.07757838188569,5.944306381783214,0.044494800165668,4.688325549733028,234.87895847881347,1012.978359923094,12.607078826559771,7.714235901247804,957.990946652119,0.9949564385213584,20.891941649319445,2,13.31147419500748,0,потенциально опасно
2025-06-18 10:38:31,HM-B210,39.37111262342588,31.38371594720557,4.055075151997672,0.0541998888435593,4.637193809745267,232.0122385309625,1012.1919513933922,12.521388789157731,7.466551391667954,878.8574771836375,0.9900024762131971,22.31488974065216,1,13.231442951017724,0,безопасно
2025-06-18 10:38:32,HM-A104,37.46773290170059,39.82739540910386,5.961982664260745,0.0203493151500059,4.865918761058908,267.661820715438,1012.7912349315866,16.482187178593684,7.867495270499464,973.2807032306268,1.010941633110115,18.821026200578306,2,13.53006732685145,0,опасно
2025-06-18 10:38:33,HM-B210,38.51129383015832,32.4997289086883,5.855755447216346,0.0559096579230851,3.522245243647562,251.2677637164342,1013.0295528440008,14.927350145114444,6.693686609130948,898.9198490524249,0.908517110888446,20.704702300736667,0,12.997368683096036,0,потенциально опасно
2025-06-18 10:38:34,HM-A104,39.96408419499535,30.733640674596028,4.929541350259839,0.0507590115984944,4.713654825234569,279.77746323697846,1013.6537864676512,16.672278433813908,7.801759797976363,916.5982940453164,1.009713292104215,23.13721418762912,0,12.269288566348916,1,опасно
2025-06-18 10:38:35,HM-B210,35.65744559948991,36.63146248975209,4.257382854698468,0.0589428007589117,4.907693079687004,234.86271079277665,1012.1522021116668,13.729130818928397,6.650476464213421,965.8511463330764,0.9408982894730142,22.35870108890057,0,11.188266654005163,0,безопасно
2025-06-18 10:38:36,HM-A104,36.3736576275976,35.95366370156873,4.272806349739123,0.0540125886640843,4.683950673662225,272.7813840767617,1012.696990696492,15.385724686645815,7.465593439382306,943.8088599570272,0.9857808381764032,21.391299270641504,0,13.363902335043338,1,потенциально опасно
2025-06-18 10:38:37,HM-B210,36.97288037798823,34.15145653992746,6.769671240955686,0.0239968664845953,3.69529168980555,253.9991532764496,1013.6453122454208,13.023458373108951,7.472833823552898,896.2038027702906,0.936345749204476,19.235703728368684,2,13.715760917122674,1,потенциально опасно
2025-06-18 10:38:38,HM-A104,37.10914089269416,34.22192233880678,6.067837963677512,0.0152977955672023,3.621918657261332,271.3575097751939,1013.2968478635432,15.091701586399706,6.036699752908187,907.9304386818822,1.0258226358310256,23.622021483102813,0,12.5347593846596,0,безопасно
2025-06-18 10:38:39,HM-B210,37.05510537632773,37.85063921046431,4.381307841312221,0.0156120535995794,3.5312678597115514,270.85636410850725,1012.5799166436076,12.647928650049922,6.722119396556391,895.8680220984415,0.9720839031451134,19.91216623088104,2,12.59753142336737,1,безопасно
2025-06-18 10:38:40,HM-A104,39.53805501278278,31.95712640099649,5.070169507926719,0.0245611659289138,4.443117838742107,275.79960006810387,1013.6906702440452,12.010403195881429,6.038865344816996,939.2155250915736,0.9964411818037476,23.743353571633367,2,12.209860952438202,1,безопасно
2025-06-18 10:38:41,HM-B210,38.57016322233428,38.2025331894489,5.777448981704789,0.0407091861992269,4.444508977789831,244.89250056430515,1012.9865871611254,16.657659007047897,7.994184035220497,899.8936799810259,1.0191123065215093,22.281263439564952,2,13.570647832501578,0,опасно
2025-06-18 10:38:42,HM-A104,38.03952607045352,36.48747113895018,6.5067151152719465,0.0502160163048586,4.980370571327319,277.4899676731002,1012.9967037826208,14.774471880876046,6.244393523658476,958.8546542174712,1.0342972882607049,20.609119995641517,0,11.04440991189074,0,опасно
2025-06-18 10:38:43,HM-B210,36.54686358931391,34.18969773779524,4.130982786139025,0.0549625153490782,4.097064761156144,237.583348017881,1013.9531746784008,16.634703313910197,7.0856217912962185,936.9680737875588,1.0098093145604012,18.28423655371994,0,12.873645648845557,0,потенциально опасно
2025-06-18 10:38:44,HM-A104,39.11895192110647,34.580286165838686,4.7098993944100265,0.0411876692184616,3.997859427346245,234.0984388796745,1013.8942330064727,13.66915761851036,7.581112477525274,871.8559917621263,0.9223152864285608,19.62693191041064,2,13.722239293276214,0,опасно
2025-06-18 10:38:45,HM-B210,39.77530255742494,32.56647207186096,6.669246970886141,0.0102815656374026,4.436637390776589,251.58077586861745,1012.7170653667396,13.638930345808784,6.402527204521785,896.5402928019823,1.028179855437868,24.223496478417147,2,11.309666976596802,1,безопасно
2025-06-18 10:38:46,HM-A104,39.10599141275113,37.52114332696975,4.027496650551449,0.0193158388259266,4.738413008761391,271.41614843209214,1012.2811582573262,14.00327500886516,6.9701053361909455,883.2171162865234,0.992786687379826,23.72582040727002,2,13.877493612193964,0,потенциально опасно
2025-06-18 10:38:47,HM-B210,35.007825525957365,35.12874742305268,4.604197308381663,0.0149863101926683,4.905160924284503,253.6710565316723,1012.6513334645562,15.53020491979084,7.214857521842301,908.5469818827228,0.9914174637570412,22.023973190538683,1,13.90303449210534,0,потенциально опасно
2025-06-18 10:38:48,HM-A104,38.18200685091704,33.20854542749844,6.877072527918898,0.0281662237784505,4.704686249268558,271.4643338765257,1012.0609665206229,14.829043170930872,6.320409508791091,927.3976129314044,1.0382010839707383,21.26425724773489,1,13.78936689546846,0,опасно
2025-06-18 10:38:49,HM-B210,35.25567690721051,35.9605011576095,5.840205539566513,0.0350675496816872,4.140010970923707,266.48434028971525,1012.0415357734208,16.62677453549559,7.557110919823077,926.0144285926164,0.9373247333498824,22.529998755310764,0,12.387638287915768,1,потенциально опасно
2025-06-18 10:38:50,HM-A104,36.28803610166861,39.95734452051323,4.78501409991252,0.012169858928928,4.452371352968096,240.47141930694667,1012.7910442725027,12.127204505662196,6.598672914378731,963.1785514844934,0.935938142774105,21.26373689490311,1,12.148910009096891,1,безопасно
2025-06-18 10:38:51,HM-B210,35.29762350173886,34.35262279656554,4.200973283187543,0.0274238987897827,4.784448990074175,277.4440812449732,1013.8820396453945,15.540979689862684,6.42204615267768,878.3757795402564,0.9769790332042444,22.51013388503398,2,13.11784320956611,0,потенциально опасно
2025-06-18 10:38:52,HM-A104,38.01897726474694,39.2069140077862,4.084574021341666,0.0189589837312661,4.235914532467609,233.03905843147015,1013.7427146824645,13.651638446832772,7.116577492874834,991.970924394617,1.01262945998023,20.151828697621102,2,11.956070653832276,0,потенциально опасно
2025-06-18 10:38:53,HM-B210,38.43294956746304,33.45016839924566,4.734235238910782,0.0423535083129437,3.825029965558089,274.91398537718976,1013.0228856678352,12.901168259092303,6.820627255285876,901.4267660323252,0.9670861062342764,23.869480525380325,0,11.20503245928617,0,безопасно
2025-06-18 10:38:54,HM-A104,35.57243819032953,30.54732706924986,6.644457458766731,0.0332136184662169,3.7545851596218096,245.2221724495187,1013.1304527623416,14.551978112600494,7.8405718892728355,895.0373270374208,0.9950837084838604,22.913425254256865,0,13.704266490086091,1,безопасно
2025-06-18 10:38:55,HM-B210,36.9191944152249,32.04242106368429,5.247740962892529,0.0347658823466954,3.500236616867085,255.00740415822,1012.0118669934922,14.52531892089998,7.760125396396308,952.7767867270328,0.967878708633408,20.30982939899384,1,12.904568179795264,1,потенциально опасно
2025-06-18 10:38:56,HM-A104,37.28118254477771,34.186951433276846,6.161000107497979,0.031384589401673,4.577356992471927,251.1175936350367,1012.4310023116676,12.685055143442142,6.966701326777766,970.8274943024594,0.9915580770730452,23.814662803764087,2,11.621463494873804,1,потенциально опасно
2025-06-18 10:38:57,HM-B210,36.84526510880458,32.196349285945686,6.754855106139873,0.0578009855243283,3.666645813268986,238.5917278458458,1012.0495482538688,13.00948028066445,6.718527549451196,906.770764722048,1.0233393453920567,21.411397715972253,0,11.055225684044853,1,безопасно
2025-06-18 10:38:58,HM-A104,35.605125002425964,30.002270382182555,5.22412138480845,0.0207367562560781,3.865758649543911,247.90734332008464,1013.5090790653908,14.040823324507777,6.65103596326253,962.0270462340966,0.9270715044136384,19.22247205316223,0,13.170547900793924,0,безопасно
2025-06-18 10:38:59,HM-B210,37.094738950937376,39.15001537747527,4.573832113112191,0.0358332129921937,3.94681449728419,239.64672181463976,1012.291291592053,14.044057061961578,6.535127246163015,982.5603934204082,1.0043067801008976,18.543987234024687,1,13.558399768293189,1,потенциально опасно
2025-06-18 10:39:00,HM-A104,38.75589023904209,38.43879411230929,5.551353792570758,0.0468008684182668,4.340569790205152,240.19432377302616,1013.7380942049537,13.587790698098424,7.0890957074249545,965.0205497810437,1.0181138609007276,22.897240233460543,0,12.216942726944982,0,потенциально опасно
2025-06-18 10:39:01,HM-B210,35.355038322666275,37.42292231486947,6.724251061179563,0.0378422206567281,4.096935915943654,239.35284180131904,1013.2866486273516,12.742725757549906,7.609957209469087,855.1294728356249,0.9670667111222674,24.055845629456076,1,11.242694632559434,0,безопасно
2025-06-18 10:39:02,HM-A104,35.40090007040952,31.678145956460288,6.413123242413102,0.05645104428584,4.512010988034743,254.4508690173297,1012.4588373530314,12.021868395504898,6.621513216407116,974.1053367049284,0.948485036560178,23.652093920161803,2,12.94586371310105,0,потенциально опасно
2025-06-18 10:39:03,HM-B210,36.773856459179925,31.20363576209986,4.197489530089461,0.0288984177820642,3.5834579889930542,269.8965683755658,1012.3154406341664,16.851175312140104,6.380188179376163,966.1721437681553,0.9020316485886604,22.589557211555064,1,11.890787156704697,0,потенциально опасно
2025-06-18 10:39:04,HM-A104,39.708628558094624,30.676047494723832,6.077718400232746,0.0331837902886589,3.6859087913966593,258.44850168806204,1013.255249401846,16.717496148519636,6.950967612366574,950.393535722978,1.019565753350114,18.98962538923337,0,11.43184017485083,1,потенциально опасно
2025-06-18 10:39:05,HM-B210,38.34286323361457,37.240291887729214,5.715692567376861,0.0144261157607364,4.2488172552999,274.6603294275421,1013.8016739605648,14.418251895880676,6.138068833595333,964.0033628631855,0.9491907988553984,18.65830853183657,1,12.531189665618705,0,опасно
2025-06-18 10:39:06,HM-A104,38.39334978336282,39.28807960687885,6.722389529039276,0.0404499555525964,4.005447181770244,261.8272244288362,1013.4367204378289,16.975258766375028,7.402558012259414,996.9138093747908,0.9535964204112076,20.41520736108208,1,12.445531174676772,1,опасно
2025-06-18 10:39:07,HM-B210,36.80959995418932,34.30535820913037,4.367444250550892,0.0244105984224053,3.94372004412704,264.46700578163023,1012.6970933032068,15.368271653911217,7.036716532603867,914.6669331727524,0.9504009244648218,23.984376232791384,2,12.55031122723208,1,безопасно
2025-06-18 10:39:08,HM-A104,37.96830395604269,31.191406719960483,5.60210833961397,0.0180154519757784,3.6005421185562843,263.3803614863502,1013.1747671905372,12.344287688037708,6.9927496159457085,860.0834852431897,0.9748108996218507,24.73215389214665,1,13.471796970677598,1,безопасно
2025-06-18 10:39:09,HM-B210,35.05065592013872,35.123928207321065,6.638388080535677,0.0372265646452254,4.843578762122002,252.47295965918707,1012.6215233907448,12.588590995413137,6.600890759100045,919.1334954441576,1.0053749359828617,19.6895259839295,0,12.453637647433055,0,потенциально опасно
2025-06-18 10:39:10,HM-A104,38.180480232047714,33.4883190745863,5.230071360225229,0.0366155131689955,4.537727879187576,264.46694111000414,1013.9982991335572,16.580554219348187,7.809346875063474,856.9650483086572,1.0157794696500766,23.33466969407204,0,13.70162173923759,0,опасно
2025-06-18 10:39:11,HM-B210,39.56643473788118,33.74824924349998,5.445984753198601,0.0137935820612023,3.682427235229474,233.48538732344807,1013.4976783769235,15.150261010748142,6.180972583699106,894.1375612132691,0.9588856080604736,22.01708451835044,2,13.525431858866495,0,безопасно
2025-06-18 10:39:12,HM-A104,38.06286734172409,36.21330624155707,4.211382033000875,0.0449107726747236,3.597568936605711,272.99257359578314,1013.2287632795136,16.215918133286756,7.739648017774063,938.0319687695138,0.9994653052567752,18.2226515695456,2,12.953347847849606,0,опасно
2025-06-18 10:39:13,HM-B210,39.368492967331726,37.18718113262202,4.8344309213467325,0.0411886095325426,4.9623088001468645,268.89060717219587,1012.8465182855316,16.49134824816922,6.753410404831845,896.4434339389235,1.0081026375406974,21.800414449530575,2,11.170555572815918,0,опасно
2025-06-18 10:39:14,HM-A104,38.61986527733047,31.10603598873161,4.973519947506842,0.0194508641373248,4.521758825659258,242.26149791158397,1013.2363045805192,14.23971005641193,7.761247031950044,952.8092868864308,0.9445375997516072,23.641582820925485,0,13.594833168388506,1,безопасно
2025-06-18 10:39:15,HM-B210,35.60279208201845,30.355902308064763,6.83536734623466,0.0334717431077021,4.126184106640612,268.4016227127041,1012.6832321249346,12.242629757883464,7.457522916664767,973.297949152858,0.914493220430564,19.932859483408187,1,13.716716088340224,0,потенциально опасно
2025-06-18 10:39:16,HM-A104,39.51226653642921,39.94330302685715,4.848002081623477,0.046016145823928,4.552596561133678,230.63213007000093,1012.057729678916,12.94140174448661,6.208341453324077,913.0658768919304,1.0341998580966694,24.281531367793228,0,12.12514140353088,1,потенциально опасно
2025-06-18 10:39:17,HM-B210,35.33221922177887,32.32728348915552,5.3826062058089565,0.0364717870270638,4.634497679720239,240.862328624044,1012.7901770447132,12.332859736512177,7.663072573018708,985.0206926939504,1.001567395767239,19.65382284812246,0,12.578455278969823,1,безопасно
2025-06-18 10:39:18,HM-A104,37.66983736273882,30.53830524908459,6.013913270692839,0.0297744538091785,4.669943303583169,233.2568619335448,1013.8609616391598,12.943699228492536,7.36435366739901,861.97583970256,0.9972165613314438,18.53531192850838,2,11.84306201191558,1,потенциально опасно
2025-06-18 10:39:19,HM-B210,35.71068561896729,31.8987532909592,4.486550117223632,0.0261169229040471,4.216815958479587,269.01134583089475,1013.2526021895476,14.052664632279384,6.064603825830697,976.0169746300676,0.9088353772817968,19.11957516607695,2,11.044149002022175,1,безопасно
2025-06-18 10:39:20,HM-A104,35.05853305365452,30.389578463484643,5.459327161425623,0.0405196933322026,4.144824137187272,267.7937075589194,1012.1679114061418,12.590984052574926,6.26740536421934,974.2859718158948,1.022680958625589,23.859020081046427,1,12.438353183957393,0,безопасно
2025-06-18 10:39:21,HM-B210,37.11017130063819,33.918108946171714,6.215617118427723,0.056955434915512,3.5165421264033503,270.6818011900915,1013.76998722679,12.833666239026716,7.2712561116713905,898.2990844490147,0.984908123412908,20.9211414332767,1,11.388076920132894,0,потенциально опасно
2025-06-18 10:39:22,HM-A104,36.47520353827078,38.02401784451324,6.600565639081198,0.0435872420238741,4.889835672712757,230.22408466627644,1012.537749698683,14.229108910358397,7.32520100576057,894.8072780686922,1.027182662597635,23.578618945351604,1,11.549974130679749,0,потенциально опасно
2025-06-18 10:39:23,HM-B210,37.430002468988015,33.412444497577205,5.87877782398728,0.0137372951818157,4.404961817583414,255.0616363339204,1012.4875389861654,13.700854751942448,7.49330286567519,895.7642471730269,1.0461841775605143,21.718631426927168,1,12.442132434866783,1,потенциально опасно
2025-06-18 10:39:24,HM-A104,37.88599943367275,34.44183406878366,6.007160545950844,0.0330342486741066,3.804730905784952,265.2418098758668,1012.5941819375606,14.338290620940205,7.440490801549964,971.7090568516616,1.0435650481320364,21.36391387356102,0,13.601115022940068,1,опасно
2025-06-18 10:39:25,HM-B210,35.21869536154474,36.75586773567439,4.378850417753707,0.0545412065755313,4.879405129132155,237.7700564369508,1013.154404472252,14.14586013879531,7.31903990933991,974.7480231415292,1.0284134019585311,23.648392060447257,1,13.533898015262848,1,потенциально опасно
2025-06-18 10:39:26,HM-A104,35.61501647561873,35.0889407006988,6.837329491739041,0.0147231212900543,4.872397852655444,262.48953637563125,1013.089376186868,15.222390129899416,7.532477803492845,899.4583688241502,0.9016421060747054,20.96441328198663,0,13.895205264290102,1,опасно
2025-06-18 10:39:27,HM-B210,37.79321198225213,38.61445686021324,4.397722232453447,0.0594437856068771,4.983776246549144,234.2055049654843,1012.9828275092458,16.685947744379273,7.150171411784745,938.8885521166692,1.0328590812355436,23.61422911746458,0,12.448041855570311,1,потенциально опасно
2025-06-18 10:39:28,HM-A104,36.715836765863294,38.66035675045757,6.324018811545395,0.057453469682271,4.811084844708468,239.06629280521565,1013.4350737270252,12.539321692221211,6.52158277104891,870.8399844160682,0.9112593470741468,18.70463515474412,1,12.656026729143386,1,опасно
2025-06-18 10:39:29,HM-B210,38.64586743774724,30.099106954911537,4.794448965334956,0.0139137240364937,4.996676581730097,253.78984074973005,1012.63307546267,12.496300746545977,7.824753227461437,920.3168107421532,1.0276790955265152,22.454175708774795,1,13.466348702930029,0,потенциально опасно
2025-06-18 10:39:30,HM-A104,38.2614582429597,37.78046306483199,6.800779431103755,0.0566706660224777,3.867029282184909,262.6782576340551,1013.5641290431448,16.26403055545451,6.036428061863956,999.8189276283308,0.9420261102917435,22.91810939586389,0,13.099020231199017,1,опасно
2025-06-18 10:39:31,HM-B210,39.228021814949535,34.60733600241674,6.159878618108438,0.0281566295129731,4.763374377798851,237.2934563476948,1012.3506433567572,14.531983523262296,6.733123439742981,873.8258721559371,0.9915102507800052,24.2936817729922,2,11.548466320707018,0,потенциально опасно
2025-06-18 10:39:32,HM-A104,38.46246413334613,39.88840541303663,6.261441138935107,0.0522354583537931,4.734542463193646,239.26116654154688,1013.565241578154,15.83202511784221,7.457740586194326,992.1343959940089,0.905710234672482,19.570267431013363,1,12.194524256269869,0,опасно
2025-06-18 10:39:33,HM-B210,37.14965538695074,34.83232075875435,4.65717751917965,0.0309191668856635,3.8464105388311007,240.2223183532832,1013.3276202105004,13.077109518036409,6.854312082299349,973.6382082947512,1.0156772544177342,22.22953916064996,2,13.78747787622947,0,потенциально опасно
2025-06-18 10:39:34,HM-A104,38.36483311197216,39.86895945388298,5.329119929905483,0.0320427556351257,3.647656323501486,241.93504023494893,1013.3664166190952,16.144312865837758,6.049668814960029,995.8321976419404,0.9167559183349456,21.03279594582456,0,11.438381429878348,1,потенциально опасно
2025-06-18 10:39:35,HM-B210,36.376905871277096,37.54569361205736,5.853439583767859,0.0417121545488771,4.969130770516399,241.32769242631457,1012.9631067942544,16.61923312096348,6.131961806232426,876.93681409158,0.9616032257513658,20.679401588808204,2,11.628069122079202,0,потенциально опасно
2025-06-18 10:39:36,HM-A104,36.53156749389106,32.486048846133066,6.3099208546198025,0.0487238709637991,3.944036827280915,249.75745542488184,1013.3340030653616,15.17741507773244,7.2972747382765775,882.0277735665046,1.0226169003487953,18.7469948864837,0,12.201980125763177,0,потенциально опасно
2025-06-18 10:39:37,HM-B210,38.944925799603965,35.38394979286958,4.3118781277371685,0.0116894575474124,4.806337685701709,262.6894825418361,1012.1595940931188,12.52939510736901,7.929729198810599,852.5300772602288,1.0043023494762504,18.939633314164595,2,13.81962239829831,1,опасно
2025-06-18 10:39:38,HM-A104,37.23209758200791,39.92135639478583,6.8870959493635855,0.0396577997763567,3.506190732011906,251.90158915672347,1013.7031022340988,16.476474070781695,7.103727271668998,958.7052719373409,0.90090640452871,23.858919230133523,2,11.34145442485204,0,опасно
2025-06-18 10:39:39,HM-B210,38.99190170259176,38.57530607751924,6.670662011663668,0.0193366497048685,3.5315372108294034,268.7986954374944,1012.1110944669751,15.962438636850356,7.013515636047538,946.6142040154278,0.9604548501813824,23.24827402627893,2,13.018827100079184,0,опасно
2025-06-18 10:39:40,HM-A104,39.112111868341394,30.97366893791221,4.811045771486753,0.0272974758931601,4.198806963044553,265.9634252974307,1012.297483019743,15.75438888257245,6.636650426112535,876.7098157487098,0.9062891275446764,20.676387912037704,0,11.396367571736198,1,потенциально опасно
2025-06-18 10:39:41,HM-B210,39.28781168830642,37.06371996809996,6.468280729096996,0.0273984333077608,3.858072025902596,236.32634570245375,1013.1535794169944,12.18364094452958,6.513381347732127,968.6717448313108,1.0010249791227703,23.799406069727414,0,12.57350310675136,1,безопасно
2025-06-18 10:39:42,HM-A104,39.58317617920604,33.45579585870813,5.55497176911947,0.0334530170110576,4.534761925153946,232.4420811660372,1013.4788229109134,15.994812626284856,6.041969963512569,894.8793259197588,1.0453422737629985,18.56536329376505,0,12.609690539720397,1,потенциально опасно
2025-06-18 10:39:43,HM-B210,37.15492610256648,30.06982261880348,5.385419444686056,0.0267068205938086,4.348346488351932,273.8970781999803,1012.1525031286924,12.689755052341784,6.545909735280942,870.2493353995952,0.998289189345114,22.37341741923218,1,11.127878319602583,0,безопасно
2025-06-18 10:39:44,HM-A104,36.594334091605695,34.034809690269995,4.943302317434216,0.0153680559225333,3.616228696175737,233.99155332814368,1013.8415296282446,13.111930880984442,6.898220881730505,913.3843997529024,0.9336558646676334,24.07723236900002,0,13.862353372314718,0,безопасно
2025-06-18 10:39:45,HM-B210,37.91099373297057,32.34754421724971,5.742905759894777,0.0172814369262725,3.743942444473576,237.41695903598568,1013.9472152976014,14.885674174346288,6.3958995660979,863.6454772640284,0.9532849548099812,23.872049617218742,1,13.419867890707554,1,безопасно
2025-06-18 10:39:46,HM-A104,36.85586211718814,38.18869270520472,6.189667353110793,0.0116718992780548,4.082073905087621,231.1066637779059,1013.2119003460156,13.324903864584416,6.174695976962859,889.486548440987,1.0464975833487702,20.60947931959302,0,11.908562604578767,0,безопасно
